"simulation","iteration","China (export)","Maaden","Mosaic","OCP","PhosAgro/EuroChem"
1,7855,0.847439,0.824585,0.813652,0.91271,0.882036
2,4305,0.82585,0.847541,0.849564,0.886064,0.860354
3,3369,0.892292,0.898026,0.853063,0.876633,0.898054
4,2722,0.851967,0.89804,0.872646,0.877079,0.886381
5,2024,0.872294,0.89362,0.884544,0.880144,0.89992
6,3093,0.850294,0.831279,0.858174,0.872613,0.879145
7,4568,0.848426,0.816516,0.84786,0.883166,0.840799
8,1170,0.869473,0.890779,0.878068,0.877524,0.884048
9,2363,0.839904,0.8408,0.850445,0.855031,0.871027
10,1998,0.888278,0.897785,0.874814,0.899995,0.886582
11,1955,0.88574,0.904417,0.870189,0.887884,0.884087
12,1664,0.872825,0.884014,0.876108,0.896241,0.884944
13,2308,0.862761,0.880531,0.856828,0.883198,0.887607
14,4189,0.850125,0.888367,0.871159,0.899007,0.910406
15,2440,0.866189,0.886159,0.889496,0.900483,0.891499
16,3657,0.830196,0.87442,0.837133,0.873414,0.867045
17,2496,0.853677,0.863227,0.86795,0.889847,0.867873
18,3265,0.855212,0.863141,0.870116,0.892731,0.835976
19,5352,0.809369,0.873723,0.859459,0.884422,0.86859
20,1990,0.8647,0.888367,0.88367,0.889548,0.8877
21,2640,0.864883,0.887617,0.87677,0.89997,0.89178
22,5386,0.832227,0.897337,0.846889,0.898583,0.883428
23,4865,0.831394,0.874798,0.875565,0.896432,0.893529
24,1628,0.873944,0.889374,0.865019,0.867581,0.883827
25,6333,0.802123,0.90144,0.879075,0.860384,0.893499
26,5128,0.838541,0.904157,0.873689,0.899984,0.88891
27,2850,0.851811,0.871453,0.86368,0.89036,0.887295
28,3725,0.85687,0.890903,0.875044,0.919222,0.897095
29,3054,0.875808,0.899794,0.854023,0.868048,0.891328
30,4429,0.836254,0.876068,0.867853,0.901205,0.882147
31,4670,0.840665,0.877785,0.855615,0.894098,0.889231
32,4217,0.800835,0.847455,0.85452,0.885073,0.859294
33,3305,0.869863,0.867738,0.886161,0.856889,0.90166
34,2262,0.857587,0.902109,0.868797,0.880698,0.882903
35,2868,0.851641,0.858428,0.858288,0.886776,0.885435
36,3451,0.864405,0.905529,0.876521,0.909766,0.897461
37,4196,0.84959,0.886126,0.860955,0.883096,0.901448
38,2898,0.883568,0.908722,0.856751,0.892557,0.888327
39,3649,0.856648,0.88548,0.864192,0.906043,0.880379
40,4209,0.842264,0.837155,0.863155,0.915003,0.87063
41,5824,0.819208,0.881054,0.879509,0.906251,0.881937
42,5327,0.806318,0.872739,0.874268,0.872535,0.870013
43,1562,0.883673,0.890083,0.866907,0.884989,0.890447
44,4606,0.833388,0.872412,0.880906,0.87954,0.899285
45,3027,0.864504,0.888264,0.879676,0.903322,0.888688
46,4082,0.829646,0.851617,0.820711,0.863135,0.866198
47,3103,0.857327,0.874145,0.864926,0.883415,0.896991
48,3520,0.845655,0.857638,0.846534,0.884324,0.880091
49,4189,0.821078,0.824359,0.806065,0.868304,0.803003
50,3346,0.864356,0.864729,0.847827,0.896294,0.874647
51,2071,0.845968,0.852463,0.860742,0.845713,0.87437
52,2521,0.847716,0.887983,0.878104,0.874762,0.873697
53,4904,0.841879,0.86908,0.880774,0.912906,0.884994
54,4918,0.868756,0.829424,0.871775,0.897465,0.877841
55,5235,0.836968,0.815506,0.853736,0.877907,0.88727
56,4170,0.869182,0.903108,0.854179,0.911455,0.880106
57,5597,0.841458,0.859177,0.868475,0.900619,0.901735
58,4356,0.837834,0.878226,0.875029,0.898214,0.844436
59,2424,0.877882,0.882551,0.849061,0.866041,0.878143
60,6592,0.808725,0.86547,0.862699,0.907394,0.877911
61,1884,0.897959,0.904713,0.87742,0.890329,0.891229
62,3596,0.843689,0.89313,0.879169,0.888719,0.890117
63,3483,0.844556,0.86022,0.86201,0.887609,0.892472
64,4919,0.82925,0.879283,0.838752,0.885441,0.901977
65,6059,0.818149,0.910274,0.863116,0.879053,0.88693
66,4856,0.819115,0.894608,0.857334,0.862899,0.851192
67,5898,0.850773,0.838559,0.846216,0.895854,0.897963
68,1895,0.872401,0.889097,0.872401,0.896749,0.890007
69,4073,0.853967,0.88435,0.864485,0.909605,0.896639
70,4060,0.844849,0.886718,0.865706,0.849773,0.890146
71,1636,0.844405,0.857697,0.867242,0.848879,0.856214
72,4762,0.851646,0.867563,0.874491,0.909597,0.895611
73,5383,0.836713,0.824302,0.862736,0.881531,0.868558
74,4240,0.846428,0.862841,0.865793,0.886207,0.889103
75,4075,0.850539,0.832663,0.871537,0.867719,0.877418
76,3282,0.879279,0.897788,0.861646,0.896354,0.90294
77,3728,0.837277,0.863415,0.859835,0.89499,0.851113
78,3512,0.876171,0.860263,0.853779,0.887118,0.895099
79,7121,0.779454,0.855437,0.819477,0.892176,0.847978
80,3794,0.831695,0.87064,0.87174,0.880625,0.880572
81,4126,0.847858,0.884978,0.856014,0.883498,0.902017
82,4742,0.841024,0.890586,0.883248,0.906776,0.896201
83,3098,0.858939,0.880514,0.883244,0.900711,0.87798
84,5647,0.810903,0.864644,0.83717,0.887921,0.869931
85,6739,0.741174,0.837103,0.804243,0.816799,0.823844
86,3770,0.855796,0.864519,0.852489,0.879674,0.89673
87,2584,0.890784,0.919973,0.875007,0.895485,0.904675
88,3057,0.882822,0.899685,0.865198,0.904354,0.90632
89,4250,0.861531,0.916153,0.905465,0.923129,0.910219
90,5680,0.822406,0.872295,0.870308,0.898662,0.859917
91,2734,0.838522,0.8307,0.852524,0.837114,0.865405
92,1289,0.89289,0.89403,0.87772,0.889281,0.895387
93,4909,0.894514,0.847634,0.848128,0.851976,0.897738
94,1835,0.87755,0.875584,0.867377,0.889928,0.884722
95,5665,0.854084,0.891601,0.810279,0.890859,0.847025
96,4324,0.868051,0.876325,0.845119,0.899093,0.900764
97,2914,0.839492,0.873408,0.848867,0.873573,0.865852
98,5290,0.836874,0.892999,0.847191,0.891152,0.883737
99,4911,0.838413,0.874448,0.867973,0.889458,0.902707
100,3245,0.861531,0.891437,0.869183,0.904497,0.887786
101,3309,0.851988,0.892606,0.862684,0.893791,0.886163
102,2304,0.846375,0.864707,0.857576,0.884159,0.86692
103,1781,0.856645,0.891494,0.876577,0.870505,0.861846
104,3195,0.835425,0.824982,0.857956,0.865134,0.851156
105,3259,0.877813,0.905855,0.864487,0.899768,0.884141
106,1777,0.856775,0.893437,0.874805,0.861899,0.86305
107,4250,0.80111,0.853586,0.828662,0.849817,0.844375
108,2942,0.869699,0.895923,0.850816,0.868089,0.897315
109,3392,0.832513,0.869716,0.853861,0.881301,0.879964
110,4573,0.850708,0.865815,0.868933,0.898157,0.89912
111,1233,0.860923,0.862451,0.856573,0.854605,0.871954
112,3900,0.850479,0.869407,0.869622,0.896026,0.897505
113,2074,0.836017,0.832217,0.838966,0.847362,0.85698
114,5130,0.890593,0.896223,0.821721,0.894534,0.890754
115,2309,0.875112,0.903586,0.882984,0.885029,0.896915
116,2667,0.825631,0.857831,0.859521,0.847789,0.856217
117,3539,0.857166,0.879519,0.857725,0.892628,0.892388
118,7396,0.817386,0.844177,0.866433,0.910014,0.826402
119,3371,0.853089,0.879615,0.848381,0.886041,0.888475
120,6192,0.833613,0.806816,0.867188,0.879564,0.835377
121,4551,0.837582,0.836359,0.890175,0.877989,0.866135
122,3078,0.8284,0.856987,0.84018,0.836295,0.806362
123,3512,0.843263,0.863221,0.86768,0.888364,0.881326
124,2459,0.866314,0.885351,0.868818,0.899408,0.889619
125,2502,0.872763,0.858969,0.862144,0.858305,0.894436
126,995,0.862903,0.878056,0.868528,0.866037,0.871815
127,4452,0.829101,0.843158,0.856158,0.880096,0.875129
128,4310,0.868952,0.87568,0.838778,0.894657,0.886929
129,1822,0.860304,0.870348,0.854361,0.854891,0.877127
130,2607,0.849279,0.866645,0.872273,0.867047,0.887174
131,1887,0.872364,0.882608,0.894361,0.901511,0.887132
132,4781,0.842504,0.857996,0.872488,0.90556,0.889781
133,1558,0.874595,0.893076,0.882162,0.896036,0.889884
134,3367,0.830339,0.876637,0.855188,0.84769,0.868898
135,4101,0.830821,0.886854,0.875362,0.875927,0.856382
136,7726,0.808678,0.8761,0.865029,0.908217,0.896941
137,5759,0.798453,0.848811,0.824164,0.849645,0.869661
138,4470,0.845424,0.837928,0.867215,0.895561,0.857193
139,3914,0.847277,0.890126,0.869549,0.887962,0.893986
140,3746,0.831121,0.810457,0.844615,0.872311,0.855573
141,7307,0.815196,0.847284,0.870841,0.884759,0.903659
142,2998,0.846467,0.812478,0.849924,0.873354,0.864605
143,5381,0.828143,0.85956,0.874717,0.885208,0.895947
144,7254,0.786781,0.897252,0.858534,0.866773,0.873102
145,7303,0.804723,0.887455,0.864523,0.904087,0.891765
146,5518,0.838028,0.838662,0.856501,0.891646,0.875812
147,2693,0.868042,0.888388,0.858726,0.891792,0.883475
148,1729,0.885482,0.903807,0.875998,0.893436,0.889244
149,2105,0.873053,0.870324,0.869124,0.895834,0.892806
150,3899,0.844193,0.893651,0.882451,0.891121,0.859674
151,3418,0.862232,0.918065,0.877111,0.90888,0.850953
152,5061,0.842379,0.85336,0.865943,0.887748,0.900016
153,2627,0.868818,0.878854,0.867106,0.89764,0.895231
154,6648,0.818502,0.832554,0.853468,0.922989,0.852265
155,3667,0.864138,0.886919,0.877141,0.911126,0.878792
156,5281,0.8449,0.869304,0.80647,0.882223,0.856251
157,4206,0.858303,0.856402,0.821914,0.85317,0.879837
158,3885,0.819437,0.840777,0.846542,0.898472,0.81681
159,5654,0.813732,0.853499,0.868689,0.881078,0.875855
160,4311,0.866686,0.903124,0.849342,0.885356,0.891535
161,2731,0.833008,0.866665,0.86632,0.877127,0.85945
162,4551,0.874709,0.815311,0.871261,0.87741,0.878905
163,5065,0.796613,0.803927,0.857139,0.848235,0.815243
164,6543,0.806913,0.874694,0.840735,0.887618,0.890643
165,3947,0.826849,0.848292,0.867441,0.87495,0.864443
166,4360,0.839136,0.894335,0.874761,0.890168,0.901998
167,2208,0.862322,0.890069,0.862171,0.884354,0.87884
168,7721,0.810375,0.809208,0.869428,0.876903,0.860116
169,7233,0.814079,0.886505,0.848905,0.906396,0.870925
170,3291,0.85169,0.895226,0.879968,0.894331,0.891043
171,3736,0.840159,0.865222,0.86248,0.894766,0.875011
172,2557,0.860978,0.875515,0.859895,0.895079,0.898631
173,7021,0.795144,0.862092,0.868229,0.894875,0.883345
174,2418,0.834343,0.860679,0.847792,0.862136,0.863159
175,4187,0.830173,0.87373,0.869984,0.859193,0.883787
176,5433,0.825396,0.883377,0.832427,0.875769,0.891233
177,5593,0.843441,0.851584,0.833676,0.899742,0.900872
178,2474,0.854859,0.869761,0.858137,0.885168,0.870997
179,1724,0.861531,0.860196,0.86468,0.869563,0.882372
180,3211,0.85086,0.869632,0.876736,0.888749,0.883076
181,2743,0.866295,0.898523,0.854197,0.880052,0.890518
182,3761,0.83315,0.873293,0.854582,0.870676,0.876171
183,2152,0.816915,0.853392,0.843385,0.838973,0.816969
184,3469,0.848077,0.887026,0.873622,0.895379,0.892222
185,3804,0.85031,0.902871,0.877548,0.885851,0.88924
186,5053,0.827135,0.854764,0.871254,0.878481,0.887419
187,3103,0.839646,0.868642,0.863176,0.885319,0.873304
188,2120,0.876306,0.89155,0.864089,0.890264,0.888148
189,4738,0.831011,0.905738,0.836026,0.899144,0.851487
190,4769,0.846206,0.84081,0.872901,0.887406,0.882536
191,3732,0.809621,0.861793,0.847861,0.847655,0.852909
192,3804,0.830744,0.856237,0.852624,0.890118,0.857778
193,6316,0.85195,0.880215,0.797449,0.891999,0.877018
194,3828,0.853333,0.877235,0.884279,0.903396,0.889899
195,2250,0.87497,0.881077,0.876037,0.909561,0.900387
196,2868,0.855695,0.893635,0.86341,0.889548,0.885316
197,5484,0.811723,0.876111,0.844373,0.874742,0.877856
198,2948,0.875559,0.891412,0.851931,0.889219,0.884194
199,4640,0.823857,0.872704,0.834381,0.885387,0.884786
200,1727,0.879933,0.886175,0.88602,0.895254,0.900722
201,5386,0.831734,0.851767,0.859723,0.885563,0.885972
202,5059,0.836456,0.878985,0.851524,0.905865,0.900425
203,2722,0.842442,0.880261,0.843875,0.875588,0.86733
204,2971,0.865955,0.928814,0.865845,0.896905,0.865708
205,3522,0.866413,0.880267,0.85522,0.894957,0.908185
206,4188,0.82625,0.882496,0.854565,0.874811,0.875086
207,2419,0.869772,0.871183,0.860733,0.897568,0.869694
208,5175,0.871077,0.868272,0.807989,0.889866,0.866197
209,2196,0.887533,0.91986,0.876796,0.886784,0.891937
210,4707,0.843374,0.898326,0.880563,0.910741,0.89392
211,2662,0.873639,0.886709,0.851585,0.862053,0.883547
212,3124,0.85588,0.872664,0.878025,0.889574,0.895561
213,4300,0.827727,0.819324,0.82659,0.867439,0.852991
214,3467,0.88575,0.896566,0.855915,0.875907,0.904824
215,1421,0.890294,0.882029,0.881019,0.893962,0.901031
216,5420,0.807372,0.867532,0.857815,0.882657,0.858938
217,2103,0.886031,0.898093,0.882597,0.908781,0.903863
218,4034,0.833409,0.846612,0.860371,0.867136,0.880869
219,3106,0.878986,0.871356,0.847657,0.886783,0.88438
220,4326,0.855337,0.884238,0.877012,0.91848,0.880808
221,6225,0.824992,0.859243,0.871902,0.887088,0.820985
222,4235,0.874232,0.879048,0.844788,0.893549,0.893835
223,1835,0.886934,0.90336,0.867706,0.890153,0.884021
224,7159,0.796172,0.864447,0.846056,0.885309,0.866394
225,4715,0.827417,0.866832,0.849855,0.885242,0.884134
226,2326,0.864623,0.886219,0.851566,0.876348,0.855274
227,3199,0.824742,0.813599,0.77037,0.822885,0.811364
228,4430,0.844816,0.868333,0.879018,0.897076,0.910228
229,4148,0.845149,0.873511,0.861862,0.890591,0.883796
230,3665,0.855017,0.835879,0.86708,0.871477,0.892221
231,5271,0.830334,0.889464,0.86269,0.894857,0.898542
232,3396,0.862043,0.898896,0.870451,0.898129,0.891254
233,3629,0.841665,0.869942,0.869111,0.892154,0.874096
234,3544,0.857366,0.879393,0.859978,0.867168,0.902819
235,3064,0.885691,0.861808,0.874301,0.909548,0.893874
236,6362,0.790057,0.825178,0.811161,0.839719,0.883601
237,5448,0.834877,0.873777,0.839913,0.906356,0.877371
238,3112,0.867444,0.880826,0.856474,0.896936,0.891221
239,5174,0.813802,0.850755,0.863442,0.879484,0.877915
240,4160,0.84334,0.869393,0.851693,0.874159,0.892985
241,3856,0.859671,0.851949,0.855426,0.88865,0.880901
242,2578,0.860268,0.862452,0.873075,0.893801,0.875833
243,4340,0.841292,0.851486,0.846952,0.910076,0.867716
244,5852,0.807953,0.852518,0.841069,0.880684,0.849612
245,2583,0.853286,0.862948,0.878571,0.871146,0.88895
246,2519,0.86932,0.903302,0.865695,0.884352,0.901437
247,2863,0.862043,0.882199,0.866686,0.893702,0.852914
248,2975,0.88294,0.859083,0.855244,0.889242,0.86663
249,7829,0.790192,0.876232,0.839907,0.87626,0.892569
250,3728,0.862855,0.889456,0.856315,0.901791,0.897624
251,3658,0.850859,0.880773,0.875864,0.896793,0.851669
252,3087,0.872017,0.858129,0.859653,0.899792,0.895024
253,6784,0.818852,0.839707,0.856041,0.88835,0.88333
254,5226,0.832231,0.843328,0.861799,0.899677,0.863752
255,3713,0.821889,0.838291,0.862259,0.8645,0.845652
256,4050,0.815701,0.854897,0.863363,0.871471,0.866194
257,1225,0.878863,0.897706,0.884176,0.88971,0.890069
258,5289,0.821102,0.881287,0.84425,0.891493,0.862058
259,2553,0.876708,0.860608,0.861074,0.889878,0.888947
260,4058,0.841808,0.867363,0.876039,0.900601,0.871205
261,3937,0.878286,0.913961,0.854975,0.902192,0.857329
262,2928,0.833059,0.846952,0.833682,0.866423,0.85736
263,3328,0.854353,0.861103,0.873062,0.898188,0.86603
264,2761,0.849119,0.856673,0.857942,0.897327,0.871666
265,2895,0.83791,0.86462,0.832974,0.866374,0.845803
266,5579,0.844334,0.845935,0.873162,0.895115,0.894889
267,4366,0.845002,0.881206,0.869519,0.890466,0.828685
268,3398,0.853937,0.870037,0.875315,0.882211,0.896613
269,6340,0.835715,0.824926,0.867207,0.893509,0.90596
270,3315,0.830133,0.859402,0.847368,0.875498,0.854951
271,3761,0.821147,0.870366,0.853392,0.873006,0.840619
272,3124,0.872585,0.906876,0.877684,0.909,0.910025
273,4131,0.821469,0.850486,0.852812,0.86959,0.878201
274,3881,0.816331,0.858699,0.807721,0.84507,0.849604
275,3009,0.885787,0.882914,0.885341,0.922491,0.893485
276,2154,0.861358,0.855984,0.843565,0.872055,0.867489
277,1072,0.818637,0.840888,0.830935,0.825108,0.822607
278,4383,0.858497,0.860414,0.84396,0.920503,0.890658
279,2939,0.867875,0.880514,0.875328,0.894355,0.899569
280,2211,0.893783,0.90337,0.868883,0.885431,0.879941
281,2778,0.8203,0.863297,0.844774,0.857025,0.853048
282,3952,0.862639,0.898197,0.861328,0.89627,0.90518
283,3597,0.812293,0.895216,0.864618,0.888135,0.881213
284,4609,0.832452,0.839536,0.850138,0.89768,0.853199
285,3759,0.865085,0.89542,0.842687,0.890452,0.88937
286,2299,0.866447,0.885126,0.860848,0.822103,0.875464
287,5692,0.852885,0.883605,0.834916,0.893773,0.901735
288,4898,0.775452,0.847562,0.826554,0.840524,0.834721
289,5904,0.851105,0.813711,0.851026,0.887658,0.855711
290,2364,0.83728,0.872203,0.864619,0.856024,0.861317
291,4029,0.853046,0.886286,0.88034,0.863169,0.901689
292,4345,0.901469,0.871421,0.860577,0.909963,0.879968
293,3537,0.81266,0.853416,0.834654,0.830693,0.861573
294,3342,0.840715,0.884678,0.877612,0.882918,0.886844
295,3114,0.856966,0.879866,0.848438,0.874391,0.885499
296,5752,0.831456,0.900686,0.871434,0.886261,0.908811
297,4431,0.799447,0.837969,0.853394,0.851144,0.858463
298,4364,0.83906,0.858454,0.89404,0.843702,0.886331
299,7255,0.881073,0.810597,0.851354,0.892732,0.878041
300,3116,0.841349,0.866283,0.877742,0.886894,0.856574
301,2668,0.888788,0.905491,0.871647,0.89921,0.871894
302,5064,0.836887,0.895368,0.851562,0.876221,0.887172
303,7184,0.802989,0.873172,0.862362,0.868827,0.90425
304,2156,0.875468,0.896023,0.867272,0.894504,0.88314
305,3728,0.838103,0.888369,0.868648,0.877214,0.89082
306,3400,0.853582,0.872779,0.849146,0.906155,0.876924
307,4762,0.851561,0.897617,0.869935,0.90187,0.914547
308,3464,0.851217,0.876673,0.87084,0.89169,0.904936
309,5815,0.800455,0.843853,0.829206,0.864193,0.87871
310,5462,0.846694,0.872475,0.871011,0.903462,0.913059
311,3599,0.867372,0.93362,0.887509,0.906691,0.894699
312,3997,0.835067,0.851254,0.845103,0.898795,0.857208
313,6279,0.797984,0.792357,0.856709,0.817799,0.857589
314,2290,0.875378,0.904288,0.855698,0.876071,0.878676
315,5315,0.805986,0.861651,0.835815,0.881382,0.851244
316,3254,0.890527,0.861329,0.855448,0.869058,0.884774
317,3682,0.843074,0.869937,0.868848,0.892107,0.872141
318,3450,0.871969,0.879565,0.857596,0.879284,0.900256
319,2607,0.871225,0.889973,0.884835,0.882867,0.907163
320,4273,0.860363,0.911778,0.861329,0.904673,0.899756
321,6429,0.809798,0.85607,0.843397,0.874308,0.889856
322,3870,0.841389,0.866242,0.843437,0.878107,0.879006
323,5019,0.853952,0.886148,0.833609,0.896423,0.871629
324,4749,0.85815,0.879603,0.831546,0.885574,0.894574
325,3181,0.879308,0.905579,0.859045,0.886695,0.898608
326,3581,0.864295,0.915131,0.873597,0.90932,0.934079
327,1295,0.842711,0.829412,0.841242,0.833215,0.843184
328,6686,0.804662,0.890847,0.848596,0.888927,0.892452
329,4861,0.836252,0.868947,0.883482,0.888354,0.896879
330,4568,0.857031,0.868598,0.868786,0.898429,0.912524
331,1821,0.856507,0.876362,0.872826,0.877829,0.88016
332,3998,0.84297,0.858942,0.861706,0.892216,0.878753
333,4853,0.832881,0.851899,0.861262,0.889483,0.881078
334,3842,0.861403,0.906418,0.866744,0.89003,0.901932
335,4331,0.836839,0.866438,0.88019,0.891243,0.881395
336,3465,0.909766,0.91882,0.8751,0.904954,0.88788
337,7080,0.816893,0.884933,0.844027,0.90026,0.902606
338,2983,0.870065,0.884908,0.860766,0.890089,0.899777
339,5307,0.806754,0.785941,0.779076,0.843887,0.822357
340,5582,0.843508,0.820685,0.825561,0.874635,0.881546
341,3428,0.838579,0.887255,0.882143,0.893085,0.882459
342,2536,0.858208,0.869348,0.857022,0.902584,0.859946
343,5084,0.810377,0.852635,0.867911,0.873482,0.86578
344,5253,0.817079,0.85126,0.861803,0.90862,0.849972
345,3348,0.842218,0.881684,0.874105,0.889572,0.876604
346,5059,0.824421,0.809877,0.855682,0.860488,0.866801
347,4736,0.874883,0.869257,0.836441,0.903818,0.894937
348,1429,0.846954,0.854928,0.86668,0.858363,0.857406
349,4686,0.822501,0.854352,0.881817,0.88744,0.875436
350,3056,0.894064,0.884135,0.856075,0.876464,0.890383
351,2953,0.876774,0.886106,0.857919,0.90215,0.890144
352,4867,0.831573,0.90014,0.8696,0.89919,0.88698
353,1322,0.872235,0.901055,0.874172,0.871293,0.876633
354,3417,0.859288,0.871222,0.871034,0.913084,0.894285
355,5487,0.78981,0.843127,0.860566,0.859803,0.837998
356,3413,0.874811,0.895819,0.856502,0.881217,0.898795
357,2247,0.843817,0.859971,0.858783,0.879002,0.856487
358,3769,0.822844,0.847008,0.85537,0.871199,0.834655
359,4053,0.82297,0.882595,0.85298,0.86539,0.86257
360,1960,0.880245,0.906375,0.874066,0.900246,0.880791
361,4524,0.848921,0.871799,0.853322,0.88508,0.896373
362,5068,0.888733,0.897718,0.837069,0.903053,0.893225
363,2749,0.881246,0.917966,0.874167,0.900446,0.906341
364,2895,0.859787,0.892808,0.860314,0.890976,0.895915
365,5862,0.768969,0.835319,0.805806,0.808328,0.844387
366,1528,0.843921,0.869482,0.83684,0.84617,0.832162
367,3340,0.886047,0.851309,0.86556,0.878443,0.890232
368,1605,0.882199,0.889081,0.880779,0.896301,0.896133
369,4765,0.829566,0.844266,0.869034,0.884112,0.831303
370,8165,0.802051,0.839945,0.872486,0.837294,0.8997
371,3245,0.852536,0.88715,0.852736,0.896074,0.884298
372,1871,0.882731,0.87401,0.859795,0.87785,0.882038
373,2969,0.846433,0.84416,0.848629,0.877356,0.87138
374,4073,0.822076,0.882185,0.869721,0.869639,0.863172
375,6797,0.803681,0.87871,0.854807,0.878102,0.885757
376,4118,0.847445,0.897924,0.864343,0.896112,0.891288
377,4524,0.829872,0.827469,0.821172,0.870609,0.867377
378,3173,0.862117,0.876196,0.861016,0.897018,0.895459
379,5209,0.816709,0.873507,0.863583,0.888758,0.877965
380,2948,0.867377,0.904504,0.875291,0.900925,0.906366
381,4158,0.823064,0.859631,0.839212,0.872905,0.855537
382,2177,0.895042,0.879768,0.891472,0.903954,0.905484
383,4413,0.875487,0.915106,0.857279,0.884692,0.921599
384,3623,0.868598,0.919868,0.874969,0.921489,0.907519
385,4451,0.838026,0.886957,0.866459,0.903653,0.874697
386,4653,0.861503,0.859572,0.888398,0.902388,0.909793
387,3871,0.82045,0.861824,0.847381,0.871366,0.865865
388,2542,0.865184,0.870893,0.889733,0.904347,0.876574
389,4401,0.859392,0.919268,0.860126,0.916195,0.897107
390,3860,0.839575,0.874433,0.851269,0.883929,0.882999
391,1959,0.891542,0.908483,0.881208,0.910386,0.896632
392,1529,0.876508,0.883246,0.871881,0.893569,0.88461
393,4630,0.875031,0.834257,0.853693,0.887382,0.887354
394,2831,0.823764,0.833104,0.800511,0.77894,0.795854
395,3709,0.847962,0.882448,0.862481,0.894031,0.893079
396,4164,0.803243,0.839561,0.813251,0.863688,0.8382
397,1205,0.852396,0.86712,0.867697,0.868957,0.867172
398,3175,0.865459,0.88172,0.878402,0.899802,0.90524
399,3288,0.858205,0.90406,0.878532,0.893949,0.893818
400,3996,0.834443,0.872611,0.865901,0.886703,0.856855
401,4701,0.858986,0.866142,0.84103,0.884922,0.895856
402,4140,0.865201,0.901662,0.852466,0.892468,0.899422
403,3095,0.868691,0.888084,0.875415,0.896944,0.91703
404,3483,0.86834,0.887892,0.882434,0.911523,0.904996
405,2275,0.884618,0.917728,0.880717,0.891868,0.909187
406,2935,0.878696,0.90846,0.863225,0.876008,0.889559
407,4899,0.837472,0.897791,0.870294,0.883186,0.898661
408,5493,0.807666,0.851671,0.837045,0.882124,0.846659
409,3858,0.894313,0.916747,0.843125,0.897017,0.897459
410,1908,0.892178,0.893523,0.878116,0.897072,0.906967
411,4501,0.838147,0.886882,0.869362,0.893337,0.890082
412,3484,0.85204,0.872347,0.855187,0.894188,0.8855
413,2711,0.859039,0.868458,0.848203,0.894159,0.868826
414,2660,0.858265,0.872064,0.881514,0.906518,0.874953
415,6044,0.875469,0.845376,0.85899,0.89461,0.906526
416,1210,0.872775,0.879594,0.871446,0.87469,0.858522
417,5729,0.896164,0.832137,0.879474,0.902941,0.895815
418,1732,0.880608,0.884714,0.865817,0.888955,0.890668
419,1749,0.84857,0.867002,0.845493,0.867207,0.848775
420,4183,0.804984,0.866778,0.848976,0.858012,0.836395
421,1844,0.804943,0.811911,0.821634,0.797596,0.794166
422,2055,0.876068,0.886785,0.878539,0.894521,0.898791
423,2452,0.86996,0.858116,0.870412,0.87326,0.898012
424,3421,0.854889,0.884541,0.860734,0.887804,0.89697
425,5794,0.822767,0.898039,0.839438,0.886648,0.87768
426,4113,0.83402,0.853598,0.854016,0.896291,0.878495
427,4349,0.829928,0.89118,0.868269,0.867226,0.876036
428,2689,0.790293,0.836419,0.82019,0.802997,0.806192
429,3108,0.851744,0.893463,0.882777,0.885455,0.887232
430,4092,0.828098,0.853946,0.856665,0.829558,0.866002
431,4524,0.841858,0.89037,0.864295,0.890092,0.900311
432,4240,0.842856,0.860878,0.877376,0.887698,0.896074
433,2501,0.844466,0.878175,0.857649,0.883619,0.872562
434,3097,0.870541,0.904112,0.881192,0.908346,0.899933
435,6094,0.855621,0.863098,0.863048,0.917859,0.907657
436,2520,0.865854,0.888176,0.852689,0.870107,0.874468
437,4126,0.869993,0.873395,0.855409,0.902128,0.909882
438,2834,0.877754,0.909376,0.860431,0.894844,0.894524
439,3966,0.836614,0.900678,0.848435,0.852033,0.881559
440,3658,0.847422,0.873017,0.852197,0.884523,0.885723
441,1423,0.797982,0.822631,0.799195,0.802189,0.805854
442,3760,0.868239,0.900676,0.856985,0.895187,0.889146
443,3733,0.863905,0.892795,0.848489,0.891471,0.892854
444,3409,0.853207,0.887012,0.877439,0.881797,0.850768
445,3369,0.850093,0.864906,0.862408,0.884771,0.892436
446,6605,0.811777,0.838806,0.857549,0.882719,0.877194
447,5370,0.835091,0.892203,0.865533,0.884526,0.90777
448,4391,0.889715,0.89608,0.828263,0.889166,0.897973
449,3272,0.850216,0.882388,0.854862,0.873663,0.892166
450,6683,0.814222,0.866718,0.8445,0.888379,0.896227
451,2593,0.851267,0.870883,0.853166,0.870526,0.889904
452,2919,0.855705,0.882353,0.871002,0.882621,0.899259
453,4751,0.834943,0.862921,0.855025,0.864455,0.902971
454,2975,0.866267,0.87218,0.86845,0.879666,0.826351
455,2132,0.877712,0.882628,0.870576,0.886592,0.856648
456,3352,0.853534,0.850759,0.875139,0.888419,0.887382
457,2953,0.851123,0.885317,0.866887,0.880012,0.884669
458,3653,0.843633,0.880158,0.865632,0.878832,0.899986
459,2698,0.856667,0.882306,0.873581,0.895267,0.885695
460,3484,0.835793,0.868004,0.868306,0.892806,0.877469
461,1863,0.839252,0.865754,0.847732,0.851706,0.868161
462,3541,0.857392,0.848062,0.854726,0.880126,0.886406
463,3115,0.878893,0.89308,0.854421,0.867874,0.892844
464,3394,0.869486,0.902994,0.887486,0.920329,0.900695
465,3770,0.848096,0.883932,0.877257,0.896679,0.899032
466,1899,0.869627,0.880692,0.865173,0.893997,0.883845
467,5253,0.845534,0.860599,0.815065,0.882674,0.878321
468,3603,0.834918,0.851303,0.848778,0.858906,0.8919
469,2540,0.880404,0.875047,0.856084,0.891657,0.882297
470,4544,0.866412,0.831271,0.878508,0.874637,0.888286
471,2596,0.858011,0.88704,0.851595,0.86208,0.878981
472,4585,0.846974,0.903558,0.864003,0.891344,0.888126
473,4144,0.831249,0.844998,0.859728,0.890405,0.862244
474,3231,0.866354,0.9032,0.881882,0.901569,0.907411
475,3023,0.875912,0.876456,0.857353,0.904267,0.90277
476,3016,0.839241,0.858208,0.87029,0.87269,0.881202
477,3202,0.881441,0.914834,0.867346,0.904512,0.89171
478,2060,0.86456,0.889811,0.859382,0.874582,0.848886
479,4181,0.83343,0.86355,0.876063,0.890924,0.865926
480,4401,0.871453,0.838843,0.850789,0.895374,0.874377
481,3969,0.846016,0.853307,0.851436,0.88899,0.887614
482,3391,0.834038,0.873059,0.867052,0.850837,0.874485
483,6267,0.801907,0.872873,0.856886,0.859636,0.882203
484,3241,0.870046,0.875847,0.868323,0.904566,0.905859
485,3876,0.854006,0.907144,0.877111,0.900379,0.890232
486,2182,0.856343,0.885152,0.879812,0.889841,0.87119
487,3050,0.864306,0.935445,0.870208,0.895378,0.893618
488,4277,0.838644,0.889251,0.878688,0.89161,0.890255
489,3043,0.854086,0.860826,0.849751,0.886411,0.876814
490,9830,0.845396,0.786549,0.814175,0.881344,0.890288
491,6931,0.814827,0.806118,0.897309,0.83445,0.846313
492,2096,0.869408,0.892803,0.875415,0.883187,0.899942
493,1321,0.879182,0.875642,0.871435,0.88542,0.890004
494,6922,0.820088,0.871944,0.872608,0.911232,0.897131
495,3590,0.840283,0.885284,0.869323,0.864448,0.883397
496,3103,0.907513,0.894118,0.876593,0.904198,0.915799
497,3502,0.828316,0.85908,0.858551,0.866638,0.875836
498,4288,0.817552,0.867576,0.855828,0.874885,0.863435
499,3082,0.842324,0.879956,0.877466,0.879426,0.882471
500,3397,0.84961,0.859095,0.860997,0.886638,0.884441
501,3754,0.844541,0.891938,0.850864,0.875016,0.888803
502,2251,0.887207,0.920072,0.889544,0.901589,0.914932
503,3262,0.852329,0.889592,0.857885,0.898355,0.873117
504,1827,0.888286,0.88872,0.864142,0.888042,0.889073
505,8417,0.816075,0.790362,0.825067,0.894427,0.877705
506,2941,0.863783,0.900248,0.868662,0.905043,0.87904
507,6433,0.847638,0.84355,0.817363,0.891674,0.892181
508,2232,0.892124,0.894012,0.865215,0.894198,0.881594
509,3256,0.8325,0.858988,0.824663,0.858496,0.863931
510,3861,0.849569,0.883837,0.858945,0.894125,0.883505
511,3348,0.857957,0.891446,0.856456,0.896643,0.881107
512,2516,0.901167,0.895515,0.871991,0.877669,0.882353
513,3475,0.860058,0.88606,0.875818,0.905824,0.892528
514,3282,0.842814,0.855315,0.862143,0.870181,0.822813
515,5781,0.843745,0.885878,0.819132,0.880691,0.884526
516,5000,0.82331,0.849867,0.860977,0.876843,0.889548
517,5751,0.829714,0.859339,0.868948,0.88502,0.895053
518,3087,0.883532,0.883532,0.86821,0.895625,0.908438
519,6233,0.838664,0.839812,0.887056,0.897166,0.884116
520,9770,0.779907,0.846807,0.830742,0.826582,0.905732
521,3491,0.849472,0.89173,0.852386,0.890768,0.878395
522,3246,0.865943,0.90091,0.860685,0.890183,0.874934
523,5539,0.813461,0.849545,0.865154,0.878932,0.87597
524,5262,0.82132,0.877953,0.85795,0.883825,0.832871
525,5516,0.815096,0.803314,0.858188,0.867414,0.850925
526,3585,0.889772,0.903888,0.858327,0.898322,0.873533
527,3458,0.866679,0.901723,0.866626,0.898597,0.900252
528,5259,0.810134,0.875551,0.87085,0.879905,0.870315
529,3611,0.827273,0.839916,0.839189,0.895748,0.853846
530,2119,0.843024,0.87721,0.861898,0.880691,0.863068
531,2429,0.874281,0.901493,0.868194,0.881271,0.884444
532,3580,0.849682,0.862555,0.867998,0.898297,0.892043
533,4477,0.816385,0.872511,0.860684,0.852952,0.847999
534,4284,0.815595,0.844386,0.809809,0.843853,0.858319
535,2443,0.869983,0.895601,0.870948,0.89345,0.891422
536,4476,0.850173,0.878984,0.851009,0.884782,0.895516
537,1089,0.875024,0.893605,0.880794,0.879401,0.886368
538,8006,0.815469,0.900052,0.83329,0.912307,0.908283
539,6259,0.814193,0.844064,0.854449,0.910939,0.861215
540,3155,0.835856,0.823094,0.839126,0.869159,0.795697
541,4429,0.848444,0.883812,0.842147,0.86456,0.89351
542,6256,0.813681,0.830269,0.847743,0.865546,0.89187
543,3977,0.815959,0.869611,0.861521,0.872879,0.849136
544,2803,0.830185,0.866122,0.860813,0.863054,0.845072
545,3338,0.851768,0.876644,0.841893,0.878066,0.883594
546,5941,0.824365,0.82636,0.872702,0.880493,0.902221
547,5162,0.863997,0.921654,0.856139,0.912325,0.895352
548,3122,0.84566,0.86952,0.871529,0.871714,0.828485
549,5407,0.828918,0.857104,0.881879,0.898851,0.888455
550,8089,0.761623,0.836692,0.859989,0.865529,0.841872
551,1678,0.894819,0.903387,0.878935,0.896682,0.89003
552,3916,0.836566,0.875626,0.849692,0.910205,0.858864
553,4380,0.845183,0.861607,0.873833,0.893431,0.887291
554,6879,0.813499,0.840012,0.834693,0.900149,0.873526
555,5100,0.830965,0.845708,0.865077,0.895554,0.866399
556,2468,0.888119,0.900158,0.891677,0.90813,0.918698
557,3897,0.891034,0.92857,0.858134,0.901538,0.867512
558,5278,0.863196,0.876572,0.815696,0.884845,0.869716
559,4692,0.872709,0.902195,0.82947,0.892906,0.875415
560,2610,0.849382,0.857865,0.867135,0.867219,0.830365
561,2381,0.873987,0.889122,0.855512,0.876141,0.863268
562,4076,0.84142,0.873942,0.852041,0.872757,0.898954
563,5480,0.824119,0.879487,0.868288,0.885703,0.903311
564,1545,0.861449,0.88277,0.879849,0.876464,0.881296
565,5992,0.81067,0.89592,0.855757,0.883713,0.897245
566,3029,0.852916,0.895994,0.882747,0.889078,0.870376
567,5233,0.82149,0.885739,0.848996,0.872673,0.89746
568,3780,0.900743,0.934761,0.868691,0.900945,0.912435
569,2730,0.822005,0.860226,0.853376,0.860618,0.852677
570,3236,0.812346,0.85499,0.835803,0.822266,0.804561
571,4577,0.826256,0.88087,0.852279,0.868825,0.878885
572,5597,0.789696,0.82932,0.818869,0.851272,0.858651
573,6351,0.79913,0.782998,0.757735,0.837674,0.834706
574,3397,0.906336,0.886611,0.870991,0.875178,0.903733
575,2626,0.85505,0.871306,0.855587,0.872266,0.884712
576,5307,0.812219,0.831662,0.850542,0.879503,0.861211
577,4413,0.858552,0.869464,0.844021,0.905335,0.900483
578,3773,0.851932,0.863907,0.826683,0.882864,0.85894
579,3550,0.855169,0.863005,0.881001,0.892885,0.898135
580,1676,0.839547,0.831403,0.843235,0.864622,0.834051
581,4278,0.819283,0.834508,0.854138,0.878421,0.822669
582,3180,0.860805,0.856198,0.860912,0.891392,0.884696
583,4711,0.827974,0.876591,0.842036,0.889666,0.857779
584,3434,0.832397,0.858512,0.862425,0.87695,0.866264
585,4755,0.848901,0.854119,0.824542,0.898014,0.855083
586,6930,0.82437,0.810626,0.851598,0.87297,0.899729
587,2570,0.87096,0.891208,0.86724,0.899784,0.895752
588,2086,0.876566,0.890162,0.865161,0.890752,0.884881
589,2030,0.876858,0.889804,0.865944,0.897007,0.880108
590,3417,0.849571,0.883781,0.873118,0.896378,0.88595
591,3912,0.816349,0.866034,0.861063,0.847799,0.855864
592,4311,0.807061,0.84002,0.854672,0.858404,0.860245
593,7006,0.796037,0.862774,0.867183,0.879675,0.899567
594,3662,0.833976,0.84018,0.823865,0.881811,0.817925
595,4323,0.846615,0.89822,0.883771,0.893165,0.901154
596,6476,0.827086,0.848402,0.81403,0.884431,0.869743
597,4849,0.825239,0.847356,0.857258,0.893798,0.880048
598,4828,0.860507,0.904666,0.828262,0.885379,0.886122
599,1949,0.884651,0.87475,0.875894,0.910433,0.889258
600,4186,0.862391,0.906235,0.847155,0.904047,0.884786
601,3746,0.887804,0.894345,0.852113,0.898565,0.848797
602,3269,0.876331,0.903653,0.854744,0.894124,0.901329
603,2957,0.8476,0.863617,0.873134,0.877399,0.88676
604,4318,0.792193,0.815399,0.812091,0.805581,0.84677
605,1434,0.865711,0.862812,0.860744,0.857586,0.842655
606,2189,0.885487,0.889519,0.85831,0.875165,0.876697
607,1777,0.857757,0.880517,0.87002,0.882638,0.876356
608,3488,0.861048,0.899217,0.841197,0.87954,0.891791
609,2967,0.847725,0.886011,0.866211,0.8934,0.863161
610,4179,0.884075,0.906877,0.849652,0.900225,0.889018
611,2974,0.85006,0.882936,0.875171,0.889835,0.887964
612,2247,0.880872,0.890205,0.859499,0.890825,0.882479
613,1202,0.872679,0.870657,0.867935,0.875697,0.885023
614,7076,0.80159,0.863351,0.856605,0.885263,0.888558
615,2615,0.86822,0.887563,0.850028,0.895452,0.879141
616,6318,0.811287,0.873818,0.823585,0.901133,0.856769
617,2672,0.884655,0.907573,0.864876,0.903092,0.885809
618,3542,0.853414,0.890709,0.844905,0.868643,0.886354
619,3691,0.870996,0.91804,0.874453,0.904917,0.903685
620,4015,0.86389,0.892107,0.858454,0.886268,0.914572
621,1544,0.886157,0.880573,0.873166,0.896499,0.886043
622,3919,0.860687,0.89804,0.873065,0.901334,0.908909
623,4753,0.841549,0.851781,0.831901,0.898157,0.870965
624,3290,0.841232,0.881512,0.882231,0.881844,0.854843
625,4919,0.820219,0.827732,0.799723,0.816476,0.873017
626,4713,0.842122,0.892612,0.883561,0.895554,0.900167
627,3226,0.871519,0.88227,0.861561,0.909354,0.882654
628,1780,0.887389,0.89381,0.866043,0.883308,0.888588
629,1545,0.877827,0.92681,0.86832,0.880353,0.890229
630,5601,0.818412,0.824595,0.863042,0.882911,0.847879
631,1331,0.873592,0.872383,0.860276,0.88218,0.860223
632,1418,0.871016,0.889739,0.881951,0.887472,0.885392
633,2101,0.857413,0.890927,0.862943,0.873614,0.884091
634,7327,0.81397,0.845736,0.80948,0.911488,0.850121
635,5461,0.873113,0.894063,0.829227,0.898501,0.888903
636,3158,0.864943,0.878626,0.877504,0.898303,0.907663
637,7676,0.81114,0.850358,0.866814,0.878194,0.902315
638,4043,0.835467,0.885809,0.850888,0.886597,0.885021
639,5423,0.805738,0.857647,0.840742,0.891484,0.855736
640,3267,0.844171,0.876737,0.87715,0.893032,0.869635
641,4085,0.857652,0.890677,0.843176,0.879532,0.880736
642,3373,0.853567,0.868815,0.860759,0.895972,0.897382
643,4193,0.801335,0.844521,0.839884,0.836979,0.78681
644,5710,0.789442,0.829657,0.866779,0.872565,0.837305
645,5599,0.827152,0.879852,0.861874,0.888927,0.89561
646,6062,0.786486,0.864184,0.85222,0.874743,0.849006
647,4451,0.831115,0.875832,0.872456,0.86138,0.884382
648,4745,0.84408,0.902474,0.868924,0.907078,0.889641
649,1665,0.858593,0.881784,0.862484,0.856253,0.871976
650,3814,0.848838,0.899786,0.871963,0.886702,0.895567
651,4169,0.878034,0.898805,0.838032,0.865129,0.887719
652,3425,0.896966,0.877561,0.854169,0.898931,0.895803
653,5418,0.818839,0.88566,0.883233,0.890049,0.898909
654,5035,0.846785,0.861872,0.88215,0.911922,0.892263
655,4004,0.855526,0.885892,0.840196,0.890895,0.88212
656,4676,0.889177,0.909176,0.834054,0.890912,0.883502
657,2012,0.852317,0.854448,0.85681,0.885206,0.863491
658,4546,0.844249,0.895938,0.868494,0.86341,0.900066
659,8138,0.779824,0.848794,0.841294,0.857948,0.886498
660,1773,0.881274,0.912287,0.88026,0.897273,0.89871
661,2624,0.810863,0.834908,0.856322,0.856238,0.837822
662,2169,0.885932,0.879889,0.8698,0.867076,0.85735
663,4409,0.828137,0.838921,0.828711,0.80682,0.861811
664,745,0.874169,0.886182,0.874531,0.873474,0.870499
665,5960,0.850824,0.893097,0.849053,0.907295,0.891325
666,6031,0.801788,0.856708,0.853366,0.815076,0.873094
667,6721,0.80349,0.84865,0.855425,0.890066,0.874644
668,2331,0.861367,0.870117,0.88061,0.880333,0.894703
669,2036,0.855295,0.881615,0.855239,0.869942,0.874404
670,731,0.877301,0.881441,0.873387,0.882047,0.875104
671,2790,0.88207,0.898082,0.847569,0.88279,0.87968
672,6400,0.848545,0.869663,0.823311,0.882605,0.902098
673,4144,0.818937,0.862138,0.875016,0.858983,0.869834
674,4109,0.842217,0.867535,0.868475,0.899092,0.880011
675,2836,0.894745,0.896607,0.865826,0.902144,0.901213
676,3303,0.850089,0.862827,0.863938,0.893497,0.848125
677,1728,0.860944,0.846343,0.85942,0.869715,0.87509
678,3854,0.806777,0.848055,0.842006,0.852544,0.860072
679,4108,0.831346,0.870291,0.857283,0.895275,0.868334
680,4260,0.851643,0.889989,0.865686,0.909137,0.894078
681,5024,0.870954,0.846829,0.887484,0.900178,0.906563
682,9830,0.798727,0.819801,0.85358,0.881925,0.90931
683,1547,0.873883,0.875198,0.859744,0.876364,0.885421
684,3618,0.903389,0.892757,0.854645,0.892173,0.892757
685,4446,0.849208,0.901296,0.85901,0.893381,0.899517
686,2391,0.853964,0.879793,0.869345,0.86131,0.887271
687,1587,0.871898,0.892227,0.876914,0.89772,0.891457
688,5608,0.814435,0.885221,0.878209,0.900872,0.880742
689,4526,0.858492,0.92235,0.869785,0.913881,0.890396
690,2123,0.877035,0.888828,0.865735,0.890962,0.892713
691,2515,0.864649,0.906468,0.892778,0.899429,0.894496
692,6738,0.819002,0.875518,0.872258,0.904363,0.901155
693,7247,0.845741,0.817067,0.876381,0.877071,0.895656
694,2975,0.871837,0.902391,0.893359,0.906372,0.908139
695,1782,0.863835,0.874915,0.856818,0.87179,0.87946
696,2273,0.892104,0.875647,0.868626,0.888494,0.885197
697,5206,0.89154,0.853932,0.850871,0.873601,0.897889
698,5417,0.827418,0.888785,0.85127,0.881953,0.895738
699,2649,0.865833,0.858616,0.887121,0.878121,0.886647
700,2747,0.85528,0.884414,0.878542,0.89176,0.877018
701,5493,0.843047,0.880285,0.866064,0.914235,0.903302
702,3397,0.865303,0.873173,0.844013,0.889141,0.881857
703,3717,0.869263,0.867744,0.845883,0.891668,0.897141
704,4676,0.84096,0.881963,0.861381,0.893113,0.893785
705,3670,0.837877,0.881292,0.852292,0.879953,0.880381
706,4416,0.830816,0.862884,0.867953,0.886521,0.874858
707,3710,0.833782,0.854256,0.85383,0.87449,0.871878
708,3896,0.835429,0.869393,0.859929,0.875292,0.879685
709,3013,0.856476,0.863547,0.883727,0.898096,0.860541
710,4217,0.841296,0.870337,0.850743,0.893392,0.893607
711,4022,0.845997,0.874331,0.849383,0.893901,0.836069
712,4526,0.836469,0.840721,0.85144,0.89322,0.849683
713,6190,0.833053,0.904321,0.870382,0.911931,0.889565
714,4677,0.830809,0.896621,0.886235,0.887451,0.885069
715,4108,0.832104,0.825222,0.831481,0.872124,0.866852
716,4087,0.866321,0.907483,0.8266,0.882277,0.878295
717,1008,0.877227,0.875429,0.86979,0.884773,0.880114
718,3144,0.849536,0.835886,0.867304,0.879685,0.875652
719,3581,0.825526,0.849056,0.855709,0.844783,0.8774
720,5032,0.822217,0.850073,0.869533,0.883187,0.891818
721,3946,0.796313,0.845706,0.84454,0.839561,0.825578
722,4363,0.848332,0.886849,0.850951,0.906893,0.877281
723,2268,0.863092,0.89315,0.87136,0.882781,0.891187
724,1315,0.878105,0.902228,0.878212,0.8899,0.88459
725,2649,0.871148,0.901598,0.878677,0.897176,0.900646
726,4399,0.841689,0.894711,0.870549,0.855943,0.886747
727,5403,0.837325,0.889337,0.859902,0.880339,0.899926
728,1506,0.866183,0.886851,0.876178,0.877533,0.88723
729,5334,0.822342,0.882094,0.855961,0.902759,0.846876
730,2805,0.867783,0.874667,0.843778,0.880839,0.870348
731,5075,0.829777,0.848205,0.866915,0.879063,0.874019
732,8561,0.772726,0.840075,0.854009,0.879585,0.878992
733,4337,0.843719,0.812348,0.848931,0.871132,0.844446
734,2793,0.857304,0.884785,0.869877,0.895277,0.894743
735,3909,0.848379,0.891786,0.869832,0.897281,0.876939
736,3402,0.872155,0.901023,0.852538,0.88241,0.880864
737,1692,0.85184,0.873434,0.84812,0.853938,0.858945
738,6221,0.874704,0.883641,0.804368,0.885034,0.890291
739,1644,0.872063,0.878428,0.881865,0.892533,0.878122
740,1556,0.872815,0.866473,0.867259,0.884477,0.882512
741,5987,0.8615,0.899429,0.838358,0.90878,0.883369
742,3317,0.873066,0.885828,0.853908,0.89167,0.8992
743,2649,0.828651,0.858827,0.8654,0.862432,0.862072
744,5448,0.810549,0.841389,0.787823,0.833593,0.858513
745,8970,0.76373,0.846692,0.841411,0.876506,0.867062
746,2079,0.888444,0.866002,0.888822,0.901919,0.88522
747,2137,0.872183,0.879126,0.859897,0.890001,0.862365
748,1939,0.877902,0.862653,0.879861,0.854976,0.861012
749,2867,0.86739,0.894883,0.882652,0.874488,0.905908
750,3612,0.852897,0.893962,0.865217,0.900176,0.886235
751,3137,0.867742,0.876114,0.885081,0.890698,0.910819
752,5874,0.847781,0.851835,0.847936,0.89741,0.905363
753,5866,0.831908,0.806287,0.838443,0.87047,0.860371
754,5673,0.874222,0.902864,0.814992,0.879759,0.890996
755,3151,0.853426,0.862734,0.845527,0.888502,0.862927
756,4689,0.841671,0.849473,0.875685,0.899902,0.882654
757,1940,0.858566,0.874798,0.8564,0.88508,0.876993
758,4607,0.785706,0.819175,0.809558,0.860023,0.809529
759,2770,0.840116,0.882472,0.838236,0.866187,0.867432
760,2910,0.852354,0.88094,0.867671,0.884391,0.839281
761,2323,0.858299,0.88409,0.869909,0.891451,0.877432
762,3514,0.833722,0.864318,0.873273,0.868636,0.846726
763,7436,0.804006,0.860358,0.860033,0.889874,0.904844
764,6416,0.855176,0.826801,0.874638,0.895039,0.897992
765,6677,0.791282,0.882751,0.861337,0.87962,0.868308
766,5041,0.838398,0.876203,0.894546,0.910467,0.897058
767,2772,0.874445,0.878508,0.862018,0.905072,0.890962
768,3227,0.856757,0.855042,0.869575,0.873238,0.909049
769,7745,0.846388,0.825404,0.836442,0.881429,0.88351
770,4157,0.833249,0.861544,0.861304,0.889706,0.883448
771,3373,0.825822,0.863036,0.868308,0.846631,0.818671
772,2599,0.864736,0.901373,0.866359,0.881406,0.888697
773,3967,0.857688,0.886229,0.887978,0.908072,0.900685
774,4654,0.836256,0.8833,0.86748,0.88317,0.891757
775,3818,0.838052,0.887053,0.863672,0.886025,0.867178
776,2674,0.86651,0.881126,0.867861,0.893203,0.896553
777,5132,0.829676,0.855589,0.836929,0.877955,0.901379
778,2393,0.851742,0.860847,0.872188,0.865133,0.825014
779,4742,0.839039,0.891823,0.869161,0.890206,0.908756
780,5461,0.86373,0.833942,0.886627,0.873909,0.890834
781,4275,0.855868,0.881213,0.850404,0.90086,0.897838
782,3377,0.858334,0.878244,0.857933,0.851466,0.829017
783,1695,0.891297,0.906259,0.885078,0.900584,0.911555
784,2906,0.816887,0.855631,0.835808,0.851256,0.831652
785,2875,0.842289,0.858672,0.860164,0.87798,0.880821
786,4030,0.848567,0.883752,0.870034,0.890687,0.89968
787,2433,0.876284,0.858277,0.868944,0.893722,0.895258
788,5741,0.820216,0.864734,0.865744,0.921883,0.890333
789,3260,0.857286,0.902628,0.86804,0.89759,0.896883
790,2860,0.842986,0.865228,0.866442,0.864225,0.882721
791,859,0.867075,0.877256,0.864939,0.878167,0.873376
792,4133,0.872013,0.903375,0.842643,0.875393,0.89803
793,2623,0.858672,0.887333,0.854833,0.888576,0.883574
794,4990,0.842894,0.885352,0.883397,0.910493,0.912675
795,1571,0.874957,0.878857,0.868792,0.888289,0.887498
796,6834,0.859015,0.887951,0.82641,0.916749,0.891785
797,1367,0.890098,0.888749,0.869977,0.882721,0.882865
798,5083,0.827739,0.889725,0.850845,0.874464,0.892205
799,1615,0.872752,0.894358,0.876241,0.901551,0.870337
800,3741,0.857058,0.851947,0.872393,0.872059,0.895998
801,3080,0.897559,0.915342,0.868807,0.889359,0.89905
802,4319,0.843549,0.856658,0.874127,0.884614,0.900207
803,3055,0.870402,0.895152,0.859134,0.896458,0.894584
804,3267,0.89025,0.91759,0.854695,0.899335,0.896868
805,2407,0.859894,0.894941,0.866439,0.877604,0.877124
806,3830,0.846714,0.891889,0.87069,0.871817,0.904839
807,5134,0.823931,0.876347,0.871811,0.892306,0.89636
808,3408,0.854839,0.854168,0.876334,0.906463,0.871084
809,3221,0.823545,0.849944,0.846871,0.833618,0.874446
810,2116,0.877574,0.881044,0.858331,0.875554,0.887416
811,1148,0.850622,0.870915,0.853257,0.857,0.860716
812,6029,0.8694,0.907053,0.822969,0.901907,0.901421
813,4763,0.827146,0.86219,0.878362,0.882913,0.880187
814,2161,0.872249,0.890985,0.869109,0.884051,0.89177
815,3502,0.826016,0.877377,0.873362,0.876717,0.873763
816,5244,0.826692,0.858087,0.880668,0.892308,0.878905
817,2984,0.867428,0.853241,0.870225,0.890737,0.881968
818,3253,0.84709,0.84528,0.854779,0.887651,0.878931
819,3860,0.859808,0.890841,0.898681,0.90844,0.873162
820,4679,0.840051,0.82975,0.852121,0.886245,0.880408
821,3368,0.854694,0.896182,0.872398,0.891818,0.883996
822,6106,0.819593,0.858513,0.85491,0.908889,0.882807
823,1997,0.863333,0.87426,0.859681,0.879407,0.890879
824,4466,0.851386,0.89042,0.862311,0.923195,0.888636
825,4682,0.83846,0.865221,0.829171,0.880378,0.865405
826,6868,0.822555,0.894082,0.8208,0.886923,0.894109
827,3828,0.834668,0.856555,0.838025,0.909606,0.856865
828,3923,0.852206,0.833199,0.865231,0.849379,0.87712
829,4094,0.871529,0.913382,0.8882,0.909566,0.914411
830,4015,0.855469,0.891601,0.840563,0.905428,0.857022
831,1098,0.863665,0.870373,0.86686,0.866688,0.881312
832,2605,0.835002,0.891383,0.841918,0.826767,0.848969
833,2637,0.862505,0.900829,0.887386,0.90129,0.888823
834,2756,0.864666,0.878401,0.852636,0.906567,0.870362
835,4884,0.835056,0.880276,0.86006,0.899757,0.870725
836,3003,0.827151,0.821128,0.833529,0.857485,0.851844
837,4842,0.847586,0.875761,0.887528,0.906193,0.8944
838,7093,0.822519,0.848067,0.808081,0.889719,0.87965
839,4996,0.828866,0.878864,0.857337,0.898614,0.860559
840,4819,0.803007,0.862419,0.848193,0.866419,0.850851
841,5076,0.816874,0.856159,0.838315,0.900881,0.849356
842,3185,0.835641,0.875349,0.864731,0.879399,0.877593
843,1620,0.841091,0.853988,0.869071,0.864172,0.842614
844,3596,0.849292,0.893845,0.857335,0.888163,0.886077
845,2499,0.883445,0.918912,0.869781,0.890794,0.886929
846,3401,0.85657,0.862004,0.847764,0.891626,0.880396
847,4328,0.837099,0.877041,0.864241,0.855343,0.886934
848,3855,0.846873,0.87957,0.882338,0.898043,0.894398
849,3549,0.855324,0.900717,0.860829,0.893914,0.892897
850,6175,0.869922,0.832372,0.879387,0.894722,0.909618
851,2479,0.881816,0.874241,0.859146,0.888772,0.890599
852,3324,0.832686,0.821752,0.86134,0.858231,0.835639
853,2938,0.88524,0.891087,0.860285,0.898735,0.896907
854,3596,0.842855,0.861569,0.861088,0.857479,0.907178
855,2671,0.867931,0.882819,0.857787,0.887905,0.889513
856,3807,0.858345,0.898879,0.877761,0.901853,0.898523
857,2923,0.864155,0.889123,0.878971,0.892019,0.908542
858,2732,0.859632,0.868708,0.856697,0.897687,0.875199
859,4281,0.8337,0.837556,0.875056,0.833851,0.812998
860,3553,0.837656,0.874607,0.826464,0.855446,0.868871
861,3705,0.864241,0.890558,0.854825,0.900115,0.892352
862,6057,0.888609,0.8332,0.870683,0.926465,0.890785
863,3207,0.839557,0.885343,0.850242,0.87319,0.874464
864,5571,0.855056,0.824037,0.866274,0.886805,0.886022
865,3354,0.8719,0.856456,0.858155,0.907152,0.862832
866,2356,0.835092,0.850163,0.833869,0.834268,0.869222
867,3032,0.857245,0.869885,0.839799,0.895749,0.868159
868,5871,0.794451,0.804341,0.829946,0.875196,0.836558
869,3990,0.894818,0.844875,0.879393,0.899272,0.89881
870,2866,0.85862,0.903413,0.851621,0.88815,0.877329
871,3702,0.812451,0.845946,0.856603,0.866048,0.85088
872,3775,0.838687,0.84643,0.860005,0.872378,0.876563
873,4665,0.837486,0.877901,0.869085,0.875992,0.831006
874,2465,0.887168,0.862311,0.866983,0.884477,0.899152
875,3928,0.826649,0.847645,0.868794,0.873539,0.831548
876,4661,0.833477,0.871715,0.866427,0.898309,0.873772
877,3586,0.862875,0.891797,0.87092,0.907059,0.894951
878,4010,0.872924,0.873775,0.842028,0.91453,0.882959
879,5892,0.837056,0.848618,0.871111,0.890425,0.899464
880,3296,0.851276,0.89078,0.876742,0.887475,0.88919
881,5180,0.84073,0.863487,0.888172,0.903677,0.899743
882,4280,0.839704,0.896172,0.820078,0.854764,0.854816
883,2018,0.868414,0.893604,0.869934,0.893421,0.891062
884,3222,0.861193,0.876348,0.839818,0.88464,0.877945
885,7496,0.810446,0.854661,0.845248,0.873756,0.90334
886,4998,0.863737,0.882079,0.817956,0.88035,0.884209
887,3018,0.879849,0.881524,0.864986,0.896546,0.906118
888,2970,0.851583,0.889261,0.862205,0.8628,0.893262
889,3124,0.865565,0.871174,0.885978,0.898451,0.892073
890,5755,0.823245,0.871944,0.85996,0.898481,0.885658
891,1319,0.867691,0.881478,0.868037,0.886615,0.867664
892,5078,0.834427,0.872425,0.848572,0.883827,0.903566
893,4418,0.868879,0.88106,0.865711,0.908699,0.91072
894,3887,0.825647,0.873273,0.877826,0.865648,0.855297
895,3682,0.900291,0.916397,0.871099,0.919629,0.902331
896,4239,0.883829,0.904559,0.854997,0.910083,0.901692
897,8586,0.799347,0.812125,0.864276,0.902004,0.890351
898,6100,0.823507,0.833273,0.861743,0.876328,0.891146
899,2179,0.858106,0.864711,0.872676,0.881809,0.845846
900,5822,0.811283,0.881468,0.844748,0.881968,0.884555
901,3901,0.839742,0.870517,0.838107,0.882516,0.869699
902,2836,0.890531,0.878314,0.8725,0.909023,0.894603
903,8429,0.826134,0.844585,0.890143,0.901373,0.906735
904,2309,0.840571,0.860834,0.85015,0.871979,0.857161
905,4251,0.847872,0.875263,0.842787,0.883355,0.893305
906,3453,0.843657,0.83447,0.866353,0.877154,0.868357
907,6836,0.840805,0.830613,0.873911,0.890924,0.89777
908,2914,0.88153,0.895324,0.849308,0.887673,0.883066
909,3200,0.872689,0.887292,0.856754,0.899287,0.897201
910,4495,0.806385,0.826705,0.838844,0.859308,0.846928
911,3699,0.83829,0.875116,0.859624,0.882835,0.880535
912,5782,0.811535,0.879505,0.869744,0.896765,0.886201
913,5496,0.792093,0.842555,0.861566,0.865298,0.851993
914,1739,0.878936,0.895981,0.891915,0.911358,0.876746
915,2529,0.868216,0.887976,0.886556,0.877489,0.901149
916,3511,0.873174,0.884201,0.840723,0.899209,0.905654
917,4850,0.840336,0.841522,0.872106,0.887124,0.890249
918,1661,0.890111,0.893873,0.882411,0.913529,0.904692
919,5385,0.86615,0.83293,0.860794,0.901821,0.886208
920,5875,0.841668,0.873654,0.88189,0.900682,0.906573
921,4183,0.853624,0.838029,0.868231,0.891325,0.879556
922,3527,0.850744,0.869074,0.851906,0.89715,0.87227
923,1806,0.876021,0.88335,0.860053,0.868664,0.886192
924,4363,0.831753,0.863957,0.873497,0.873745,0.894811
925,4724,0.823726,0.86066,0.845062,0.879994,0.879307
926,6893,0.819113,0.873052,0.846857,0.900434,0.887375
927,2936,0.8589,0.916507,0.881383,0.888764,0.886853
928,1239,0.880645,0.889429,0.88629,0.887328,0.896238
929,6531,0.835787,0.862621,0.806695,0.867302,0.88872
930,2447,0.848159,0.86978,0.861637,0.875712,0.879823
931,5892,0.818412,0.861513,0.868168,0.897624,0.859862
932,3493,0.840857,0.884103,0.870611,0.889757,0.892642
933,5898,0.781261,0.832319,0.848134,0.857528,0.850746
934,2002,0.876794,0.897712,0.866811,0.885002,0.885029
935,5697,0.841483,0.846492,0.898547,0.895503,0.901508
936,3126,0.853859,0.854489,0.867257,0.894216,0.873092
937,1982,0.878304,0.898535,0.868708,0.875077,0.896403
938,4840,0.829197,0.85159,0.851944,0.882454,0.894004
939,4701,0.818465,0.849719,0.858822,0.869411,0.87238
940,3833,0.842328,0.869871,0.856931,0.893361,0.880213
941,5832,0.829473,0.855411,0.820213,0.887075,0.892595
942,2607,0.856147,0.840526,0.855426,0.882076,0.869366
943,1878,0.864103,0.860377,0.864103,0.884915,0.85916
944,3480,0.853811,0.889417,0.868828,0.907325,0.874479
945,2476,0.868795,0.900884,0.872337,0.88938,0.898141
946,5267,0.807788,0.856264,0.856574,0.88496,0.859424
947,7765,0.847084,0.811957,0.848096,0.901811,0.881731
948,4087,0.854623,0.863764,0.876498,0.906013,0.900812
949,4753,0.83508,0.843342,0.875967,0.888452,0.889745
950,2841,0.845398,0.872428,0.855397,0.885972,0.879142
951,4324,0.847007,0.891585,0.870989,0.902282,0.89938
952,1310,0.880757,0.875958,0.875467,0.876749,0.896872
953,6358,0.812623,0.879235,0.866042,0.89663,0.906179
954,1185,0.878981,0.900915,0.886617,0.891818,0.880903
955,4068,0.813404,0.829733,0.850137,0.864177,0.861693
956,4136,0.886523,0.855208,0.856417,0.916026,0.882788
957,3847,0.845217,0.867687,0.875695,0.895277,0.884219
958,2634,0.888907,0.884515,0.873834,0.911868,0.902028
959,3720,0.85731,0.885167,0.851042,0.885323,0.88834
960,3973,0.856803,0.885299,0.867288,0.912438,0.891994
961,2234,0.865491,0.911275,0.863332,0.862321,0.876807
962,7110,0.787483,0.896809,0.840551,0.880829,0.862612
963,1834,0.849055,0.860167,0.852354,0.850299,0.829508
964,5013,0.84187,0.855121,0.871505,0.895457,0.905388
965,2745,0.854567,0.883774,0.86065,0.887309,0.860705
966,2475,0.85271,0.877861,0.862235,0.882223,0.881533
967,2064,0.867548,0.871021,0.873653,0.900952,0.878538
968,3839,0.823966,0.881777,0.869683,0.875246,0.870209
969,8435,0.776088,0.799688,0.818766,0.838814,0.884452
970,4213,0.839279,0.88407,0.862573,0.868175,0.89825
971,1401,0.846851,0.869492,0.849293,0.85924,0.856136
972,7387,0.814581,0.827505,0.853647,0.888808,0.847051
973,7333,0.770203,0.777995,0.84292,0.85341,0.842397
974,5526,0.857451,0.903588,0.834994,0.894064,0.895912
975,2892,0.838439,0.869799,0.867961,0.869291,0.838802
976,3447,0.851903,0.913266,0.864588,0.872096,0.898103
977,4478,0.817237,0.860714,0.864786,0.839559,0.877399
978,2017,0.845889,0.859705,0.838277,0.852205,0.866584
979,4606,0.833971,0.842681,0.844328,0.893696,0.864378
980,3761,0.890941,0.818635,0.868459,0.88337,0.890838
981,4873,0.830085,0.881741,0.859643,0.906419,0.891584
982,5472,0.826828,0.888132,0.847643,0.885348,0.888185
983,3707,0.833289,0.854141,0.865809,0.885219,0.874086
984,4846,0.827217,0.884631,0.873808,0.890661,0.869324
985,4658,0.845885,0.86621,0.844919,0.882588,0.902457
986,1974,0.885365,0.880258,0.86548,0.893983,0.88523
987,3056,0.853809,0.841917,0.877258,0.886163,0.869748
988,2319,0.860365,0.881946,0.870098,0.892875,0.88634
989,4294,0.838182,0.80456,0.872847,0.839033,0.844472
990,1495,0.865925,0.881949,0.876163,0.88371,0.881245
991,2820,0.862158,0.873817,0.862622,0.84614,0.825918
992,5448,0.830726,0.882216,0.860956,0.910744,0.902477
993,2907,0.85458,0.88898,0.870935,0.885202,0.888108
994,4662,0.858316,0.840275,0.848412,0.898274,0.878412
995,3684,0.868838,0.881005,0.849606,0.855335,0.829773
996,3696,0.854277,0.911556,0.876256,0.904007,0.893906
997,4461,0.849458,0.882062,0.845922,0.888991,0.898968
998,3395,0.864494,0.909523,0.881628,0.899258,0.907251
999,2798,0.865283,0.869767,0.866514,0.886528,0.894458
1000,3619,0.856214,0.885479,0.85172,0.892299,0.890211
