"simulation","iteration","South Asia","North America","Oceania","Western Asia","Latin America","Eastern Europe and Central Asia","Western and Central Europe","East Asia","Africa"
1,7855,0.896108,0.896766,0.95943,1,0.940929,1,0.987168,0.931059,0.993597
2,4305,0.876679,0.928407,0.986654,1,0.920511,1,0.986232,0.93324,0.997836
3,3369,0.91804,0.916166,0.985995,0.997161,0.921045,1,0.994431,0.945057,0.978993
4,2722,0.902985,0.930967,0.992441,0.994952,0.936169,0.993056,0.9918,0.904138,1
5,2024,0.912546,0.940397,1,0.9959,0.920971,1,0.951373,0.908745,0.99115
6,3093,0.896969,0.91765,0.972867,0.995954,0.899667,0.995822,0.979822,0.962448,0.984344
7,4568,0.884083,0.901277,0.996739,0.994852,0.92424,1,0.988977,0.932029,0.996981
8,1170,0.907917,0.921094,0.98747,1,0.919514,0.983432,0.976934,0.935591,0.98892
9,2363,0.887366,0.920571,0.979444,1,0.930006,1,0.98092,0.9002,0.999657
10,1998,0.922555,0.933373,0.951385,0.985354,0.910221,1,0.965183,0.96174,0.991135
11,1955,0.908447,0.934539,0.987833,1,0.910798,0.989021,0.980651,0.941746,0.998114
12,1664,0.912682,0.924144,0.984681,0.989468,0.908278,0.988347,0.966818,0.955192,0.985748
13,2308,0.904942,0.923012,0.991237,0.998013,0.934714,0.987917,0.998911,0.900098,1
14,4189,0.912849,0.923407,0.988601,1,0.926637,1,0.955217,0.94702,1
15,2440,0.926511,0.930797,0.988038,1,0.928641,1,0.979003,0.907978,0.976179
16,3657,0.893063,0.95557,0.989995,1,0.951857,1,0.990614,0.882723,1
17,2496,0.905737,0.928251,0.982903,1,0.922449,0.996688,0.992633,0.912668,0.999435
18,3265,0.888589,0.924772,0.982099,0.999673,0.913438,1,0.974361,0.947333,1
19,5352,0.887394,0.952018,0.990544,0.995245,0.919679,0.986924,0.985222,0.898633,1
20,1990,0.90921,0.935135,0.990528,1,0.927871,0.999769,0.987833,0.910493,0.997407
21,2640,0.91109,0.923389,0.972089,1,0.923471,1,0.986442,0.917062,0.994796
22,5386,0.920924,0.912028,0.983194,1,0.93347,1,0.977891,0.900264,0.989134
23,4865,0.895282,0.923844,0.980365,1,0.917983,1,0.956787,0.976312,0.993373
24,1628,0.916179,0.925217,0.986119,0.994988,0.902523,0.982937,0.971731,0.972266,1
25,6333,0.887502,0.940631,0.924182,0.994895,0.912649,1,0.975772,0.929611,0.998595
26,5128,0.910309,0.915659,0.981463,0.988712,0.928659,1,0.976086,0.925182,0.996897
27,2850,0.901395,0.934721,0.999019,0.987543,0.902474,0.979082,0.981216,0.954756,0.984649
28,3725,0.904445,0.940845,0.999924,0.977622,0.931053,1,0.971958,0.939989,0.991089
29,3054,0.924542,0.923498,0.992494,1,0.905551,0.995175,0.962158,0.954003,0.992268
30,4429,0.89937,0.93149,0.980531,0.994962,0.906928,0.99006,0.959556,0.959693,0.987459
31,4670,0.896906,0.922445,0.965395,1,0.914422,0.982911,0.970556,0.967079,0.989918
32,4217,0.903159,0.9222,0.987015,0.980141,0.938513,1,0.992007,0.882781,0.99569
33,3305,0.90311,0.930732,0.974753,1,0.933982,1,0.9991,0.94968,0.979002
34,2262,0.908458,0.937467,0.940814,0.955451,0.902136,0.99033,0.976517,0.979864,0.989321
35,2868,0.907527,0.924228,0.996481,0.994051,0.909538,0.980422,0.975143,0.943416,0.970982
36,3451,0.914865,0.926469,0.991959,0.983135,0.92941,0.993605,0.995683,0.959497,0.987371
37,4196,0.899736,0.928555,0.958553,1,0.920081,0.97466,0.993574,0.970563,0.992451
38,2898,0.939518,0.924561,0.972579,0.972428,0.907287,0.992194,0.983759,0.946518,0.985773
39,3649,0.900754,0.918982,0.966793,0.998953,0.910687,0.993557,0.971276,0.973799,0.992591
40,4209,0.888173,0.923762,0.996552,1,0.946868,1,1,0.921724,1
41,5824,0.895377,0.933021,0.965669,1,0.920022,0.98242,0.981427,0.938181,0.978998
42,5327,0.883796,0.937146,0.993631,1,0.919541,0.994191,0.972535,0.943363,0.995338
43,1562,0.922859,0.932936,0.93358,0.996193,0.904022,0.996921,0.968287,0.961402,0.984438
44,4606,0.903599,0.925938,0.990715,1,0.926566,1,0.984816,0.920722,0.997023
45,3027,0.911063,0.934936,0.983925,1,0.917194,1,0.966183,0.917872,0.986552
46,4082,0.87817,0.941351,0.9919,1,0.94535,1,0.988204,0.891257,0.989521
47,3103,0.897042,0.938985,0.981384,0.978421,0.910643,1,0.960615,0.951649,0.995618
48,3520,0.885725,0.931869,0.964767,0.996812,0.919035,0.989364,0.97172,0.944264,0.991041
49,4189,0.923788,0.926222,0.998687,1,0.956657,1,1,0.857557,0.990292
50,3346,0.890323,0.945295,0.959238,0.943988,0.916929,1,0.982111,0.930125,1
51,2071,0.879897,0.938662,0.971496,0.993785,0.941617,1,0.971853,0.93558,1
52,2521,0.900801,0.936373,0.990956,0.970332,0.902385,0.982084,0.971715,0.965321,0.984734
53,4904,0.898086,0.940387,0.980578,0.985256,0.932252,0.994636,0.982841,0.919618,0.985281
54,4918,0.905208,0.92581,0.951248,0.997624,0.913622,0.997428,0.979118,0.926229,0.986638
55,5235,0.888799,0.924963,0.98055,0.975265,0.915815,0.980335,0.962173,0.948518,0.988089
56,4170,0.91991,0.927103,0.967094,0.992055,0.925466,1,0.990633,0.922701,1
57,5597,0.893287,0.928353,0.988657,0.973302,0.916372,1,0.969131,0.968228,0.991154
58,4356,0.889325,0.939152,0.993112,0.998311,0.936033,1,0.997999,0.916253,1
59,2424,0.908712,0.918101,0.949165,0.955556,0.900183,1,0.97963,0.970396,0.986881
60,6592,0.882982,0.924697,0.993988,1,0.934238,0.992211,0.983612,0.9259,1
61,1884,0.922074,0.921499,0.988042,0.997298,0.911793,0.990744,0.973333,0.947741,0.973183
62,3596,0.91247,0.924736,0.978992,1,0.920702,1,0.979395,0.910883,0.983699
63,3483,0.894561,0.919772,0.98004,0.990751,0.911508,0.99266,0.974282,0.975714,0.996062
64,4919,0.886556,0.937465,0.973908,0.997186,0.931573,1,0.974917,0.944711,0.991931
65,6059,0.920655,0.930619,0.995775,1,0.924229,0.987402,0.986619,0.893372,0.997053
66,4856,0.914453,0.921304,0.985379,1,0.928286,1,0.989894,0.878124,0.990813
67,5898,0.886166,0.933512,0.977264,0.9925,0.926455,0.997526,0.986171,0.953435,1
68,1895,0.910983,0.920241,0.983893,0.976107,0.914488,0.985498,0.972094,0.938676,0.989191
69,4073,0.903981,0.929574,0.997631,1,0.922674,0.997136,0.986592,0.902731,1
70,4060,0.891358,0.927452,0.928354,0.998376,0.90693,1,0.976359,0.976281,0.982727
71,1636,0.892915,0.94608,0.981428,1,0.920538,0.996254,0.991469,0.891406,1
72,4762,0.907356,0.937259,0.992325,0.99181,0.917993,0.98398,0.977747,0.927497,0.987792
73,5383,0.883727,0.92326,1,1,0.928265,1,0.991522,0.901834,1
74,4240,0.893738,0.921655,0.997931,0.987945,0.92971,1,0.98309,0.945959,0.994372
75,4075,0.896404,0.91993,0.980318,0.989346,0.897745,1,0.963447,0.963215,0.985658
76,3282,0.932921,0.944154,0.984837,1,0.910535,0.988687,0.980747,0.930159,0.993627
77,3728,0.887588,0.921371,0.997443,1,0.928235,1,0.987025,0.924493,1
78,3512,0.905862,0.914945,0.981808,0.995537,0.909117,0.995012,0.976479,0.939831,0.97829
79,7121,0.860475,0.928331,0.989451,0.997412,0.92257,1,0.97278,0.963651,0.995296
80,3794,0.892523,0.928585,0.980161,1,0.922557,1,0.975942,0.925728,0.982258
81,4126,0.922267,0.9233,0.983632,0.986174,0.917574,0.991537,0.986537,0.920926,0.995782
82,4742,0.903721,0.929181,0.985455,1,0.927823,0.997075,0.973913,0.911242,0.997937
83,3098,0.900785,0.94883,0.970356,0.997811,0.914807,0.99353,0.97257,0.948806,0.971488
84,5647,0.883208,0.918585,0.990545,0.984568,0.922982,0.983102,0.968359,0.975228,1
85,6739,0.899704,0.926896,1,1,0.958795,1,0.980164,0.837207,1
86,3770,0.907067,0.92131,0.977685,1,0.922326,0.997448,0.95852,0.896157,0.988074
87,2584,0.942205,0.933227,0.986507,0.996361,0.914157,1,0.96911,0.948871,0.951076
88,3057,0.92279,0.918411,0.993994,1,0.922869,0.983923,0.997587,0.927354,0.990113
89,4250,0.925913,0.946924,0.976092,0.980874,0.930583,0.985711,0.984305,0.945012,1
90,5680,0.887189,0.938135,0.95006,0.990968,0.914537,1,0.986968,0.961357,0.993534
91,2734,0.896642,0.919796,0.988058,1,0.941698,0.985086,0.983964,0.882066,1
92,1289,0.920787,0.92597,0.942361,0.993053,0.908847,0.952239,0.991425,0.957965,0.989037
93,4909,0.918773,0.900052,0.987728,0.969787,0.916277,0.99363,0.976469,0.943058,1
94,1835,0.899357,0.924777,0.977502,1,0.912585,0.991447,0.97466,0.954632,0.994342
95,5665,0.916424,0.885788,0.968533,0.998576,0.91159,0.998606,0.985141,0.985824,0.97313
96,4324,0.911313,0.918354,0.991041,1,0.922025,0.987397,0.980164,0.937944,1
97,2914,0.930045,0.93123,0.99818,0.991645,0.936139,1,0.990818,0.883555,0.99796
98,5290,0.901048,0.911603,0.973006,0.979523,0.912843,0.994854,0.976278,0.988944,0.992269
99,4911,0.897152,0.934406,0.988106,1,0.920616,1,0.990544,0.964155,0.990057
100,3245,0.912419,0.922478,0.996242,1,0.927345,0.999676,0.986372,0.909905,1
101,3309,0.917708,0.929229,0.985619,0.985619,0.925569,0.997784,0.958687,0.915621,1
102,2304,0.887656,0.915469,0.999317,0.995355,0.91842,0.998006,0.975657,0.922682,1
103,1781,0.897645,0.928296,0.988912,1,0.922356,1,0.991288,0.917287,0.994086
104,3195,0.884643,0.930732,1,1,0.948811,0.992417,0.987425,0.886208,0.990637
105,3259,0.923328,0.931525,0.984157,0.993553,0.909954,0.991947,0.980347,0.928001,0.989526
106,1777,0.892232,0.945335,0.979066,1,0.922729,0.987861,0.999288,0.930292,0.986738
107,4250,0.90524,0.919679,1,1,0.942507,1,0.994134,0.862929,1
108,2942,0.916935,0.90632,0.979043,0.992878,0.919254,0.986383,0.980871,0.956721,1
109,3392,0.889044,0.8969,0.972076,0.988386,0.923657,1,0.96755,0.995559,0.992201
110,4573,0.900312,0.927864,0.967987,1,0.919018,0.996021,0.971967,0.96639,0.984665
111,1233,0.901214,0.932261,0.984541,1,0.933452,1,0.993216,0.888164,1
112,3900,0.900489,0.932862,0.985346,1,0.922591,0.990885,0.983115,0.926516,1
113,2074,0.870928,0.913359,0.942,0.951831,0.884983,0.992933,0.960412,0.957516,0.977974
114,5130,0.916034,0.903515,0.966676,0.991877,0.916249,1,0.966784,0.95472,0.990697
115,2309,0.91059,0.944662,0.973852,1,0.918283,0.995067,0.963909,0.94939,0.976408
116,2667,0.874507,0.932476,0.964368,1,0.914442,0.950843,0.985296,0.987115,0.998156
117,3539,0.907015,0.92452,0.992806,0.990915,0.918498,0.986359,0.97714,0.911598,0.986545
118,7396,0.872004,0.924653,0.98619,0.999974,0.919471,1,0.979946,0.950019,0.986915
119,3371,0.906326,0.924204,0.97879,0.997355,0.907463,0.98154,0.979477,0.975352,0.97641
120,6192,0.872564,0.936632,0.999272,0.973818,0.931004,1,0.990367,0.921707,0.999552
121,4551,0.921149,0.94524,0.985775,1,0.940932,0.994978,1,0.888339,0.977923
122,3078,0.908398,0.919316,0.992561,1,0.953945,1,1,0.863893,0.982787
123,3512,0.897819,0.922827,0.964167,1,0.91356,0.960057,0.974374,1,0.988288
124,2459,0.917193,0.924421,0.96591,1,0.912014,1,0.982414,0.984605,0.9895
125,2502,0.890454,0.922342,0.979626,0.991342,0.907884,1,0.980867,0.978991,0.973623
126,995,0.917531,0.904048,0.988982,1,0.925647,0.999332,0.988699,0.898115,0.989341
127,4452,0.882606,0.920549,0.980712,0.989537,0.920364,0.995244,0.985441,0.938886,0.991836
128,4310,0.907903,0.915762,0.991353,1,0.92002,0.985754,0.986963,0.948327,0.995847
129,1822,0.913732,0.925004,0.971737,0.989482,0.922716,1,0.983009,0.892528,1
130,2607,0.89106,0.937691,0.991103,1,0.921558,0.996864,0.97647,0.906925,0.999384
131,1887,0.924599,0.946075,0.97699,1,0.928863,0.986506,0.97413,0.913133,0.995788
132,4781,0.896498,0.928112,0.914821,0.998228,0.917336,1,0.975018,0.943261,0.993311
133,1558,0.914878,0.926924,0.986435,0.998275,0.919099,0.987645,0.987696,0.916113,0.994981
134,3367,0.884724,0.920016,1,0.999331,0.926496,1,0.971643,0.913134,0.999839
135,4101,0.893532,0.937681,1,1,0.937878,1,0.984506,0.90139,1
136,7726,0.888829,0.943037,0.981608,1,0.917655,0.990715,0.979363,0.971353,0.998444
137,5759,0.864226,0.949527,0.979552,0.998418,0.92442,0.994651,0.971586,0.986684,1
138,4470,0.882449,0.928019,0.978102,0.984846,0.9087,1,0.966737,0.970015,0.999866
139,3914,0.901627,0.926612,0.985526,0.998435,0.920431,0.942964,0.976241,0.932975,0.994367
140,3746,0.882834,0.929668,0.971922,1,0.927896,1,0.987896,0.898727,0.995993
141,7307,0.885136,0.914733,0.998112,1,0.927015,0.994262,0.987064,0.933986,0.981829
142,2998,0.894684,0.923752,1,1,0.955161,1,0.992607,0.885748,1
143,5381,0.893242,0.932472,0.971481,1,0.934046,1,0.975733,0.915079,0.997874
144,7254,0.886636,0.933154,0.990366,0.983521,0.91541,0.989565,0.982178,0.923003,0.997959
145,7303,0.895217,0.92518,0.939847,0.987778,0.91704,1,0.99118,0.948919,0.995792
146,5518,0.883196,0.926462,0.987718,0.987033,0.914205,0.999822,0.972721,0.966022,0.986932
147,2693,0.913598,0.934251,0.968034,1,0.901953,0.988918,0.97607,0.953804,0.988125
148,1729,0.932826,0.918935,0.985034,1,0.925061,1,0.994008,0.913668,0.993068
149,2105,0.906365,0.928492,0.999482,1,0.90893,0.990451,0.930538,0.955474,0.98464
150,3899,0.896021,0.918879,0.968499,1,0.92044,0.986969,0.98818,0.955145,0.994481
151,3418,0.90017,0.92965,0.994668,1,0.928869,1,0.976187,0.938974,1
152,5061,0.902643,0.93288,0.969395,0.981348,0.910787,0.997767,0.978196,0.978984,0.986839
153,2627,0.913027,0.920761,0.968021,0.9867,0.915944,0.992293,0.974845,0.970724,0.996253
154,6648,0.871374,0.936548,0.969409,0.976517,0.928128,1,0.965062,0.977282,0.995325
155,3667,0.9099,0.933557,0.977794,1,0.912676,0.988297,0.96329,0.954713,0.960439
156,5281,0.892546,0.900573,0.985676,0.986271,0.907491,0.991703,0.964651,0.975677,0.995838
157,4206,0.926572,0.931976,0.986286,1,0.944793,0.992451,0.982783,0.877963,1
158,3885,0.867614,0.924879,0.996756,1,0.935871,0.999464,0.995469,0.9263,1
159,5654,0.88297,0.919028,0.986652,0.999849,0.912947,0.984633,0.981454,0.950897,0.994953
160,4311,0.91535,0.911584,0.996181,0.975231,0.924128,0.983929,0.986077,0.934072,0.977591
161,2731,0.889802,0.919292,0.984623,1,0.913026,0.992096,0.982927,0.938175,0.997586
162,4551,0.893704,0.930487,0.987873,1,0.925544,1,0.980833,0.93609,0.994023
163,5065,0.85282,0.916181,0.977793,1,0.949359,0.986141,0.989586,0.910059,1
164,6543,0.880606,0.925509,0.982842,0.990651,0.920945,0.988259,0.986471,0.946105,0.992438
165,3947,0.882357,0.917658,0.986469,0.994003,0.911233,0.990954,0.975837,0.927762,1
166,4360,0.905627,0.93445,0.976474,1,0.913451,0.992633,0.96459,0.956067,0.980104
167,2208,0.913964,0.930053,0.979706,0.991339,0.90636,0.995644,0.975602,0.93242,0.987914
168,7721,0.881373,0.934863,0.997492,0.997268,0.917753,1,0.986416,0.911172,0.995331
169,7233,0.883484,0.949817,0.998638,0.993164,0.909913,0.996681,0.960542,0.955068,0.995764
170,3291,0.909509,0.935578,0.981455,0.991267,0.916507,0.996159,0.973852,0.920295,0.983927
171,3736,0.89512,0.919593,0.965915,1,0.906973,0.989267,0.984638,0.946808,0.99944
172,2557,0.911302,0.921595,0.983446,0.969722,0.910188,0.936764,0.970594,0.995154,0.983988
173,7021,0.883,0.935018,0.988337,0.992561,0.911639,0.993332,0.963338,0.965437,0.979756
174,2418,0.878039,0.943162,0.973511,0.99394,0.923883,0.99233,0.970775,0.976452,0.996804
175,4187,0.9088,0.940754,0.999974,1,0.927082,0.990807,0.977763,0.888292,1
176,5433,0.883405,0.922572,0.983355,0.991485,0.917903,0.983191,0.981597,0.924687,0.988162
177,5593,0.882617,0.940077,0.977109,1,0.945901,1,0.987019,0.916693,1
178,2474,0.890337,0.943164,0.96722,0.969893,0.918175,0.982626,0.98946,0.955015,0.992738
179,1724,0.914047,0.941346,0.969179,1,0.900838,0.998399,0.964669,0.927737,0.98615
180,3211,0.901848,0.934384,0.977158,0.993044,0.908804,1,0.957794,0.969881,0.955845
181,2743,0.929845,0.908472,0.973497,0.987642,0.901321,0.978187,0.965544,0.981891,0.990855
182,3761,0.885173,0.915869,0.996075,0.999686,0.924373,0.994505,0.983409,0.945674,0.993746
183,2152,0.881127,0.920886,1,1,0.938021,0.998897,0.99653,0.881826,1
184,3469,0.900545,0.934414,0.992595,1,0.924254,0.992939,0.970149,0.948134,0.986567
185,3804,0.909519,0.932954,0.987713,0.996379,0.91045,0.995732,0.974884,0.917744,1
186,5053,0.889592,0.944226,0.988237,1,0.91934,0.998805,0.96873,0.931919,0.988046
187,3103,0.892283,0.931102,0.991842,1,0.937124,0.99631,0.978579,0.91043,0.984739
188,2120,0.929057,0.927691,0.984997,1,0.90666,0.993704,0.982988,0.918689,0.985131
189,4738,0.879638,0.92627,0.975257,0.996315,0.917902,0.997756,0.989139,0.970048,0.97002
190,4769,0.89841,0.935239,0.984073,0.999816,0.909388,0.993761,0.969147,0.971305,0.992918
191,3732,0.876394,0.953055,0.991399,1,0.953931,1,0.99794,0.886437,1
192,3804,0.879482,0.931454,0.995048,0.997499,0.94636,1,0.996943,0.903333,0.990652
193,6316,0.900809,0.891498,0.995442,1,0.926267,0.98452,0.989217,0.929796,0.998027
194,3828,0.904794,0.936198,0.995913,0.986019,0.933213,1,0.992875,0.919985,0.999328
195,2250,0.919109,0.942392,0.983544,0.987545,0.92335,1,0.97397,0.959168,0.980024
196,2868,0.903768,0.906388,0.979591,0.992257,0.905812,0.996143,0.971473,0.933533,0.994559
197,5484,0.895954,0.917031,0.985984,0.994442,0.903713,0.991703,0.973122,0.946648,0.97468
198,2948,0.92026,0.920121,0.96224,0.993336,0.900297,0.998445,0.967626,0.979315,0.985035
199,4640,0.929778,0.908813,1,0.990078,0.932265,1,0.987153,0.894134,1
200,1727,0.932577,0.926361,0.984137,1,0.924529,1,0.975625,0.912458,1
201,5386,0.885819,0.922404,0.973444,0.996521,0.907668,0.997186,0.959117,0.954026,0.992939
202,5059,0.905166,0.923115,0.986299,1,0.920264,0.989178,0.96579,0.947958,0.990226
203,2722,0.885881,0.911429,0.982137,0.997964,0.92611,1,0.976746,0.939471,0.993549
204,2971,0.901999,0.914955,0.98373,1,0.933224,1,0.971679,0.946453,0.994221
205,3522,0.900488,0.932502,0.977405,1,0.913116,1,0.955045,0.937903,0.997104
206,4188,0.894588,0.923261,0.978956,0.999669,0.898526,0.97824,0.969977,0.973998,0.982592
207,2419,0.895426,0.917918,0.992267,0.999033,0.920661,1,0.984169,0.94689,0.986912
208,5175,0.89948,0.894951,0.975951,0.994653,0.917977,1,0.966834,0.972299,0.985419
209,2196,0.924437,0.929157,0.981606,0.967587,0.91416,1,0.974179,0.955468,0.988054
210,4707,0.912875,0.928837,0.988999,0.993737,0.917835,0.99612,0.974311,0.970543,0.996342
211,2662,0.91352,0.898827,0.984495,0.999636,0.902382,0.981445,0.98262,0.967731,0.990484
212,3124,0.90984,0.927777,0.993938,1,0.915802,0.989278,0.979458,0.964026,0.991984
213,4300,0.866552,0.922793,0.994509,0.996561,0.920741,1,0.990626,0.935051,0.9896
214,3467,0.91856,0.919255,0.966773,1,0.90349,1,0.956791,0.962491,0.987571
215,1421,0.916498,0.927368,0.992001,0.988599,0.920086,1,0.963724,0.945386,0.994233
216,5420,0.88331,0.909799,0.973695,1,0.913795,1,0.987879,0.940728,0.988741
217,2103,0.923343,0.928014,0.985465,0.96887,0.915156,0.986207,0.978761,0.955517,0.992554
218,4034,0.8814,0.924669,0.988413,0.962436,0.916515,0.979223,0.983869,0.958144,0.993436
219,3106,0.907605,0.908331,0.975266,0.993153,0.905341,1,0.967832,0.951315,0.979598
220,4326,0.8995,0.939763,0.984528,1,0.92594,1,0.977382,0.933192,0.99212
221,6225,0.876318,0.930808,0.989153,1,0.910518,0.992828,0.984048,0.927822,0.989281
222,4235,0.899276,0.941164,0.957643,1,0.912189,0.992346,0.957045,0.937988,0.963058
223,1835,0.928498,0.934907,0.985822,0.994312,0.908715,0.990233,0.981105,0.938154,0.979967
224,7159,0.874629,0.946473,1,1,0.935343,1,0.951389,0.903551,1
225,4715,0.896029,0.919034,0.982617,0.986024,0.907653,0.99043,0.984185,0.961937,0.98824
226,2326,0.897423,0.919437,0.976471,1,0.906928,0.998224,0.986081,0.949129,1
227,3199,0.92482,0.955937,0.997551,1,0.939383,0.992625,0.986165,0.840516,1
228,4430,0.908632,0.935226,0.986093,1,0.921348,0.998432,0.978515,0.938304,0.966902
229,4148,0.899827,0.924805,0.976282,0.989033,0.90455,0.986252,0.982684,0.956079,0.980611
230,3665,0.94659,0.925817,0.985823,1,0.926325,1,0.966065,0.89549,0.980017
231,5271,0.935044,0.924747,0.985529,1,0.923879,1,0.976831,0.89548,1
232,3396,0.915253,0.948707,0.970993,0.962022,0.914051,0.989879,0.95962,0.934497,0.98809
233,3629,0.894674,0.908854,0.973579,0.999031,0.907913,0.991525,0.972775,0.945662,0.996677
234,3544,0.906535,0.946226,0.985782,0.989256,0.926946,0.980343,0.978458,0.904085,0.985998
235,3064,0.904392,0.943461,0.970884,1,0.914935,0.978477,0.990355,0.955313,0.995229
236,6362,0.853239,0.928842,0.969743,1,0.906195,1,0.969586,0.975732,0.980465
237,5448,0.892427,0.906618,0.996406,1,0.935656,0.99861,0.961755,0.913517,0.998925
238,3112,0.921546,0.907073,0.984177,0.999713,0.917842,1,0.974299,0.913276,0.983229
239,5174,0.882514,0.930179,0.994563,1,0.938213,0.999757,0.985527,0.911649,0.998593
240,4160,0.912126,0.91443,0.977167,0.997853,0.91066,0.994161,0.973449,0.911419,0.998481
241,3856,0.901096,0.907146,0.991084,0.992278,0.907969,0.989704,0.98437,0.948916,0.971366
242,2578,0.9,0.92231,0.982387,0.977553,0.917013,0.999891,0.977417,0.952185,0.988749
243,4340,0.890144,0.921317,0.951631,0.995761,0.916059,0.99053,0.958982,0.931538,0.998659
244,5852,0.883368,0.920547,0.988576,0.997218,0.924141,1,0.978875,0.90112,0.999705
245,2583,0.892622,0.924173,0.986585,0.984846,0.923096,1,0.961024,0.927899,0.995583
246,2519,0.913031,0.928729,0.979424,0.974173,0.908047,0.987953,0.957142,0.984248,0.99275
247,2863,0.912672,0.92684,0.99504,1,0.920244,1,0.981374,0.900509,0.998654
248,2975,0.902375,0.927635,0.997087,1,0.931024,1,0.98549,0.925464,0.978844
249,7829,0.885692,0.919967,0.982146,0.997052,0.918423,0.997024,0.982427,0.959914,0.977486
250,3728,0.912498,0.919921,0.937885,1,0.92061,0.993101,0.972074,0.975689,0.961174
251,3658,0.914914,0.931693,1,0.976134,0.921317,1,0.9548,0.895832,0.990661
252,3087,0.902481,0.912626,0.993846,0.990714,0.908524,1,0.972862,0.94675,0.967872
253,6784,0.878671,0.91794,0.989517,1,0.913031,1,0.983361,0.963532,0.988824
254,5226,0.881337,0.927864,0.986662,1,0.925311,0.984031,0.980305,0.917288,1
255,3713,0.879043,0.946462,1,1,0.945061,1,1,0.886735,0.992002
256,4050,0.881669,0.920838,0.985185,1,0.916495,0.995162,0.979165,0.967043,0.980814
257,1225,0.925293,0.942005,0.994494,0.98896,0.917628,0.978667,0.96522,0.914861,0.994549
258,5289,0.88176,0.942103,1,1,0.936632,0.990267,0.9632,0.947417,0.996317
259,2553,0.917367,0.919311,0.965939,0.994031,0.903513,0.988281,0.968842,0.943406,0.985297
260,4058,0.925999,0.93457,0.985681,0.995741,0.911523,1,0.947243,0.902587,0.994617
261,3937,0.897655,0.93608,0.976916,0.977937,0.916173,0.981482,0.986161,0.941412,0.980915
262,2928,0.889005,0.937506,0.979808,1,0.933996,1,0.99146,0.878125,1
263,3328,0.890925,0.927138,0.987014,0.992865,0.915717,0.995534,0.979366,0.953008,0.982368
264,2761,0.894386,0.910417,0.988669,1,0.926679,0.988006,0.993628,0.928841,1
265,2895,0.891631,0.960661,0.976923,0.992859,0.920446,0.99792,0.985993,0.882185,0.998998
266,5579,0.904265,0.935419,0.985274,1,0.930943,1,0.966522,0.904215,1
267,4366,0.923826,0.92232,0.99908,0.971829,0.919279,1,0.958357,0.891052,0.982902
268,3398,0.899504,0.930616,0.992096,0.96605,0.910007,0.981275,0.97353,0.926213,0.996552
269,6340,0.887094,0.925789,0.982388,0.995772,0.91535,0.984954,0.986412,0.946288,0.977197
270,3315,0.877905,0.924642,0.986155,0.956576,0.904974,1,0.975338,0.945914,0.991667
271,3761,0.931706,0.896849,1,0.9826,0.932983,0.988391,0.997928,0.88348,0.992137
272,3124,0.921647,0.931369,0.992752,0.991177,0.924946,0.98208,0.985629,0.924146,0.991777
273,4131,0.890661,0.923028,0.958911,0.992247,0.89606,0.978237,0.964753,0.975413,0.997563
274,3881,0.879883,0.903148,0.97779,0.999743,0.924274,0.998061,0.966927,0.886554,0.991247
275,3009,0.919869,0.932058,0.970129,1,0.918084,0.998243,0.964997,0.956936,1
276,2154,0.892014,0.905972,0.981554,1,0.925618,0.998304,0.982781,0.909129,0.997026
277,1072,0.880698,0.944178,1,1,0.967151,1,1,0.859478,0.99046
278,4383,0.893054,0.949602,0.992519,1,0.935092,0.980432,0.970901,0.967466,0.99385
279,2939,0.910161,0.929433,0.973166,0.998417,0.914801,0.987552,0.970299,0.942291,1
280,2211,0.909542,0.926956,0.981089,1,0.918105,1,0.970767,0.94592,1
281,2778,0.87504,0.939121,0.990178,1,0.935999,0.999146,0.987136,0.925563,1
282,3952,0.903708,0.946302,0.992535,1,0.938704,1,0.99093,0.937072,1
283,3597,0.927125,0.915152,0.9748,1,0.914431,1,0.971432,0.90171,0.995858
284,4609,0.875085,0.918832,1,1,0.921969,0.993902,0.989196,0.924474,0.997925
285,3759,0.927977,0.921343,0.977991,0.998029,0.911185,0.977435,0.986345,0.913517,0.984263
286,2299,0.915424,0.929322,0.982015,0.988629,0.944557,1,1,0.887257,1
287,5692,0.90351,0.917471,0.996718,0.990208,0.932885,0.955669,0.978857,0.957229,0.985232
288,4898,0.869594,0.953835,1,1,0.943541,1,0.998031,0.875318,0.991203
289,5904,0.888868,0.929684,0.977053,0.943763,0.899132,0.995842,0.980842,0.964553,0.999553
290,2364,0.893512,0.925788,1,1,0.93531,0.988159,0.990369,0.885163,1
291,4029,0.89828,0.930777,0.977934,1,0.921782,0.980445,0.980984,0.927625,1
292,4345,0.918429,0.926042,0.972062,0.997009,0.913862,0.993029,0.980288,0.953953,0.978819
293,3537,0.919086,0.934904,0.999792,1,0.942852,0.998541,0.987049,0.86629,1
294,3342,0.895479,0.936356,0.985382,0.991446,0.924201,1,0.954304,0.953682,0.989036
295,3114,0.89279,0.948672,0.995262,0.968993,0.931747,1,0.975626,0.907083,0.999553
296,5752,0.904521,0.930153,0.99764,0.983135,0.933344,0.982384,0.988846,0.940047,1
297,4431,0.866759,0.920272,0.990132,0.989373,0.930248,0.985036,0.983192,0.960095,0.997994
298,4364,0.932401,0.915008,0.98226,0.988369,0.936056,0.972817,1,0.895641,1
299,7255,0.89224,0.920922,0.977873,0.990621,0.90675,0.99132,0.965591,0.964166,0.970074
300,3116,0.888406,0.943473,0.990265,0.986233,0.926338,1,0.997533,0.924666,0.98366
301,2668,0.932999,0.927486,0.993966,0.98519,0.919505,1,0.971998,0.918052,0.997751
302,5064,0.910985,0.939513,0.952277,0.996374,0.902766,0.986848,0.97464,0.914708,0.999831
303,7184,0.892062,0.910396,0.981348,1,0.922955,0.988766,0.98413,0.954509,0.991628
304,2156,0.918462,0.919248,0.96871,0.969076,0.903433,0.987379,0.971852,0.953026,0.993035
305,3728,0.900928,0.925882,0.981794,1,0.919382,0.994381,0.967665,0.971631,0.999504
306,3400,0.899897,0.923345,0.993768,1,0.928653,0.983866,0.987827,0.946635,0.989438
307,4762,0.916393,0.928696,0.977988,0.998128,0.936398,0.988767,0.993073,0.919736,0.975688
308,3464,0.909351,0.933063,0.987272,0.990679,0.930146,0.99722,0.977161,0.921289,0.994058
309,5815,0.867557,0.934063,0.994799,1,0.92925,0.992211,0.984525,0.912326,1
310,5462,0.901266,0.942337,0.984385,0.992518,0.919728,0.964893,0.974327,0.935967,1
311,3599,0.92842,0.924732,0.984241,0.993739,0.92245,0.992545,0.964953,0.933673,0.987637
312,3997,0.890177,0.915748,1,1,0.928136,1,0.973125,0.967342,1
313,6279,0.862522,0.935275,0.987119,1,0.923621,1,0.987759,0.931114,0.984959
314,2290,0.924578,0.927766,0.979932,0.991851,0.901655,0.995232,0.946309,0.967736,0.98797
315,5315,0.870949,0.933208,0.988306,1,0.92682,0.977101,0.981557,0.936016,1
316,3254,0.910352,0.90442,0.987879,0.997946,0.912843,1,0.949873,0.931692,0.989702
317,3682,0.896359,0.936524,0.982627,1,0.932324,1,0.978504,0.913577,1
318,3450,0.902046,0.912481,0.977161,1,0.923069,0.993018,0.992225,0.955524,1
319,2607,0.930611,0.939411,0.984395,0.985106,0.930119,1,0.97636,0.905797,0.978492
320,4273,0.91121,0.920049,0.981043,1,0.920077,0.987153,0.987068,0.933322,0.981526
321,6429,0.884638,0.912167,0.981363,0.996246,0.911794,1,0.974787,0.92942,0.996353
322,3870,0.891895,0.941801,0.980042,0.995729,0.896216,1,0.974822,0.935307,0.98881
323,5019,0.902945,0.909778,0.964051,0.998188,0.906258,0.980641,0.976008,0.971712,0.99441
324,4749,0.908131,0.915773,0.988056,0.994792,0.912801,0.963603,0.992132,0.956132,0.980981
325,3181,0.939004,0.919079,0.961165,0.986526,0.905527,1,0.96179,0.947353,0.975393
326,3581,0.918308,0.943583,0.972521,0.966854,0.922487,0.979906,0.980908,0.977387,0.973952
327,1295,0.864983,0.927809,0.987487,1,0.939744,0.995855,0.988405,0.921382,0.990504
328,6686,0.884428,0.932888,0.986162,0.988924,0.907316,0.989214,0.98019,0.976822,0.981453
329,4861,0.898882,0.928817,0.969362,0.966547,0.923891,1,0.987252,0.913471,0.983896
330,4568,0.903271,0.927399,0.975253,0.983861,0.923714,1,0.985179,0.943969,0.999623
331,1821,0.909812,0.917671,0.986955,1,0.942346,0.99725,0.991487,0.904338,1
332,3998,0.890476,0.948655,0.9753,0.991809,0.907062,0.992142,0.977015,0.916788,0.989506
333,4853,0.885812,0.938504,0.980929,0.964464,0.90757,0.996728,0.965528,0.956245,0.982126
334,3842,0.913497,0.922002,0.978633,0.970621,0.912745,1,0.968287,0.939946,0.991806
335,4331,0.895199,0.927705,0.995678,1,0.92967,1,0.987663,0.927731,0.994185
336,3465,0.937809,0.930746,0.985875,0.986936,0.915561,0.991644,0.975217,0.955607,0.981943
337,7080,0.900617,0.921147,0.986458,0.991406,0.92538,0.998087,0.993956,0.931169,0.982097
338,2983,0.923557,0.915449,0.966092,1,0.9083,1,0.980313,0.953243,0.974018
339,5307,0.838842,0.930751,0.983763,0.998677,0.912309,0.988312,0.973618,0.973425,0.992391
340,5582,0.891699,0.91278,0.980043,0.984062,0.936139,0.998795,0.993678,0.921165,0.984142
341,3428,0.89811,0.93685,0.98366,0.986761,0.913388,0.999339,0.966889,0.939205,0.973207
342,2536,0.896895,0.9517,0.981618,0.981907,0.927998,0.981275,0.990519,0.912354,0.997235
343,5084,0.880465,0.933968,0.975841,0.976663,0.915612,0.978717,0.970014,0.958717,0.983877
344,5253,0.876023,0.927481,0.995493,0.982132,0.930647,0.988276,0.962627,0.944464,0.980898
345,3348,0.895298,0.923453,0.988632,1,0.921544,1,0.98487,0.917333,0.998877
346,5059,0.8747,0.950054,0.987961,0.995501,0.916875,0.989546,0.980625,0.96516,0.991156
347,4736,0.914522,0.90947,0.975154,1,0.914184,0.998698,0.974034,0.93442,0.976768
348,1429,0.883535,0.93334,0.992689,1,0.923821,0.986457,0.974533,0.93702,0.988248
349,4686,0.887468,0.935258,0.986759,1,0.928005,0.989458,0.977061,0.955077,0.992803
350,3056,0.913701,0.915542,0.950686,0.989596,0.907341,0.98611,0.975343,0.932835,0.992971
351,2953,0.917267,0.917758,0.986057,0.997189,0.91653,0.972632,0.97345,0.963927,1
352,4867,0.900391,0.934451,0.981252,1,0.910701,0.991059,0.976194,0.939871,0.989383
353,1322,0.938879,0.92142,0.981677,0.996414,0.898882,0.986258,0.96215,0.972437,0.985839
354,3417,0.905683,0.946043,0.986725,1,0.919574,0.990051,0.983454,0.937971,0.971815
355,5487,0.866169,0.912936,0.986164,1,0.929981,0.993503,0.997975,0.965622,0.991478
356,3413,0.906285,0.931126,0.992157,0.991905,0.912287,0.979093,0.980304,0.924342,0.960607
357,2247,0.883014,0.946839,0.98704,0.981576,0.925881,0.987198,0.966768,0.939871,0.993691
358,3769,0.882656,0.923518,0.989384,1,0.930712,1,0.976461,0.89072,1
359,4053,0.908732,0.918875,0.976867,0.997471,0.918243,1,0.975128,0.89013,0.999868
360,1960,0.923224,0.932182,1,0.986774,0.909923,0.984268,0.954341,0.941239,0.986054
361,4524,0.911961,0.915089,0.990218,0.995308,0.929405,0.989078,0.964053,0.908117,1
362,5068,0.925414,0.916505,0.980626,0.985348,0.928528,0.994946,0.960154,0.933888,1
363,2749,0.92948,0.930279,0.981434,1,0.917993,1,0.983059,0.943336,0.991984
364,2895,0.907681,0.915811,0.985654,0.991315,0.910234,0.983601,0.97819,0.912509,0.999445
365,5862,0.852114,0.933784,0.98747,0.987819,0.932899,0.998659,0.993936,0.869366,1
366,1528,0.91453,0.930864,1,1,0.94495,1,0.994547,0.871446,1
367,3340,0.926831,0.926147,0.989168,0.992286,0.906781,0.997894,0.97344,0.932274,0.977762
368,1605,0.921041,0.927635,0.969533,0.981951,0.912473,1,0.986571,0.915,0.999663
369,4765,0.874849,0.931534,0.983639,1,0.92353,1,0.971682,0.963099,0.984671
370,8165,0.869835,0.939145,0.991196,0.988469,0.922686,0.985293,0.979915,0.904902,1
371,3245,0.905426,0.905739,0.989821,0.993813,0.920109,0.998147,0.985887,0.907678,0.993727
372,1871,0.912068,0.920203,0.965329,0.994346,0.903961,0.985305,0.966422,0.939192,0.981358
373,2969,0.882718,0.919565,0.979444,0.986364,0.913385,0.993335,0.990373,0.958123,0.990348
374,4073,0.884479,0.936906,0.997789,0.997375,0.921015,0.990051,0.98223,0.969655,0.999171
375,6797,0.887303,0.924793,1,0.990368,0.929888,0.991787,0.981395,0.923323,1
376,4118,0.912156,0.923696,0.992804,1,0.915434,0.987314,0.98758,0.956264,1
377,4524,0.882844,0.898973,0.97959,1,0.92869,0.996354,0.976193,0.985639,0.997901
378,3173,0.906878,0.919747,0.996292,0.994197,0.912681,0.988716,0.979635,0.931811,0.985196
379,5209,0.892823,0.917354,0.987581,1,0.908523,1,0.968405,0.953434,0.986487
380,2948,0.914775,0.940992,0.992318,0.977014,0.92106,1,0.953183,0.994908,0.986877
381,4158,0.884577,0.892943,0.991151,1,0.919517,0.993185,0.988048,0.950718,0.995702
382,2177,0.929536,0.928543,0.981371,1,0.921483,0.99447,0.977103,0.952165,0.99243
383,4413,0.93115,0.923734,1,0.991055,0.936171,0.973539,0.974665,0.920069,0.997865
384,3623,0.921321,0.932665,0.99363,1,0.936688,0.994859,1,0.929507,0.976838
385,4451,0.893239,0.930929,0.992782,1,0.916961,0.998319,0.977987,0.923628,0.988456
386,4653,0.909661,0.949435,0.97366,0.99926,0.925555,0.943511,0.972972,0.925634,1
387,3871,0.877832,0.939385,0.983549,1,0.942801,1,0.96908,0.914592,0.993404
388,2542,0.901322,0.941341,0.96038,0.994833,0.917992,0.994862,0.983787,0.958097,0.969914
389,4401,0.905536,0.929356,0.990102,1,0.922259,0.986948,0.96476,0.939607,0.996574
390,3860,0.897343,0.942373,0.971088,0.979119,0.898611,1,0.960352,0.98405,0.988475
391,1959,0.936555,0.946761,0.951774,1,0.921028,1,0.966735,0.925219,0.977275
392,1529,0.922717,0.925124,0.981842,0.982458,0.906271,0.979168,0.979382,0.95117,0.995748
393,4630,0.900532,0.932898,0.976539,0.994514,0.905026,0.986795,0.976456,0.971301,0.994652
394,2831,0.893467,0.939974,1,1,0.961684,0.999046,0.990351,0.839836,1
395,3709,0.910137,0.918943,0.981885,1,0.906038,0.993415,0.965885,0.96451,0.973448
396,4164,0.858868,0.927109,0.988064,0.994075,0.945934,1,1,0.900318,0.99966
397,1205,0.898588,0.920267,0.987901,0.995696,0.946748,1,0.995066,0.887932,1
398,3175,0.915735,0.935503,0.975283,0.990592,0.920521,0.984365,0.975365,0.915328,0.989042
399,3288,0.918242,0.910784,0.977702,0.978622,0.915774,0.990388,0.978622,0.952175,0.981484
400,3996,0.885978,0.945351,0.979386,1,0.915611,1,0.982768,0.937003,0.992431
401,4701,0.908385,0.913785,0.971403,0.992764,0.914796,0.995824,0.980847,0.941317,0.992498
402,4140,0.919319,0.914996,0.952732,0.997578,0.91424,1,0.966769,0.942393,1
403,3095,0.917578,0.922167,0.986292,1,0.937347,1,0.981126,0.921849,0.983319
404,3483,0.913099,0.929753,0.933776,1,0.934395,0.997918,0.957464,0.95932,1
405,2275,0.933597,0.917253,0.998287,0.994148,0.925557,0.992171,0.965731,0.919151,1
406,2935,0.924206,0.915345,0.987107,0.993169,0.903659,0.993115,0.976463,0.95183,0.969907
407,4899,0.911895,0.93433,0.996046,0.998313,0.909522,0.967547,0.967995,0.962011,0.998576
408,5493,0.868624,0.928303,1,1,0.925209,0.984147,0.989286,0.956199,0.990872
409,3858,0.927012,0.921576,1,1,0.931179,0.996192,0.960678,0.940451,1
410,1908,0.917534,0.931247,0.946331,0.989003,0.912559,0.982738,0.975317,0.953456,0.994085
411,4501,0.904266,0.917555,1,0.99859,0.914843,0.991972,0.982399,0.942478,0.994142
412,3484,0.89529,0.930472,0.992334,0.991662,0.922187,1,0.974824,0.898975,1
413,2711,0.892003,0.942583,0.957987,0.99217,0.909847,0.995802,1,0.939434,0.98539
414,2660,0.897851,0.925771,0.997678,1,0.927418,0.992466,0.987147,0.970136,0.997435
415,6044,0.912154,0.934515,0.969273,0.999569,0.907362,0.99067,0.947977,0.968259,0.977208
416,1210,0.916324,0.926745,0.996245,1,0.935353,1,0.989477,0.897704,1
417,5729,0.913095,0.920381,0.983685,0.996357,0.933107,0.993035,0.965709,0.933589,1
418,1732,0.921774,0.933874,0.992169,0.968215,0.912285,1,0.96778,0.945212,0.975692
419,1749,0.895714,0.919094,0.99436,1,0.934988,1,0.975825,0.886023,0.975108
420,4183,0.871432,0.935716,0.978193,1,0.92833,0.994914,0.991423,0.90655,0.971078
421,1844,0.903714,0.921404,0.996597,1,0.935773,1,1,0.838379,0.99819
422,2055,0.914451,0.932877,0.986194,1,0.917137,0.996965,0.980661,0.914397,1
423,2452,0.908684,0.916749,0.995263,0.999122,0.907992,0.987331,0.962074,0.928539,0.971256
424,3421,0.903893,0.929544,0.974122,0.958941,0.915158,0.990778,0.988508,0.917343,0.985302
425,5794,0.910051,0.90865,0.984649,0.99763,0.902995,0.978374,0.964263,0.971615,0.9878
426,4113,0.885429,0.916147,0.967918,0.995516,0.907374,0.981508,0.969672,0.960315,0.986354
427,4349,0.906271,0.911849,0.985925,1,0.919929,0.995413,0.980895,0.908799,1
428,2689,0.908916,0.926539,1,1,0.963308,1,0.995715,0.84395,1
429,3108,0.903599,0.945117,0.98103,1,0.920867,0.995921,0.981431,0.919541,0.992442
430,4092,0.872395,0.921826,0.98807,0.992122,0.920996,0.983842,0.986132,0.949663,0.997936
431,4524,0.910752,0.928524,0.979312,0.994002,0.910197,0.998695,0.975453,0.94624,0.986171
432,4240,0.893874,0.934881,0.978651,0.978059,0.914237,0.988888,0.973067,0.96957,0.976733
433,2501,0.89873,0.91007,0.97885,1,0.911204,0.992856,0.979275,0.994897,0.975731
434,3097,0.924902,0.938385,0.952973,0.999946,0.918592,0.985061,0.976756,0.969044,1
435,6094,0.895454,0.948365,0.990923,0.972019,0.921159,0.984997,0.967544,0.940038,0.980046
436,2520,0.91475,0.936096,0.956115,0.991954,0.89679,0.989869,0.964486,0.941081,0.988893
437,4126,0.91576,0.918916,0.987511,0.984191,0.920576,1,0.96305,0.921174,1
438,2834,0.916061,0.918008,0.958118,0.99378,0.90679,1,0.978027,0.982038,0.974249
439,3966,0.892558,0.922367,0.987305,1,0.922984,0.993242,0.998972,0.919977,0.984196
440,3658,0.891437,0.926685,0.971848,0.990138,0.918519,0.995512,0.960577,0.950271,0.992982
441,1423,0.903366,0.923007,0.99476,1,0.950263,1,0.985804,0.837988,0.99427
442,3760,0.921556,0.921721,0.984333,1,0.910771,0.983395,0.977796,0.931513,0.980196
443,3733,0.917037,0.913565,0.963873,0.994646,0.912624,1,0.977347,0.952899,0.979906
444,3409,0.91991,0.945491,0.98394,0.993644,0.926863,1,0.984381,0.895107,1
445,3369,0.897373,0.927917,0.984412,1,0.908425,0.999139,0.980451,0.922779,0.998852
446,6605,0.877039,0.936622,0.958127,0.995689,0.898957,0.982394,0.977669,0.964116,0.996076
447,5370,0.916456,0.933962,0.972559,0.948519,0.90939,1,0.965573,0.900226,0.9932
448,4391,0.929028,0.914131,0.990727,0.986091,0.914433,0.975858,0.969109,0.962415,0.994623
449,3272,0.897137,0.927012,0.982496,0.990843,0.898514,0.979984,0.971178,0.968612,0.982604
450,6683,0.891906,0.920487,0.986213,1,0.922449,1,0.97863,0.977649,0.981653
451,2593,0.895305,0.908392,0.991394,0.996498,0.920618,0.993026,0.966704,0.966408,0.983115
452,2919,0.911147,0.917883,0.993774,1,0.914153,0.935997,0.984784,0.959988,1
453,4751,0.883486,0.930978,0.9733,0.994944,0.927796,0.992984,0.980912,0.959126,1
454,2975,0.908341,0.928947,1,1,0.927652,1,0.980638,0.891111,1
455,2132,0.906256,0.928298,0.98475,0.996247,0.905965,0.998097,0.966699,0.938129,0.995903
456,3352,0.900376,0.94587,0.966438,0.995124,0.912203,0.99349,0.977954,0.915134,0.998444
457,2953,0.898167,0.945709,0.960826,0.999203,0.908328,0.984036,0.967973,0.967724,0.997609
458,3653,0.897899,0.925145,0.947313,0.990072,0.912622,1,0.957044,0.948357,0.990974
459,2698,0.90484,0.937539,0.973316,0.985627,0.91317,0.979726,0.969786,0.952928,0.987124
460,3484,0.89533,0.93868,0.982605,0.990699,0.911682,0.988504,0.971658,0.974045,0.997092
461,1863,0.89318,0.9243,0.967481,0.98486,0.887975,1,0.974841,0.98945,0.983433
462,3541,0.896376,0.926851,0.987877,0.995925,0.91342,0.989491,0.980675,0.922698,1
463,3115,0.908993,0.934382,0.982621,1,0.912998,0.992933,0.968827,0.942705,1
464,3394,0.932569,0.942095,0.982609,0.957991,0.922489,0.973748,0.972335,0.934563,0.997037
465,3770,0.906472,0.934457,0.987088,0.974997,0.917305,0.989714,0.978362,0.984025,0.977979
466,1899,0.910401,0.915629,0.977538,0.997455,0.90462,0.993997,0.957317,0.960941,0.99704
467,5253,0.879904,0.923262,0.978349,0.993443,0.918796,0.994884,0.97801,0.940588,0.996778
468,3603,0.878798,0.93491,0.981231,1,0.915832,1,0.984148,0.952613,0.982353
469,2540,0.914949,0.92834,0.990288,0.990478,0.902099,0.971704,0.981956,0.935373,0.984093
470,4544,0.898905,0.947313,0.917953,1,0.918156,0.987522,0.986427,0.914948,0.999975
471,2596,0.916956,0.933596,1,0.996322,0.923007,0.949088,0.985681,0.892569,0.994445
472,4585,0.909918,0.927808,0.987077,1,0.921118,1,0.973191,0.919395,0.988394
473,4144,0.879649,0.922618,0.980688,1,0.917744,0.991496,0.984211,0.937825,0.996371
474,3231,0.915754,0.951232,0.987946,1,0.930966,1,0.983735,0.916281,1
475,3023,0.911152,0.921003,0.976951,1,0.918227,1,0.975427,0.972162,0.991074
476,3016,0.887429,0.929133,0.949813,0.996087,0.928961,0.992231,0.991745,0.923077,0.989517
477,3202,0.931975,0.925588,0.98418,1,0.914618,0.995607,0.966688,0.925237,0.978035
478,2060,0.892539,0.918569,0.973747,0.991036,0.907739,1,0.984215,0.970072,0.969432
479,4181,0.890053,0.934903,0.978275,0.997677,0.914128,1,0.983026,0.928805,0.991896
480,4401,0.900304,0.915174,0.991813,1,0.923056,1,0.983737,0.924002,0.994653
481,3969,0.896445,0.910146,0.986024,0.99901,0.916887,0.97612,0.969214,0.927836,0.985364
482,3391,0.901033,0.932088,0.976989,0.998855,0.927939,1,0.985389,0.884386,1
483,6267,0.881561,0.923919,0.982265,1,0.925333,0.97093,0.99103,0.920578,0.997198
484,3241,0.915623,0.922315,0.979839,1,0.926393,0.988914,0.982797,0.942016,0.992791
485,3876,0.914973,0.932813,0.98066,0.983551,0.914455,0.985815,0.975831,0.97324,0.988652
486,2182,0.897369,0.94746,0.985751,0.989633,0.912425,0.97937,0.981584,0.942016,0.994738
487,3050,0.910899,0.922306,0.986039,0.994296,0.917511,0.980023,0.991828,0.936211,0.995034
488,4277,0.899388,0.941314,1,1,0.922295,0.960232,0.982487,0.908395,0.996312
489,3043,0.88799,0.931566,0.963691,1,0.920415,0.999273,0.995916,0.931867,1
490,9830,0.88876,0.907102,0.99983,0.981318,0.930737,0.992131,0.97795,0.951994,0.976252
491,6931,0.866522,0.93795,0.991347,1,0.93287,0.998688,0.98074,0.937783,0.986044
492,2096,0.90911,0.932979,0.986064,0.994099,0.913641,0.986037,0.962775,0.954054,0.986037
493,1321,0.924126,0.943537,0.989264,0.979457,0.909589,0.999072,0.972436,0.909647,0.959176
494,6922,0.891179,0.931847,0.987177,0.961581,0.921246,0.989271,0.976346,0.955348,0.97982
495,3590,0.901848,0.918779,0.977801,0.998349,0.910287,0.993081,0.978351,0.977277,0.956336
496,3103,0.921913,0.948594,0.992256,1,0.924847,0.995598,0.973672,0.950985,0.979541
497,3502,0.881624,0.931548,0.986521,0.995428,0.903904,0.979412,0.97217,0.99038,0.971457
498,4288,0.880705,0.924449,0.967327,1,0.941124,0.987575,0.972903,0.919495,1
499,3082,0.909483,0.935277,0.974524,0.995736,0.926617,0.99759,0.980403,0.896136,0.993883
500,3397,0.89824,0.92798,0.972644,1,0.907912,0.952978,0.983763,0.949522,0.990676
501,3754,0.90715,0.920366,0.961181,0.981756,0.897976,0.994532,0.976133,0.974604,0.986913
502,2251,0.928742,0.936893,0.991693,0.983282,0.926224,0.999065,0.979414,0.932298,0.98105
503,3262,0.901949,0.931389,0.976503,0.992592,0.900207,1,0.951237,0.975121,0.993117
504,1827,0.912647,0.934621,0.989474,1,0.94653,1,0.977782,0.916038,0.998264
505,8417,0.869306,0.937556,0.966431,1,0.930639,1,0.997876,0.922019,0.99301
506,2941,0.909752,0.917593,0.992921,0.970275,0.919623,1,0.984066,0.920836,0.996447
507,6433,0.877138,0.944928,1,1,0.937928,0.976138,0.984903,0.905622,1
508,2232,0.926984,0.921852,0.958865,0.999787,0.908264,0.991332,0.972346,0.947591,0.983886
509,3256,0.901259,0.937713,0.987466,1,0.917015,1,0.987193,0.874935,0.990552
510,3861,0.90671,0.937106,0.992283,1,0.913265,1,0.975827,0.897915,0.989269
511,3348,0.915402,0.920043,0.989745,0.999083,0.913901,1,0.973848,0.939692,0.99144
512,2516,0.914408,0.936336,0.982887,0.985817,0.910404,0.995944,0.971556,0.949053,0.991365
513,3475,0.91142,0.917657,0.986935,1,0.92066,0.993044,0.981699,0.92605,0.997202
514,3282,0.875558,0.93376,0.979058,1,0.92341,1,0.972472,0.923249,0.986612
515,5781,0.903344,0.909552,0.990453,1,0.947437,0.994757,0.989294,0.9066,0.983086
516,5000,0.882216,0.922793,0.938939,0.994655,0.92769,1,0.986876,0.919211,0.997873
517,5751,0.888614,0.936134,0.993586,1,0.929869,1,0.959918,0.945043,1
518,3087,0.906196,0.930274,0.969729,1,0.923654,1,0.968501,0.946478,0.992125
519,6233,0.899966,0.936205,0.98006,0.988658,0.913185,0.983141,0.969195,0.973899,0.977092
520,9770,0.856819,0.936571,0.993631,0.991967,0.922887,0.984968,0.965661,0.982185,0.979259
521,3491,0.898411,0.92464,0.983641,0.993044,0.904817,0.980919,0.959089,0.994501,0.973276
522,3246,0.913634,0.933195,0.980098,0.983647,0.904801,0.999737,0.972631,0.951467,0.97505
523,5539,0.880522,0.94055,0.992027,1,0.934504,0.992484,0.981283,0.923207,0.982608
524,5262,0.878035,0.920757,0.986528,0.987762,0.924242,1,0.989656,0.911757,1
525,5516,0.877071,0.953976,0.97259,1,0.93477,1,1,0.908597,0.985259
526,3585,0.920815,0.90756,0.980605,0.993143,0.922249,0.995553,0.962272,0.926209,0.999025
527,3458,0.917801,0.933536,0.989439,0.983975,0.913361,0.998056,0.982346,0.931698,1
528,5259,0.887197,0.935438,0.997783,1,0.931859,0.995192,0.962444,0.932607,1
529,3611,0.872056,0.918573,0.991469,1,0.933818,1,0.99449,0.953874,0.982266
530,2119,0.895621,0.950558,0.968208,0.983329,0.908648,0.985097,0.978733,0.988822,0.98613
531,2429,0.920323,0.926075,0.963889,0.983492,0.902654,0.951327,0.974903,0.948774,0.995615
532,3580,0.902195,0.934012,0.965593,0.998718,0.923808,0.995787,0.975457,0.92195,1
533,4477,0.889215,0.93134,1,0.99904,0.944329,1,1,0.881684,1
534,4284,0.916744,0.92121,0.987191,1,0.945367,0.993455,0.987219,0.861998,0.98941
535,2443,0.909844,0.932,0.98138,1,0.914765,0.992804,0.980515,0.940283,0.99639
536,4476,0.903289,0.916833,0.981519,0.987519,0.907086,0.993139,0.977164,0.965999,0.96843
537,1089,0.915509,0.938001,0.988241,0.962473,0.913407,1,0.990392,0.913945,0.986407
538,8006,0.882937,0.941704,0.981526,0.99629,0.931826,1,0.971544,0.927829,0.989652
539,6259,0.8748,0.920275,0.984422,1,0.923317,1,0.993496,0.941072,0.988959
540,3155,0.911033,0.908079,1,0.996862,0.926142,1,1,0.862936,0.984864
541,4429,0.921182,0.941206,0.987793,1,0.92883,0.996912,0.958191,0.887793,0.993052
542,6256,0.881325,0.923884,0.991175,1,0.930813,0.999747,0.966974,0.907245,0.997193
543,3977,0.878992,0.919205,0.994835,1,0.939549,1,0.998841,0.913803,1
544,2803,0.880903,0.931967,0.975188,1,0.914999,1,0.992316,0.919188,0.984793
545,3338,0.897896,0.927977,0.979982,0.989025,0.932566,0.996458,0.987817,0.902431,1
546,5941,0.882029,0.923006,0.989432,0.983097,0.917723,0.985847,0.976438,0.958538,0.977463
547,5162,0.943653,0.924648,0.98586,1,0.927267,0.993531,0.978242,0.92545,0.98586
548,3122,0.881173,0.934047,0.989034,1,0.933069,1,0.983908,0.906857,0.999075
549,5407,0.894322,0.921117,0.976343,1,0.923518,0.993533,0.991596,0.945237,0.987367
550,8089,0.860994,0.924698,0.997449,1,0.917148,1,0.952582,0.980672,0.974719
551,1678,0.926855,0.957082,0.974483,0.971503,0.916425,0.989437,0.98816,0.948913,0.99835
552,3916,0.892784,0.924859,0.980866,0.998946,0.929709,0.99776,0.981551,0.953403,0.994834
553,4380,0.894795,0.942701,0.988587,1,0.913711,0.994176,0.98174,0.919614,0.98355
554,6879,0.8746,0.93267,0.984621,1,0.927075,0.999091,0.970924,0.959156,1
555,5100,0.88165,0.944206,1,1,0.931039,0.982385,0.958771,0.93719,1
556,2468,0.926376,0.948795,0.978705,1,0.925573,1,0.964312,0.932663,0.990797
557,3897,0.914896,0.939414,0.982817,0.966708,0.913456,0.988029,0.971815,0.983288,0.977866
558,5278,0.910232,0.902345,0.951263,0.983686,0.897448,0.924665,0.967294,0.97,0.987784
559,4692,0.911513,0.908388,0.984155,0.996959,0.927079,0.982676,0.983513,0.923257,0.994783
560,2610,0.87868,0.924466,0.992893,0.99264,0.929831,0.999494,0.985506,0.911067,0.986376
561,2381,0.918666,0.927769,0.965043,0.975546,0.9146,1,0.976839,0.907436,0.98947
562,4076,0.888043,0.934323,0.980365,1,0.920196,0.988377,0.972221,0.91561,0.96724
563,5480,0.89819,0.923437,0.985213,1,0.931241,0.986281,0.986254,0.919001,0.984255
564,1545,0.909962,0.939474,0.980343,1,0.931147,1,0.994076,0.902099,0.998908
565,5992,0.904903,0.934356,0.98739,0.994299,0.90378,0.975988,0.960614,0.979645,0.991017
566,3029,0.901352,0.937246,0.999099,0.99625,0.915841,0.983124,0.983222,0.92977,1
567,5233,0.885797,0.92216,0.97191,1,0.916635,1,0.973663,0.946596,0.993482
568,3780,0.943228,0.931133,0.966637,0.972609,0.916568,0.965579,0.971702,0.952073,1
569,2730,0.879128,0.920705,0.984342,0.999832,0.910807,0.991025,0.98753,0.935719,0.995079
570,3236,0.907228,0.951329,0.993721,1,0.957055,1,1,0.855015,1
571,4577,0.8868,0.918727,0.965664,0.988881,0.900487,0.993938,0.959231,0.982025,0.986287
572,5597,0.857837,0.937505,0.999816,0.977103,0.934301,1,0.988236,0.945041,0.989155
573,6351,0.839805,0.922567,0.966901,0.981938,0.922481,0.996486,0.985539,0.985827,0.999251
574,3397,0.913099,0.942621,0.992754,0.967875,0.917689,0.952631,0.95977,0.95239,0.997236
575,2626,0.894844,0.946462,0.976858,0.992267,0.901871,0.981627,0.975164,0.95634,0.961138
576,5307,0.871137,0.931769,0.992479,1,0.920129,0.985059,0.98401,0.953541,0.989971
577,4413,0.893029,0.926702,0.975362,0.999464,0.918097,0.985255,0.980429,0.971314,0.992869
578,3773,0.890866,0.884409,0.993957,0.991943,0.931347,1,0.982368,0.918488,0.992329
579,3550,0.905501,0.946691,0.980724,1,0.942773,0.997937,0.975761,0.926109,0.971426
580,1676,0.902668,0.936309,0.989356,0.999604,0.944626,1,0.981558,0.86883,0.989727
581,4278,0.874126,0.927069,0.982325,1,0.935879,0.997385,0.985684,0.893233,1
582,3180,0.892543,0.925782,0.940861,1,0.92921,1,0.987974,0.909524,0.986903
583,4711,0.880887,0.919257,0.995864,1,0.944686,0.997198,0.984204,0.912026,0.992369
584,3434,0.88691,0.940219,0.995083,1,0.943455,1,0.984848,0.886157,1
585,4755,0.898336,0.959839,1,1,0.936444,0.991963,0.992235,0.882855,0.996291
586,6930,0.87992,0.92602,0.992191,1,0.925031,0.987219,0.988364,0.950047,1
587,2570,0.909951,0.927245,0.983245,1,0.913188,1,0.973278,0.941472,0.99344
588,2086,0.905107,0.929181,0.967554,0.996517,0.911961,0.980167,0.99205,0.942272,0.981656
589,2030,0.919269,0.916615,0.990846,0.983534,0.915098,0.981178,0.951469,0.950711,1
590,3417,0.903957,0.925517,0.993466,0.980269,0.915613,1,0.982307,0.949273,0.99804
591,3912,0.908644,0.938622,0.999442,1,0.938622,1,0.961652,0.87623,1
592,4311,0.870079,0.931585,0.99367,1,0.935443,1,0.960989,0.922986,1
593,7006,0.881144,0.946149,0.968718,1,0.954468,0.975148,0.999029,0.923921,1
594,3662,0.904065,0.914942,0.992027,0.981732,0.938754,1,0.980913,0.8632,1
595,4323,0.907564,0.935376,0.934859,1,0.925613,0.998693,0.995019,0.922629,0.984048
596,6476,0.871852,0.955133,0.943935,0.988074,0.906199,0.988099,0.986568,0.951317,0.996284
597,4849,0.881986,0.934912,0.974008,0.98878,0.91083,0.976645,0.97312,0.974358,0.996368
598,4828,0.913801,0.900649,0.988334,0.99414,0.9075,0.976889,0.973835,0.970863,0.977797
599,1949,0.928318,0.925628,0.97396,1,0.912064,1,0.962142,0.960453,0.998483
600,4186,0.909179,0.923578,0.991572,0.982954,0.933627,1,0.981387,0.936598,0.987222
601,3746,0.934949,0.913245,0.98951,1,0.922228,0.982516,0.971936,0.903358,0.997739
602,3269,0.916152,0.916299,0.978942,0.998794,0.92324,0.979001,0.976296,0.952385,1
603,2957,0.896094,0.951584,0.975038,0.983384,0.914634,1,0.97886,0.910136,0.994618
604,4318,0.845063,0.926889,0.979865,1,0.929173,1,0.986113,0.953377,1
605,1434,0.92374,0.916475,0.982543,1,0.934851,0.993942,0.9855,0.88159,0.997502
606,2189,0.919034,0.93484,0.973899,0.989382,0.899788,1,0.982474,0.932502,0.9782
607,1777,0.920979,0.930034,0.982107,0.989477,0.923562,1,0.973052,0.898192,0.996411
608,3488,0.918114,0.908059,0.978243,0.997949,0.9015,0.977694,0.942789,0.987344,0.995175
609,2967,0.904865,0.928188,0.997581,0.997844,0.920747,1,0.99198,0.902524,0.989719
610,4179,0.926961,0.921138,0.983565,1,0.911432,0.984238,0.9802,0.96053,0.97008
611,2974,0.902237,0.919611,0.975308,0.99271,0.914444,0.984721,0.979163,0.953521,0.999358
612,2247,0.930553,0.94874,0.983505,1,0.902132,0.981193,0.97124,0.925478,0.989116
613,1202,0.90556,0.935773,0.908956,1,0.909684,0.982158,0.967685,0.929547,0.995364
614,7076,0.881184,0.913477,0.982115,1,0.921295,0.980232,0.971577,0.933375,0.995842
615,2615,0.917406,0.911061,0.989051,0.995845,0.904997,0.984278,0.959405,0.977934,0.990455
616,6318,0.882127,0.908629,1,0.998399,0.935995,0.995655,0.963335,0.943973,0.988286
617,2672,0.925017,0.928775,0.938758,1,0.913343,0.990339,0.97158,0.968789,0.972787
618,3542,0.915486,0.910439,0.962935,1,0.929793,0.994693,1,0.904555,0.994347
619,3691,0.928648,0.951987,0.983734,0.986143,0.918197,1,0.96972,0.963041,0.956728
620,4015,0.909567,0.931312,0.97975,0.995484,0.904965,1,0.981821,0.951332,0.988293
621,1544,0.925216,0.924276,0.962337,0.967893,0.908151,0.986069,0.986069,0.953876,0.998063
622,3919,0.910418,0.929603,0.993852,0.995362,0.926035,0.989434,0.962537,0.922357,0.983944
623,4753,0.880891,0.928268,0.972614,0.998916,0.939361,0.995607,0.997776,0.928573,1
624,3290,0.89125,0.943591,0.971312,1,0.919274,0.982239,0.989792,0.958696,0.987578
625,4919,0.944453,0.943773,0.982697,0.998037,0.942333,1,0.989477,0.852835,0.980446
626,4713,0.906051,0.938539,0.981275,0.992894,0.921011,1,0.982621,0.951206,0.972349
627,3226,0.911863,0.929987,0.983181,0.999002,0.916342,1,0.973223,0.944962,0.972404
628,1780,0.92055,0.935019,0.974601,0.969207,0.905768,0.985874,0.984247,0.981793,0.990754
629,1545,0.926838,0.924596,0.989443,0.996793,0.903369,0.973891,0.966172,0.947981,0.989869
630,5601,0.87463,0.923187,1,1,0.94284,1,0.985992,0.916062,0.994139
631,1331,0.893316,0.92281,0.999816,0.987209,0.916953,0.994563,0.976231,0.933001,0.997269
632,1418,0.919772,0.934174,0.98277,1,0.91033,1,0.974689,0.920065,0.995412
633,2101,0.898958,0.910907,0.991719,0.999694,0.917938,0.942143,0.980242,0.97524,0.988162
634,7327,0.863877,0.940409,0.998956,0.991465,0.928506,0.988306,0.979536,0.953042,0.98105
635,5461,0.929874,0.905183,0.989215,0.986223,0.918651,1,0.9742,0.913104,0.979437
636,3158,0.914149,0.937001,0.955255,0.996771,0.927833,1,0.9896,0.918692,0.987657
637,7676,0.882757,0.929075,0.987517,1,0.908748,0.995104,0.988594,0.973624,0.987491
638,4043,0.890649,0.936123,0.984805,0.998143,0.918451,1,0.974899,0.949714,1
639,5423,0.871978,0.921764,1,0.991481,0.940474,0.988748,0.987235,0.967835,0.991747
640,3267,0.897655,0.93319,0.998631,0.99233,0.918212,1,0.975854,0.913847,0.992046
641,4085,0.892111,0.924573,0.99959,1,0.935359,1,0.986626,0.922626,0.986575
642,3373,0.8958,0.941916,0.981013,0.972325,0.913176,0.985501,0.973562,0.95374,0.996375
643,4193,0.877371,0.947764,0.995894,1,0.932093,1,0.991508,0.853013,0.986815
644,5710,0.864115,0.930568,0.977658,1,0.936383,1,0.99768,0.914127,1
645,5599,0.913588,0.924686,0.991689,0.985129,0.918249,0.989716,0.984908,0.913169,0.978989
646,6062,0.883575,0.934158,0.995841,1,0.93243,1,0.986308,0.892028,1
647,4451,0.894389,0.930799,0.99383,1,0.9188,0.997984,0.982997,0.892325,1
648,4745,0.923244,0.944067,0.957772,1,0.9415,1,1,0.900675,1
649,1665,0.937894,0.92225,0.993637,1,0.928928,1,0.981463,0.891486,1
650,3814,0.903284,0.927904,0.992657,1,0.928732,1,0.996235,0.917196,0.991108
651,4169,0.920779,0.908658,0.960922,0.956639,0.897125,0.985779,0.989083,0.995241,0.970719
652,3425,0.941701,0.915624,0.980954,1,0.92105,0.993439,0.960829,0.960303,0.990422
653,5418,0.896947,0.930643,0.992121,0.989749,0.915458,0.992366,0.975136,0.967966,0.992666
654,5035,0.896619,0.918296,0.982976,0.995993,0.927548,0.987091,0.974747,0.940134,1
655,4004,0.905798,0.907296,0.954303,1,0.917944,0.990663,0.983707,0.971533,0.983278
656,4676,0.928487,0.912757,0.992893,0.998843,0.908845,0.992397,0.961902,0.954244,0.990854
657,2012,0.887279,0.920571,0.967486,0.998618,0.920715,0.956484,0.990986,0.954641,0.999654
658,4546,0.898316,0.929177,0.971873,0.965067,0.914006,0.99128,0.97939,0.931418,0.95509
659,8138,0.865577,0.926944,0.994647,0.999948,0.920375,0.990147,0.976363,0.954977,0.994078
660,1773,0.921328,0.931976,0.959523,0.992676,0.919075,0.983494,0.988451,0.924765,0.998648
661,2624,0.877001,0.928996,0.991825,1,0.938303,1,0.989533,0.883253,0.989816
662,2169,0.913917,0.927897,0.961251,0.997251,0.926056,1,0.961147,0.903284,0.999014
663,4409,0.89521,0.93787,0.99316,0.984374,0.943237,0.999151,0.996455,0.86528,1
664,745,0.921304,0.929145,0.992242,1,0.932705,1,0.986902,0.896499,0.983621
665,5960,0.91677,0.920286,0.989828,0.993263,0.91524,0.997558,0.957808,0.929384,0.993746
666,6031,0.865404,0.928232,0.98269,0.991956,0.910867,0.986684,0.979402,0.975597,1
667,6721,0.881894,0.924365,0.997627,0.999525,0.924496,0.996415,0.988268,0.911447,0.995835
668,2331,0.909904,0.914223,0.976715,0.965335,0.913088,0.989866,0.975773,0.956253,0.998754
669,2036,0.901734,0.9099,0.961418,0.996212,0.911415,1,0.98235,0.95429,0.997671
670,731,0.911586,0.932036,0.983893,0.991467,0.904087,0.985433,0.973314,0.954379,0.982277
671,2790,0.930164,0.932093,0.911589,0.986119,0.898428,0.984622,0.966738,0.930538,0.962245
672,6400,0.89866,0.908488,0.960904,0.99648,0.917368,0.986869,0.974063,0.982564,0.982158
673,4144,0.881994,0.931556,1,1,0.937636,1,0.999128,0.920859,0.986404
674,4109,0.894576,0.929813,0.97228,0.997573,0.913421,0.999347,0.983426,0.926368,0.992352
675,2836,0.924846,0.94775,0.984068,0.957641,0.917044,0.985855,0.970729,0.928571,0.965318
676,3303,0.890267,0.920006,1,1,0.931943,1,0.985944,0.906312,0.996021
677,1728,0.913705,0.923974,0.998235,1,0.939912,0.99762,0.991951,0.888916,0.996898
678,3854,0.868256,0.926806,1,1,0.924233,0.970602,0.978868,0.935839,1
679,4108,0.885467,0.945139,0.988393,1,0.930783,1,0.997118,0.91135,0.997383
680,4260,0.920844,0.931053,0.952131,0.992915,0.913099,0.992001,0.975596,0.954416,0.995023
681,5024,0.913669,0.935194,0.969309,1,0.927444,1,0.980741,0.922449,0.981488
682,9830,0.88423,0.916774,0.982466,1,0.910737,0.990945,0.962188,0.961008,0.990259
683,1547,0.924372,0.908947,0.976833,0.991032,0.903088,0.978896,0.982005,0.947927,0.990614
684,3618,0.930233,0.916944,0.989502,0.989581,0.915189,0.983229,0.976027,0.949688,0.992771
685,4446,0.90706,0.919146,0.986055,0.986666,0.915135,1,0.936597,0.96539,0.981911
686,2391,0.900796,0.933386,0.974808,1,0.910475,0.989287,0.982153,0.917767,0.99825
687,1587,0.905682,0.945384,0.998089,1,0.928213,1,0.97094,0.913352,0.99862
688,5608,0.895166,0.917029,0.993148,1,0.924601,0.987469,0.985549,0.92764,0.988935
689,4526,0.908335,0.93789,0.989582,0.985834,0.916479,0.986009,0.976665,0.950232,0.991431
690,2123,0.922511,0.924837,0.979944,1,0.903713,0.989739,0.985772,0.923468,0.975675
691,2515,0.912537,0.94413,0.993571,1,0.925064,1,0.984425,0.936565,1
692,6738,0.898182,0.932035,0.987534,1,0.918368,0.991915,0.974546,0.937877,0.995227
693,7247,0.903887,0.943952,0.992752,1,0.929668,0.999867,0.978388,0.90471,1
694,2975,0.923042,0.943271,0.982732,0.9999,0.92665,0.985171,0.988331,0.937797,0.991292
695,1782,0.894347,0.917045,0.946932,0.997017,0.908068,0.998153,0.962216,0.961307,0.990909
696,2273,0.909641,0.930447,0.981326,0.995168,0.906884,1,0.955545,0.96646,0.988005
697,5206,0.911605,0.91478,0.984214,0.983194,0.909168,0.975117,0.978433,0.978064,0.968655
698,5417,0.914873,0.890175,0.986911,0.989752,0.910127,0.961155,0.973851,0.977237,0.981711
699,2649,0.896679,0.926076,0.958788,1,0.929475,0.957479,0.989272,0.96556,0.980634
700,2747,0.9084,0.934661,0.986657,0.987157,0.913523,1,0.977113,0.904303,0.989031
701,5493,0.897356,0.93832,0.992136,1,0.924592,0.989533,0.961885,0.923031,0.992739
702,3397,0.917257,0.918836,1,1,0.947206,1,0.992564,0.90274,0.997708
703,3717,0.903644,0.912355,0.968053,1,0.916968,1,0.973927,0.956851,0.998338
704,4676,0.919607,0.935325,0.995325,1,0.910122,0.993551,0.97399,0.919795,0.984093
705,3670,0.899809,0.926701,0.983477,0.986696,0.899952,0.979973,0.976925,0.988349,0.989289
706,4416,0.887659,0.935321,0.978484,0.94339,0.911115,0.976803,0.991828,0.964389,1
707,3710,0.883261,0.925862,0.990243,0.996721,0.926768,0.994828,0.972995,0.936952,1
708,3896,0.886638,0.936441,0.978889,1,0.920827,0.987675,0.982177,0.962598,0.994352
709,3013,0.895148,0.941863,0.976871,1,0.919279,0.997309,0.971604,0.938858,0.987233
710,4217,0.924875,0.91473,0.992002,1,0.935611,1,0.989425,0.909684,0.995491
711,4022,0.889119,0.9219,0.980895,1,0.914739,1,0.974665,0.949665,0.990538
712,4526,0.875678,0.927464,0.98508,1,0.910151,0.982152,0.990172,0.917254,0.995926
713,6190,0.901421,0.925056,0.976443,1,0.921717,0.998084,0.96966,0.929483,0.991198
714,4677,0.921091,0.939736,0.989361,1,0.924638,1,0.972996,0.89771,0.999341
715,4108,0.891056,0.913935,0.995533,1,0.930011,1,0.979198,0.903703,0.999351
716,4087,0.9144,0.908924,0.976,0.983991,0.899701,1,0.983781,0.991196,0.985275
717,1008,0.932825,0.928248,0.989158,0.982375,0.92438,1,0.976328,0.897902,1
718,3144,0.890572,0.933666,0.976225,0.995572,0.9201,0.962772,0.991144,0.958711,1
719,3581,0.878293,0.934738,0.986504,0.989587,0.931736,1,1,0.908314,0.988587
720,5032,0.889595,0.911148,0.986242,0.99061,0.926815,0.978761,0.994063,0.940312,0.99762
721,3946,0.85863,0.935565,0.999894,1,0.940862,1,1,0.892555,0.996186
722,4363,0.892694,0.935511,0.978136,1,0.926055,0.992032,0.960684,0.922967,0.98751
723,2268,0.914526,0.913282,0.978873,1,0.913558,0.996709,0.982689,0.931339,0.995382
724,1315,0.927765,0.931021,0.986017,0.993596,0.908953,0.996051,0.967552,0.947058,0.988179
725,2649,0.916039,0.929529,0.995662,0.988861,0.915703,0.998936,0.97081,0.928829,0.981081
726,4399,0.892363,0.92673,0.967226,0.999568,0.908831,0.985962,0.970816,0.949245,0.983964
727,5403,0.900008,0.964063,0.966038,0.993608,0.914273,0.990426,0.980276,0.956903,0.986366
728,1506,0.903592,0.921714,0.973101,0.996045,0.91719,0.99274,0.97814,0.911204,0.985968
729,5334,0.886496,0.919302,0.944314,1,0.92763,0.998093,0.980513,0.952333,0.989653
730,2805,0.8989,0.915386,0.97884,0.998933,0.904793,0.993014,0.960144,0.977214,0.9921
731,5075,0.883541,0.941295,0.979539,1,0.935581,0.985484,0.974495,0.937486,1
732,8561,0.866703,0.929066,0.99426,1,0.932758,0.996011,0.966824,0.9354,1
733,4337,0.930417,0.925681,0.997344,1,0.934802,1,0.992658,0.876619,0.991005
734,2793,0.905432,0.926331,0.979916,0.99429,0.915445,1,0.979185,0.92515,0.986301
735,3909,0.903147,0.94909,0.99321,0.997437,0.908906,0.993263,0.988243,0.926739,0.977174
736,3402,0.922321,0.909108,0.964729,0.991128,0.901674,0.991019,0.963182,0.958515,0.982744
737,1692,0.912201,0.913879,0.965401,0.985427,0.881405,0.98456,0.955527,0.951695,0.967023
738,6221,0.918756,0.902197,0.993219,0.989513,0.922567,0.998686,0.9606,0.918388,0.975372
739,1644,0.904117,0.933116,0.953204,1,0.919266,0.977519,0.973878,0.904397,1
740,1556,0.898787,0.926278,0.975522,0.998008,0.910868,0.988836,0.967293,0.954058,0.993632
741,5987,0.909005,0.912546,0.993317,1,0.928929,0.998753,0.961747,0.915613,0.972794
742,3317,0.914371,0.920628,0.986075,1,0.928352,1,0.983002,0.909,1
743,2649,0.879573,0.940258,0.988296,0.995618,0.920233,0.985467,0.94905,0.955512,1
744,5448,0.854681,0.928702,0.976348,0.945958,0.906715,0.983616,0.98639,0.966386,0.991332
745,8970,0.865397,0.920367,0.977731,0.994563,0.911262,0.996384,0.943079,0.973829,0.983168
746,2079,0.923127,0.925797,0.990781,0.995567,0.940104,0.997003,0.977331,0.914614,1
747,2137,0.899601,0.938112,0.972473,0.991566,0.910666,0.997342,0.970087,0.933285,1
748,1939,0.891324,0.93543,0.984645,1,0.934715,0.995844,0.95878,0.939242,1
749,2867,0.906301,0.933737,0.987909,0.998738,0.927004,0.999411,0.977866,0.913202,1
750,3612,0.915088,0.917169,0.980656,0.963852,0.91136,0.974038,0.979198,0.956342,0.999298
751,3137,0.907281,0.934019,0.988981,0.998758,0.927564,1,0.984713,0.930076,0.97653
752,5874,0.904976,0.921476,0.948279,1,0.929326,0.987167,0.992202,0.929068,0.995998
753,5866,0.875791,0.908826,0.983315,0.998244,0.904435,1,0.96712,0.928533,0.980319
754,5673,0.929916,0.903741,0.979663,0.986871,0.90333,1,0.974263,0.972564,0.986214
755,3151,0.885216,0.897175,0.982987,1,0.926616,0.993648,0.983815,0.962079,1
756,4689,0.896922,0.934901,0.997248,1,0.941592,0.998106,0.97894,0.927123,1
757,1940,0.90882,0.905008,0.981602,0.950728,0.903853,0.986397,0.968375,0.99948,0.987465
758,4607,0.8448,0.903544,1,0.996804,0.933527,1,0.991023,0.944335,1
759,2770,0.890655,0.910561,0.975228,0.992978,0.936273,0.987614,0.981725,0.948161,1
760,2910,0.891404,0.922796,0.976715,0.994586,0.912978,1,0.973658,0.981653,0.975229
761,2323,0.911017,0.927607,1,0.997564,0.909772,0.957998,0.989554,0.918243,1
762,3514,0.91226,0.933778,0.98177,1,0.933557,1,0.976961,0.882695,0.982678
763,7436,0.881112,0.937564,0.983653,0.991463,0.927826,0.993616,0.99965,0.942671,0.999274
764,6416,0.904676,0.93297,0.987517,0.99898,0.914125,0.987115,0.978578,0.946338,0.970552
765,6677,0.885066,0.931708,0.973693,0.988951,0.905138,0.996422,0.977113,0.988215,0.969011
766,5041,0.90178,0.940674,0.978267,0.986349,0.928264,0.995641,0.973455,0.951299,0.970004
767,2772,0.926693,0.924261,0.979021,1,0.927121,0.991849,0.977604,0.901197,0.997515
768,3227,0.904049,0.922216,0.975235,1,0.922594,0.995553,0.973171,0.922623,0.982996
769,7745,0.898176,0.909695,0.987922,1,0.926822,0.99523,0.967775,0.898988,1
770,4157,0.889037,0.933487,0.951512,0.995828,0.906368,0.986441,0.966569,0.962504,0.986762
771,3373,0.903923,0.921927,0.991026,1,0.942483,1,0.974901,0.871898,1
772,2599,0.901296,0.92013,0.994512,0.99343,0.916703,0.977817,0.971324,0.949862,0.992941
773,3967,0.910559,0.9293,0.999655,0.998966,0.93255,0.974094,0.991356,0.91711,0.994459
774,4654,0.902867,0.92717,0.9796,1,0.909945,1,0.970389,0.9324,0.99974
775,3818,0.891006,0.936027,0.990748,1,0.92464,0.991223,0.974669,0.916337,0.987717
776,2674,0.909305,0.925407,0.981223,0.998055,0.913006,0.995704,0.980575,0.95191,0.991193
777,5132,0.880046,0.927953,0.978296,1,0.917736,0.982504,0.96358,0.98314,0.9991
778,2393,0.907569,0.936107,1,0.988206,0.930144,0.996007,0.996246,0.888028,0.990975
779,4742,0.910287,0.936665,0.941317,0.998553,0.914627,0.983634,0.980713,0.96032,0.997192
780,5461,0.920162,0.920066,0.979279,1,0.935999,0.989023,1,0.907541,1
781,4275,0.911295,0.918706,0.989072,0.981195,0.923066,0.993024,0.981893,0.904319,0.988403
782,3377,0.879179,0.919934,0.999198,1,0.919613,1,0.973383,0.922152,0.989471
783,1695,0.934365,0.926083,0.985743,1,0.918859,0.964942,0.962743,0.923259,0.999348
784,2906,0.905094,0.914664,1,1,0.940339,1,0.973943,0.871107,1
785,2875,0.888768,0.913642,0.994807,0.997934,0.921962,0.98838,0.995151,0.905838,1
786,4030,0.903186,0.924322,0.984681,0.997307,0.911671,0.977238,0.978762,0.937278,0.991744
787,2433,0.905072,0.929764,0.972207,1,0.912924,0.986431,0.954769,0.93992,0.991807
788,5741,0.892887,0.945602,0.989081,1,0.927553,0.992842,0.98212,0.92789,1
789,3260,0.917182,0.909169,0.978728,0.998969,0.916652,0.995021,0.983118,0.963555,0.975134
790,2860,0.902351,0.927997,0.972824,0.986861,0.898868,0.982718,0.973642,0.948365,0.984143
791,859,0.89655,0.92264,0.997552,0.998594,0.930243,1,0.990678,0.939096,0.993829
792,4133,0.926902,0.90403,0.985538,1,0.92947,1,0.982839,0.922003,1
793,2623,0.897905,0.930945,0.956523,0.994728,0.913965,0.987644,0.957929,0.953684,0.997269
794,4990,0.902925,0.945383,0.989967,0.982116,0.92832,0.997874,0.963239,0.944788,0.98067
795,1571,0.905968,0.916322,0.955579,1,0.920906,0.987459,0.988065,0.935028,1
796,6834,0.893054,0.93879,0.988663,0.987256,0.91857,0.978318,0.963505,0.932528,0.997959
797,1367,0.929592,0.936825,0.958324,1,0.905138,0.978444,0.965586,0.983927,0.997302
798,5083,0.903718,0.922861,0.98358,0.990536,0.901318,0.991399,0.970153,0.959745,0.977945
799,1615,0.916367,0.915535,0.989479,0.99643,0.914032,0.997048,0.968248,0.95295,0.983493
800,3741,0.890707,0.942695,0.984691,1,0.915057,0.985924,0.971797,0.920631,0.998099
801,3080,0.929452,0.942177,1,0.994463,0.910976,0.986929,0.967841,0.935761,0.956047
802,4319,0.895957,0.924907,0.985428,0.984352,0.910666,0.993211,0.961557,0.962605,0.998868
803,3055,0.921776,0.936677,0.983623,0.994408,0.923195,1,0.983225,0.902645,0.990208
804,3267,0.935956,0.927264,0.940078,1,0.920842,0.997252,0.980035,0.956117,0.983596
805,2407,0.913399,0.923656,0.95889,0.995993,0.901619,0.999492,0.976039,0.959023,0.973234
806,3830,0.912785,0.914188,0.991559,1,0.930135,1,0.980753,0.91174,0.998955
807,5134,0.900102,0.924283,0.988519,0.987045,0.913199,0.95504,0.976783,0.934176,0.995238
808,3408,0.891413,0.930905,0.988771,0.983608,0.919588,0.990608,0.974479,0.960013,0.978825
809,3221,0.892294,0.934912,1,1,0.946588,0.995698,1,0.870812,1
810,2116,0.90425,0.907721,0.993085,0.960115,0.919427,0.996115,0.99034,0.972158,0.971278
811,1148,0.894318,0.910078,0.980287,0.990038,0.903753,1,0.982211,0.970852,0.979206
812,6029,0.916745,0.908311,0.988278,1,0.920662,0.983275,0.984504,0.936558,0.971781
813,4763,0.889546,0.936725,0.953129,0.993984,0.92063,1,0.99239,0.912377,0.992724
814,2161,0.905979,0.934554,0.969227,0.994662,0.909512,0.935497,0.971739,0.971503,0.970561
815,3502,0.889421,0.931662,0.972929,1,0.917467,0.998021,0.970463,0.936308,0.980729
816,5244,0.890934,0.929536,0.964172,1,0.929329,1,0.990641,0.924766,0.9916
817,2984,0.913038,0.917372,0.990046,1,0.927502,0.99685,0.983343,0.907797,0.980572
818,3253,0.890966,0.914589,0.978828,0.991225,0.931053,0.988328,0.980918,0.933504,1
819,3860,0.921415,0.944637,0.989998,0.998675,0.932986,1,0.988917,0.905953,0.985348
820,4679,0.885769,0.913343,0.934182,0.990914,0.918705,0.992235,0.991126,0.947335,1
821,3368,0.90138,0.929995,0.951941,0.973273,0.9119,1,0.979403,0.945982,0.993576
822,6106,0.883267,0.926196,0.989518,1,0.943096,0.990412,0.980418,0.925573,0.99935
823,1997,0.919288,0.917678,0.962505,0.985968,0.898672,0.998332,0.96009,0.969377,0.983237
824,4466,0.906368,0.91345,0.996706,0.986989,0.921631,0.984628,0.988032,0.951167,0.998875
825,4682,0.879667,0.921006,0.953293,0.996079,0.90777,1,0.966871,0.976423,0.966503
826,6868,0.881137,0.912402,0.97784,0.983545,0.908864,0.991032,0.971203,0.942461,0.998656
827,3828,0.887043,0.914401,0.984826,1,0.915388,1,0.982062,0.970527,0.999577
828,3923,0.883557,0.917786,0.991493,1,0.927655,0.994699,0.980488,0.905669,0.99995
829,4094,0.927291,0.94356,0.979689,0.983179,0.932212,0.978333,1,0.943158,0.978333
830,4015,0.931079,0.910353,1,1,0.938716,1,0.994048,0.894182,0.999868
831,1098,0.895216,0.929645,0.975128,0.985578,0.905061,1,0.97628,0.962462,0.986038
832,2605,0.913558,0.94039,0.979681,0.989235,0.93568,0.99817,0.987055,0.870553,1
833,2637,0.929423,0.919964,0.998103,0.971325,0.928285,1,0.988969,0.914056,1
834,2756,0.907579,0.922414,0.962783,0.98583,0.897285,0.986727,0.953182,0.979411,0.987189
835,4884,0.889244,0.949536,0.999189,1,0.922025,0.993464,0.979429,0.955794,0.989993
836,3003,0.866534,0.934044,0.998883,1,0.940694,0.994168,0.984983,0.905454,0.998883
837,4842,0.909566,0.931629,0.990414,1,0.93239,0.989704,0.99645,0.937082,1
838,7093,0.869686,0.923617,1,1,0.939305,0.988943,0.991129,0.934934,1
839,4996,0.892086,0.914947,0.990167,1,0.92653,1,0.9945,0.924197,0.991861
840,4819,0.877633,0.937095,0.975597,0.991191,0.89877,0.950942,0.978382,0.955118,0.969623
841,5076,0.872163,0.922071,0.989656,1,0.925584,1,0.975241,0.920036,0.993057
842,3185,0.890044,0.916781,0.980242,1,0.921241,0.990723,0.9893,0.915057,1
843,1620,0.892954,0.934549,1,0.992915,0.936874,0.999751,0.996734,0.887142,0.979576
844,3596,0.922175,0.912842,0.98578,0.999478,0.910152,1,0.976941,0.906885,0.994372
845,2499,0.935952,0.925064,0.980919,0.985927,0.909957,0.991535,0.975856,0.935544,0.997741
846,3401,0.90085,0.923896,0.973554,1,0.91587,0.988742,0.969207,0.957057,0.995904
847,4328,0.908732,0.942883,0.99391,0.992742,0.928318,0.994383,0.986429,0.88676,1
848,3855,0.900811,0.933646,0.992655,0.992874,0.924355,0.990133,0.969084,0.914981,1
849,3549,0.911247,0.913674,0.989979,1,0.912856,0.993902,0.987692,0.920562,0.981397
850,6175,0.917014,0.923918,0.95446,1,0.940004,0.991337,0.988414,0.912954,0.990561
851,2479,0.909455,0.936906,0.974402,0.974752,0.903277,0.995111,0.965055,0.978888,0.968789
852,3324,0.9244,0.937017,0.997642,1,0.935774,0.998394,0.996217,0.870874,0.998601
853,2938,0.918566,0.925005,0.980221,1,0.920317,0.982977,0.966932,0.976821,0.987664
854,3596,0.885951,0.915706,0.978425,1,0.921267,0.993637,0.994653,0.972704,0.986793
855,2671,0.909223,0.915784,0.970224,1,0.911831,0.997628,0.967826,0.957681,0.971146
856,3807,0.911993,0.937533,0.996722,1,0.916567,1,0.969885,0.918321,0.991207
857,2923,0.917078,0.932138,0.992074,1,0.927626,1,0.967136,0.921499,1
858,2732,0.892058,0.929951,0.975788,0.986723,0.918235,0.998815,0.980097,0.953408,0.978589
859,4281,0.894883,0.935613,1,1,0.936139,1,0.998273,0.882291,0.986081
860,3553,0.927723,0.957086,0.980966,1,0.937037,1,0.980814,0.877703,1
861,3705,0.921247,0.926516,0.982848,1,0.904067,0.98481,0.952552,0.960147,0.978252
862,6057,0.932936,0.925119,0.986771,1,0.926493,0.991209,0.968014,0.953439,1
863,3207,0.895696,0.907488,0.975502,0.987322,0.9071,1,0.982256,0.935225,0.99236
864,5571,0.909449,0.916858,0.983356,1,0.909919,0.99473,0.977799,0.954425,0.985443
865,3354,0.897091,0.926934,0.980453,1,0.92487,0.982204,0.963337,0.927457,0.978023
866,2356,0.874405,0.909678,0.977087,0.990936,0.914702,0.996039,0.979214,0.973765,1
867,3032,0.893677,0.919913,0.991503,0.999469,0.920417,0.988263,0.980562,0.960514,1
868,5871,0.853059,0.94486,0.992061,1,0.939034,0.974828,0.985531,0.908714,1
869,3990,0.92222,0.924149,1,1,0.921596,0.989517,0.98672,0.928901,0.998859
870,2866,0.910466,0.935151,0.990255,0.987402,0.901637,1,0.972165,0.980887,0.995316
871,3702,0.880907,0.907691,0.986551,0.994361,0.90755,0.996588,0.976035,0.969014,0.987031
872,3775,0.889092,0.915694,0.991996,0.985012,0.912713,0.990819,0.990583,0.962935,0.993984
873,4665,0.88413,0.938687,0.986662,0.979981,0.920778,0.992892,0.979629,0.905757,0.996132
874,2465,0.922384,0.915122,0.991266,0.981516,0.912939,1,0.963845,0.937922,1
875,3928,0.874713,0.932879,0.98528,1,0.910251,0.998036,0.942012,0.967116,0.97408
876,4661,0.889089,0.941497,0.97601,1,0.91472,1,0.983955,0.935245,0.996952
877,3586,0.904119,0.947475,1,0.988025,0.935367,1,0.980674,0.929138,0.993505
878,4010,0.897189,0.925004,0.99419,0.972331,0.926589,0.986855,0.993398,0.945074,0.987794
879,5892,0.896127,0.916702,0.995402,0.991434,0.916649,0.993956,0.983892,0.929315,0.982289
880,3296,0.913836,0.941713,0.973465,0.977888,0.914259,0.997317,0.981441,0.915402,0.999255
881,5180,0.902031,0.960838,0.997017,1,0.923014,0.976318,0.988275,0.929519,0.975366
882,4280,0.919313,0.948279,0.986967,0.983991,0.932141,1,0.995946,0.873878,0.997178
883,2018,0.91578,0.943381,0.963119,1,0.917824,0.988126,0.985321,0.929567,1
884,3222,0.904194,0.903465,0.977141,0.964815,0.901588,0.987058,0.984817,0.983024,0.9842
885,7496,0.884729,0.915685,0.985907,1,0.928379,1,0.988113,0.939379,0.977839
886,4998,0.888844,0.949509,0.998597,0.996768,0.925579,0.996893,0.982359,0.915656,0.999048
887,3018,0.905373,0.942862,0.996916,1,0.916673,0.999761,0.971205,0.936189,0.996942
888,2970,0.905614,0.92248,0.967268,0.980539,0.902506,0.993594,0.982161,0.95151,0.990864
889,3124,0.907312,0.934563,0.971366,0.986221,0.918504,0.994135,0.982277,0.949212,0.987655
890,5755,0.888176,0.936519,0.993944,0.981655,0.916749,1,0.976363,0.943567,0.997176
891,1319,0.896942,0.939528,1,0.997711,0.914988,0.995768,0.954832,0.938277,0.981715
892,5078,0.895606,0.917388,0.979885,1,0.918518,0.967111,0.977384,0.970231,0.981767
893,4418,0.908808,0.919295,0.986017,1,0.934071,0.993636,0.964031,0.927352,0.977823
894,3887,0.888495,0.909753,1,1,0.95579,1,0.981839,0.928469,1
895,3682,0.942887,0.923205,0.989192,0.992556,0.933828,0.972132,0.988821,0.929563,1
896,4239,0.925999,0.923605,0.989477,1,0.918502,0.973535,0.972851,0.921869,0.979007
897,8586,0.885114,0.953607,0.983329,1,0.914178,1,0.986565,0.931864,0.9932
898,6100,0.888866,0.934356,0.977229,0.99785,0.904202,0.980105,0.976167,0.998316,0.976167
899,2179,0.88904,0.943161,0.987007,0.995651,0.913423,0.988094,0.988447,0.92291,0.989725
900,5822,0.891872,0.908646,0.978135,1,0.921108,1,0.971765,0.955046,1
901,3901,0.899077,0.914188,0.971123,1,0.913423,0.989768,0.976688,0.900712,0.999947
902,2836,0.91809,0.928617,0.988269,1,0.914146,0.98891,0.985811,0.938785,0.993418
903,8429,0.897019,0.935647,0.957257,1,0.923222,0.987894,0.971859,0.969496,0.996283
904,2309,0.88012,0.923265,0.993117,0.991628,0.903567,0.985413,0.977966,0.973805,0.982537
905,4251,0.905634,0.914983,0.979935,0.991416,0.904267,1,0.973675,0.966731,0.970613
906,3453,0.884519,0.941726,1,1,0.936677,1,0.981495,0.897585,1
907,6836,0.893019,0.933124,1,1,0.942499,0.998697,0.964416,0.923391,1
908,2914,0.919265,0.939641,0.978664,0.991471,0.901056,0.98733,0.963691,0.960647,0.984478
909,3200,0.909399,0.9187,0.959958,0.995828,0.918555,0.991453,0.98137,0.937359,0.988816
910,4495,0.897896,0.932743,0.988368,0.991047,0.931416,1,0.975047,0.870771,0.999662
911,3699,0.891744,0.926719,0.911915,0.993973,0.902424,0.986703,0.97597,0.961033,0.98123
912,5782,0.891528,0.924531,0.983394,0.986251,0.915722,0.998304,0.9703,0.962563,0.987442
913,5496,0.868922,0.933771,0.996809,1,0.943345,0.992185,0.972822,0.921548,0.983071
914,1739,0.912922,0.93664,0.981365,1,0.925433,1,0.982538,0.93995,0.995882
915,2529,0.904068,0.937983,0.95485,0.981325,0.925843,0.997133,0.967868,0.951724,1
916,3511,0.915764,0.920376,0.958011,1,0.92576,1,0.977745,0.966231,0.997709
917,4850,0.89592,0.934896,0.979311,1,0.908709,0.987818,0.967332,0.942188,1
918,1661,0.918691,0.939252,0.990551,0.993526,0.915775,1,0.958325,0.981452,0.972119
919,5385,0.896208,0.916921,0.96903,1,0.925895,1,0.997208,0.957121,0.992735
920,5875,0.899323,0.948928,0.99896,0.984033,0.934908,0.979715,0.966334,0.956738,0.989018
921,4183,0.902989,0.93129,0.976047,1,0.922152,0.987737,0.975708,0.906504,0.982686
922,3527,0.888804,0.929981,0.996698,1,0.927524,0.986688,0.984073,0.926389,1
923,1806,0.92423,0.921862,0.961042,0.980465,0.929441,1,0.985008,0.898203,0.983252
924,4363,0.888607,0.934543,0.989964,0.990487,0.913588,0.98955,0.957897,0.940857,0.996223
925,4724,0.887196,0.903242,0.999044,1,0.916271,1,0.96713,0.959361,0.987091
926,6893,0.892175,0.913828,0.996439,1,0.92428,0.991922,0.984567,0.940126,0.991793
927,2936,0.933127,0.917162,0.968514,0.994792,0.912137,0.984532,0.985134,0.944434,0.983354
928,1239,0.91411,0.944841,0.967219,1,0.919578,0.992406,0.966915,0.922413,1
929,6531,0.896802,0.891332,0.986474,0.998966,0.927228,0.991672,0.979535,0.946523,0.992081
930,2447,0.899128,0.927748,0.996436,1,0.898764,0.978197,0.965292,0.93061,0.954469
931,5892,0.88496,0.923134,0.987,1,0.932188,1,0.976063,0.947174,0.994841
932,3493,0.905318,0.928894,0.97147,0.997989,0.912662,1,0.98065,0.957978,0.984322
933,5898,0.862086,0.923539,0.974846,1,0.909808,0.988132,0.975208,0.979349,0.982406
934,2002,0.927554,0.931446,0.992665,1,0.935842,1,0.992639,0.901896,1
935,5697,0.899903,0.95027,0.989982,0.997897,0.932725,1,0.963858,0.952788,0.99131
936,3126,0.893066,0.920436,1,0.99937,0.913203,0.98863,0.964903,0.964794,0.991698
937,1982,0.922639,0.921713,0.982154,0.99175,0.937398,1,0.992761,0.912369,1
938,4840,0.895012,0.923316,0.940369,0.999183,0.917241,0.976055,0.978779,0.952055,0.992836
939,4701,0.885159,0.909427,0.98284,1,0.925663,1,0.988608,0.909257,0.999172
940,3833,0.892374,0.926881,0.954502,1,0.910173,0.993998,0.962193,0.957802,0.993114
941,5832,0.876296,0.919556,0.988696,0.993515,0.913451,0.989747,0.970469,0.958989,0.976924
942,2607,0.885361,0.929342,0.98315,0.995193,0.906163,0.982242,0.974151,0.97869,0.989132
943,1878,0.889199,0.929428,0.997262,0.997237,0.927527,1,0.986641,0.908489,1
944,3480,0.90385,0.927967,0.990794,1,0.940808,0.98363,0.988804,0.920007,0.989573
945,2476,0.914598,0.913081,0.983543,0.99984,0.911083,0.982824,0.974515,0.949617,0.998828
946,5267,0.876016,0.929994,0.993482,1,0.936202,0.995288,0.978668,0.955982,1
947,7765,0.891531,0.941092,0.985326,1,0.903808,0.986072,0.981145,0.971478,0.972037
948,4087,0.904485,0.920087,0.980162,0.988982,0.924617,0.997561,0.99043,0.93778,0.997024
949,4753,0.910202,0.920496,0.998891,1,0.931873,1,0.98147,0.892121,0.975214
950,2841,0.89332,0.933203,0.933635,0.998415,0.896605,0.994582,0.965477,0.98807,0.971385
951,4324,0.910844,0.933716,0.977953,0.99451,0.918838,0.989873,0.977754,0.9276,0.976502
952,1310,0.907752,0.909361,0.989911,1,0.937174,1,0.982603,0.920841,1
953,6358,0.897306,0.922134,0.987248,1,0.922516,0.971586,0.981812,0.966826,1
954,1185,0.916852,0.919876,0.978169,0.988751,0.920798,0.961821,0.993876,0.95024,1
955,4068,0.869983,0.948557,1,1,0.932284,0.988695,0.978898,0.931,0.981382
956,4136,0.897292,0.920915,0.974481,0.987474,0.917482,0.9822,0.964235,0.974316,0.98676
957,3847,0.895277,0.930221,0.981452,0.983086,0.918918,1,0.975106,0.977612,0.999591
958,2634,0.914552,0.936429,0.981213,0.989048,0.923308,0.986527,0.99344,0.937215,0.969285
959,3720,0.906235,0.908159,0.975551,0.957058,0.904362,1,0.985929,0.945145,0.980883
960,3973,0.911415,0.937061,0.994578,0.991396,0.93648,1,0.984341,0.916173,0.986914
961,2234,0.920323,0.928413,0.952959,0.986361,0.896816,0.987181,0.949132,0.926391,0.976657
962,7110,0.872675,0.908481,0.999755,1,0.930815,1,0.990346,0.938478,0.9955
963,1834,0.913753,0.900479,0.994025,1,0.938384,1,0.997783,0.882094,0.991565
964,5013,0.895483,0.92756,0.97719,1,0.929552,0.959691,0.987918,0.947184,1
965,2745,0.911118,0.919996,0.973533,1,0.937038,1,0.988383,0.892734,1
966,2475,0.904503,0.914608,0.979956,0.993926,0.90442,0.997239,0.961652,0.978162,0.96941
967,2064,0.909663,0.917967,0.959241,1,0.915877,0.977151,0.973949,0.974845,0.992592
968,3839,0.916231,0.928684,0.983811,1,0.931341,1,0.973156,0.891905,1
969,8435,0.848017,0.922017,0.992896,1,0.939481,0.982052,0.993434,0.917631,1
970,4213,0.897901,0.917281,0.989466,0.981773,0.924893,0.982925,0.993835,0.939824,0.997427
971,1401,0.898545,0.901827,0.989086,0.988018,0.920805,1,0.98728,0.893304,1
972,7387,0.868939,0.920443,0.9895,0.999946,0.915058,1,0.9811,0.961231,0.984735
973,7333,0.856384,0.931193,0.988821,1,0.935406,0.999504,0.986646,0.953165,0.978441
974,5526,0.919358,0.897499,0.999349,0.987848,0.918343,1,0.989513,0.943558,0.977283
975,2892,0.896733,0.940352,1,1,0.939868,1,0.976885,0.889625,1
976,3447,0.913291,0.916063,0.968692,1,0.915524,0.951002,0.979243,0.987315,0.985303
977,4478,0.88614,0.932407,0.978133,0.999089,0.935909,0.994334,0.964097,0.903935,1
978,2017,0.883726,0.913133,0.977444,1,0.921732,0.999662,0.982463,0.91209,0.98954
979,4606,0.879063,0.930556,0.99607,1,0.942771,0.996919,0.972408,0.903335,0.992564
980,3761,0.908589,0.925955,0.987288,1,0.930917,0.965062,0.985856,0.925214,0.997212
981,4873,0.897445,0.924731,0.974621,1,0.912056,0.999888,0.980314,0.975939,0.993017
982,5472,0.898579,0.923689,0.979822,0.995148,0.908071,0.992947,0.986716,0.925465,0.991701
983,3707,0.89654,0.925162,0.986357,1,0.905484,1,0.971378,0.959657,0.985342
984,4846,0.891589,0.937922,0.982812,0.991677,0.922821,0.99549,0.969927,0.939494,0.999201
985,4658,0.889274,0.932152,0.965633,0.989019,0.910511,0.997208,0.977876,0.978843,0.968103
986,1974,0.917705,0.917651,0.963878,0.985329,0.907276,0.98206,0.979899,0.950504,0.974009
987,3056,0.910365,0.957039,0.977473,1,0.928789,1,0.98473,0.893002,0.995059
988,2319,0.903916,0.942349,0.965627,0.993937,0.908477,1,0.977863,0.968102,0.986595
989,4294,0.876446,0.931411,0.999176,1,0.925532,0.988133,0.992556,0.936108,0.993957
990,1495,0.902953,0.938698,0.989586,1,0.926422,1,0.999094,0.913921,0.998843
991,2820,0.907993,0.916015,1,1,0.932137,1,0.972788,0.879156,1
992,5448,0.896966,0.925494,0.970986,0.972202,0.914256,0.992193,0.962531,0.97901,0.980333
993,2907,0.906603,0.9298,0.991995,0.996671,0.913789,0.992549,0.977595,0.946736,0.996777
994,4662,0.888343,0.921489,0.988457,0.995996,0.923257,1,0.987625,0.909608,0.989445
995,3684,0.893663,0.901656,0.994571,1,0.934555,1,0.989279,0.912704,1
996,3696,0.923322,0.928345,0.975412,1,0.920297,0.998557,0.964672,0.934784,0.991286
997,4461,0.910526,0.922918,0.980133,0.991662,0.917225,0.977258,0.980133,0.957707,0.992525
998,3395,0.919083,0.939639,0.973045,0.998328,0.919553,1,0.978164,0.944993,0.976754
999,2798,0.907856,0.916304,0.987532,0.99311,0.917234,0.99959,0.978317,0.935772,0.989801
1000,3619,0.89756,0.945568,0.98435,0.999498,0.905808,1,0.975652,0.949005,0.99236
