"China (export)","Mosaic","OCP","PhosAgro/EuroChem"
0.0291533800793735,0,0.0607554536485928,0.0474093689387454
0.170517643609341,0.0299500964408112,0.0195754317477298,0.0703718125048529
0.0141917978806248,0,0.028448326982753,0.0399619076545901
0.0833100146034506,0.0013774655810494,0.0544635073100058,0.0324907463333811
0.0491508872105899,0.0151671570132121,0.0691355633866882,0.108836796411727
0.0640097759096877,0.00173611364065862,0.0559927406460925,0.0172200265633738
0.0256581775093971,0,0,0.0868133425495944
0.103376818232178,0.00765674874408857,0,0.0749095347380352
0.10607991381314,0,0.0562260328878785,0.0725592828011544
0.0531745949997,0.0139083676200535,0.0155174189520771,0.0426641443701984
0.0514284317581647,0.019592630789782,0.0308051077483973,0.0455769229184498
0.0183307239059061,0.00869681220204043,0.0243210249709025,0.0636305840289519
0.0535664772943063,0.0312480846613059,0.0817936529185979,0
0.0775357882756279,0,0,0.0326979587696096
0.0559393790423121,0,0.0110179590609283,0.105478860054877
0.146346719883035,0.0941179248065646,0.0710520065677408,0.0794820363892361
0.0755511252861886,0,0.071744650691278,0.0488890127194642
0.0516018086931913,0,0.029406378827461,0.116620127330334
0.133725226369574,0.0866703374272594,0.0428577029724136,0.0749082961734782
0.0920540040709889,0,0.0369325637737114,0.042608376703273
0.0332965479509792,0,0.0222923402124778,0.027849192061194
0.143711875900898,0,0.00186541506023977,0.0172639089179361
0.0851931082161694,0,0.00670932871388714,0.100870187923856
0.0510122632513894,0,0.046800090989561,0.0377886401239874
0.137977439433972,0.0157175599795593,0.0738545229220258,0.0404424137853827
0.084380350470906,0,0,0
0.0837095705428765,0.00574050102857113,0.0611795109514892,0.0703848221079745
0.105858793440775,0.0206153205443614,0.0401626592175142,0.029728154746006
0.0627559356067446,0,0.064222782136821,0.0251016789285253
0.105585417975097,0.00401417286258435,0.0213206944750206,0.0536719146651252
0.0710053802936431,0,0.05214947739958,0.0341496178837175
0.119732798615218,0,0.0285795748658048,0.0982192346923627
0.164037071281521,0,0.103841193496029,0.00432453980726367
0.124278214681753,0.0352411949689453,0.0449550243427559,0.0372372642027553
0.09370739185316,0,0.027605935527929,0.0425663163875483
0.0781503576614756,0,0.00555234524115846,0.0164865109799305
0.105641876033314,0,0.113535873277108,0.0232194636120659
0,0.0333310308846661,0.0706743078010588,0.0763404601861493
0.0360805383029102,0,0.0202736984887262,0.0465020676535467
0.100784992210812,0,0,0.0462354125817255
0.110498695474996,0,0.0166122306531606,0.0510270732005751
0.132406667807641,0,0.0884275193162757,0.115690929297365
0.0439250099655381,0.00424615148648082,0.0783612447943188,0.0761822834474484
0.122301039920851,0.00307498747742186,0.0323845203310544,0.008480543098468
0.0905618818282159,0,0.0223646122532282,0.0456934911790659
0.107024351970535,0.102956105120789,0.0557001699390636,0.0613698713376179
0.078145357746263,0.0309333211581916,0.0411589389030079,0.106570696523817
0.0754747994262094,0.0437060687934711,0.0348388581096179,0.0486719647906772
0.0989699187319398,0.0877865002509965,0.0226451015095715,0.180225061376896
0.0818488647000443,0.0612562217968803,0.0304553682808203,0.116466210775616
0.101579249525703,0.0226954817770598,0.086793884970424,0.0653906572790563
0.0751396849995678,0.0186362544020173,0.0516745204686706,0.0620499895020311
0.104874598342949,0,0.0633232768826669,0.0556935577835713
0.0453112510269122,0,0.0199150877989505,0.0518585368799517
0.0841497694930863,0,0.0734135242170172,0.0555865097074163
0.110190079952681,0,0.0297333598344141,0.0536703742069888
0.0913838067489071,0.0152922036003654,0.000648869593891294,0.0434166015007048
0.120919508288583,0.00325989555030165,0.0427650209191398,0.116807576025979
0.0395422844049956,0,0.0511714677500668,0.0285798555415619
0.0995074417262471,0.027130203400743,0.0197762931619609,0.0227568244374088
0.00129648190470041,0.00435894478121773,0.0184806862762289,0.0263368034716698
0.0855318612329474,0.00491723587725525,0.0459884520411873,0
0.065948418315988,0,0.03554815222938,0.0140432614522509
0.103184673763101,0.0766285975407453,0.078684679569729,0
0.12806891125741,0,0.0536892149339619,0.0417473495576722
0.0991873366278422,0.0158698031641326,0.0307532720933279,0.0785822156521134
0.097183243513458,0.0401532317751784,0.0226128498393252,0.0312097098585178
0.0393425898049201,0,0,0.0536462255730995
0.0653225764524285,0.0507058289187978,0.00530654797966212,0.00172287428394563
0.0703912202193701,0.015520888821754,0.106051195181452,0.0231699111960551
0.0945932795930423,0.0319435401293616,0.121517299046906,0.12110672544073
0.141158488309203,0,0.0343893428143676,0.0636883309509063
0.0768259524644079,0.0154876457408704,0.0344551312338449,0.0399714160699749
0.0666475789409239,0,0.0270222097197452,0.0270204324420579
0.0466672062833448,0.00172094308279565,0.0955639606143937,0.0318089539753643
0.0562888356278435,0.0656876728166511,0.0240358369097151,0.0344411216972066
0.0880742530387699,0,0.0171091059316108,0.0624011901950954
0.024273334009851,0,0.0183375300386053,0.0858707646063226
0.135204204688692,0.0508333867825803,0.0936034136310372,0.0984656984862549
0.114077782135353,0,0.044348965189117,0.0370262909721868
0.0850653369654158,0,0.030357670314363,0.0224830451356597
0.146279689762926,0,0.00769074407213374,0.0227377627775492
0.0905686705276428,0.0193623769944666,0.05155036780737,0.0658700949966778
0.120692686651882,0,0.0313563760811858,0.089322552604067
0.189833773649227,0.0780393732282714,0.156825011663908,0.0745150066373608
0.0979152885312339,0.0146695057214325,0.0505750966392323,0
0.033891057484165,0,0.0944734717601408,0.0645003184378749
0.0192179718202692,0,0.0508155808372736,0
0.0808061401775961,0,0.0166864626345872,0.0928421320571243
0.104117647713224,0.0200037599442517,0.0369928708044549,0.0815979801968023
0.0683477064555562,0,0.0899447046415211,0.0577694982617833
0.00937841121473596,0.00497758144038924,0.0324907995846981,0.027632406812667
0.0473507144440306,0,0,0.00677686521692863
0.0281878756149603,0.00117784226039134,0.0354224073372735,0.0464406960867541
0.0488265250224784,0,0.011961466452938,0
0.041875228538098,0,0.0270714768221413,0.0387770411717811
0.172025426832173,0.0337527552498193,0.0411732671586904,0.0616847590672415
0.0708703784737584,0,0.0202206662841481,0.00791598086044266
0.0871910919690519,0.0319897311605496,0.0540584291564094,0.0093018799203895
0.0546287072932,0,0,0.0447073758408047
0.118931313667626,0,0.0312062799224861,0.0653976674212353
0.0423895321993938,0,0.0480170419472904,0.0688593774522624
0.0504622150477298,0.00115742853456352,0.0679709431858979,0.140985162158163
0.131118061066102,0.0193661730036439,0.0500271614352692,0.0792032088761957
0.0488460047159764,0.00969461977789139,0.0254485433786067,0.103992317784985
0.0428260950508523,0.0688501709204336,0.0761047574887168,0.157351396117686
0.160082797495125,0.0288972537334529,0.116778965976552,0.0570491378591878
0.0594653939576154,0,0,0.00982289946952667
0.0283244115166967,0.00845537061623922,0,0
0.0853816091195221,0,0.0455202908676655,0.0155095836564998
0.0343200762126398,0.0461487257714753,0.0764904034233592,0.0732733901083576
0.179818610725613,0,0.0329097012074718,0.0497096374209558
0.0481746598056594,0.0222612317354899,0.0976143825341452,0.050990739960839
0.0082420551000588,0,0.0228677991562478,0.00276589997999064
0.0791632282480456,0.00996126600551792,0.0653699861378713,0.0440781881645415
0.100256028019285,0.0158353614881792,0.0815452087561138,0.0755086500316646
0.122134388992076,0,0.0231825557243015,0.0439128804399255
0.121831398838682,0,0,0.0957054829563962
0.0731534970633638,0,0.0502103037756276,0.0439934300059163
0.14085500217214,0.0157409117617683,0.0517393070744419,0.0969086482495725
0.0983349557649082,0.0251406224857941,0.0832457005227719,0.0635236559888464
0.185564141447971,0.00834796236354371,0.0730650976702957,0.170761271017264
0.0708318782092619,0.0134808116611889,0.00759648378459263,0.0640952625230889
0.0326584114407116,0.00755868359850406,0.0302036970591765,0.0326304623477953
0.0388747115183403,0.0272522310724539,0.051466131293077,0.00648675198083783
0.0582384584705096,0,0,0.0097249268906462
0.107377079309478,0,0.025343782642742,0.0571912382880214
0.052065842953877,0,0.0138152720504709,0.0493409216291175
0.135432167996034,0,0.103131777288156,0.0434879717241297
0.10378438204055,0.0394088011037203,0.0512149317477611,0.0336092826231414
0.0991830578775239,0.00992572763507197,0.0533651198922473,0.0467738965114609
0.0778837413371684,0,0.0140129963035103,0.0410089518849707
0.0548949922817622,0.00486684734256927,0.0218887964705138,0.0128493218329972
0.0981010162309474,0,0.0767911487774887,0.0359018474864391
0.11824766247275,0,0.0659605445375716,0.112594201715092
0.199213746170087,0.0399766924229983,0.0185374012470935,0.0434235836776086
0.185473320693065,0.0851113687601186,0.0896277004734967,0.0832237022374915
0.0776800366221715,0.00029070533625215,0.0288483588642362,0.0678512573350127
0.0679574727943328,0,0.0452860749620275,0.0276213846476375
0.118602319010849,0.0494280749917846,0.0483838925351915,0.0483141647094887
0.0829666413280417,0.0108655587560773,0,0.00526711970754953
0.0660270506209186,0.0410075266509263,0.0248201963953496,0.05246866965972
0.124179157062046,0,0.0639387753505787,0.0267476178701891
0.152716390051163,0.0624518405238602,0,0.0533368114276065
0.142691839847081,0,0.0492539892450614,0.0192650742321039
0.0941676489667404,0.00792862750849488,0.0272758886966861,0.046674351009157
0.122550419817334,0.0335607971805725,0.0224930749342188,0.0469102275751778
0.00786967695256894,0,0.0128602315363424,0.0573929750946167
0.0546304949963019,0,0.0514864583966248,0.0243149804146705
0.0529631620756715,0.00475907614380585,0,0.0802971016477591
0.0495544223124067,0,0.0364966810980068,0.0843480757096707
0.0924601435747482,0.00781163301696299,0.0371520756872386,0.0494760310004382
0.0365459773374264,0,0.0172824404392743,0.0211219784706848
0.116776459524652,0.0208877398404623,0.0254123923030034,0.0997399346802462
0.0600735222921966,0.00146278082274237,0.0202929794160584,0.055542909314288
0.115426289164839,0,0.0130217695140531,0.0591941099514091
0.0764636712808899,0.0680489593313973,0.0733079046297408,0.0315203724431337
0.0745216726456737,0.0341037393637018,0.0547121966269355,0.128799789521349
0.143241019008981,0.00730282282699541,0,0.0475490399356548
0.053974436521178,0,0,0.0283447376243424
0.107009722561852,0.0144138760019359,0,0.11004317964134
0.105409899004716,0,0.0427649032095791,0.0611085147457985
0.141791377998693,0,0.0431697440372241,0.107093354961598
0.145343330007642,0.0538573468268703,0.000215224570281329,0.0288756092219351
0.0475234789644271,0.0174425381855703,0.0364440424721357,0.100120440840989
0.0832568097402158,0.0139278807036459,0.0365523470629846,0.0570765213464218
0.0454567134814047,0.0229208085915694,0.0429195241300323,0.0545808579381562
0.163292911778461,0.0133863234883821,0.0448255450942772,0.093933594840596
0.114738428044011,0.0716748123180435,0.0442986046129363,0.0797160105739486
0.0810622740893566,0,0.105656641621242,0.0385152776342838
0.0805222988373208,0.00963023023382371,0.000222095209006616,0.0361992638001983
0.0408693403253205,0.00356423791966148,0.0259032104767917,0.0381815635708519
0.132270727217014,0.0266682594649434,0.0235847048994662,0.0508428747938976
0.0934563745910564,0.0576609694920792,0.0771911766299678,0.0908469102654322
0.125140961511312,0.0175921750835452,0.0754599078590959,0.067676625172609
0.0908101573744535,0.0485707655715946,0.0339814271241678,0.0146322944671524
0.0916895073115696,0.0716939935541841,0.0320699604210814,0.0271005225580969
0.0703415214466168,0.0574824338151334,0.0478906766110103,0.0708369071168462
0.065901984076604,0.0319019088872372,0.0801288873525566,0.0752950619722588
0.0906130584636821,0.00676592376705001,0.0469103861318251,0.0365839677744843
0,0.012769472303991,0.0205556594553617,0.027807094801239
0.135989224542942,0,0.0603990200542227,0.0168605345166032
0.102336909702034,0,0.0984955853036936,0.152561417445381
0.0878439333776529,0,0.0342000236514501,0.0454209236107414
0.0730381564813238,0.0236330694984936,0.0318195964147757,0.033219216502866
0.159822715476427,0.0541016766168516,0.072783427470308,0.0198731892799828
0.144406566099205,0,0.0447873232035619,0.102927552277468
0.0426532939902238,0,0.0406780996964054,0.0523394335045292
0.0849902761113544,0.0448479200894977,0.00898901600769698,0.0826297671407114
0.0712095609900889,0.0153860612176321,0.0653999127750249,0.0662941532467035
0.146079377672079,0.0622945586377763,0.101702499240748,0.0997271772310062
0.137009063060453,0.052471133348393,0.0111191857369186,0.061675987870963
0.0605017270776821,0,0.0397258308432115,0
0.0939894517451033,0.00304197145672055,0.0324608730889893,0.0317345887092708
0.0883349019471799,0.00870803016774835,0.0472293640904585,0.0651320050182168
0,0,0.0335230203815389,0.0985657734758925
0.14654524118715,0.0319876199999719,0,0.0424796479750388
0.0954408020596644,0.00127418085959058,0.0178667062179156,0.0402667345415828
0.0807246505204859,0,0.0108158007341818,0.0491232598412498
0.0301718289000218,0,0.0262831867571116,0.0133675100638683
0.0835012223817873,0.00923943981642458,0.0311983255542592,0.025007867871787
0.116434738821187,0,0.0119120624669757,0.0355163231714588
0.0497438952742493,0,0.0340519670987768,0.0754972866742473
0.036618917799651,0,0,0.0436658600859449
0.0704771440858133,0.0169509225500802,0.0303162991311781,0.034069198267311
0.116730734767997,0.0208275748338529,0.0362933511783491,0.0314253217921959
0.0361655571698594,0,0.0157877373970621,0.0397792264948358
0.0107760107840234,0,0,0.0679651515263681
0.0548519496341013,7.95723989528742e-05,0.0237645302408842,0.0647822512688674
0.084889485925159,0,0.00106287338295936,0.0295447223992368
0.0080399711200533,0,0,0.0207960074148043
0.0458366851537728,0.0113512102438254,0.038710425484733,0.0244098059499167
0.0930543735277833,0.0503171102019927,0.0259767053593759,0.0729967000678963
0.0116100388594613,0.00498838001260784,0.0428015019789036,0.0459544621806251
0.041011935945745,0,0.0876214938097947,0
0.09644626428944,0,0.010890750831421,0.0348659998293868
0.0345350901335133,0,0.0277255179840471,0.00497665338897623
0.0832758330143391,0.00390954329961598,0.0505668522519398,0.0457045816618685
0.0220450981712438,0,0.00350812447754392,0.0182549973497914
0.10300216615088,0.0194807855225093,0.00429410371430688,0.0779595990981682
0.117062032199774,0.0144308749079244,0.0189911049033574,0.116905722650565
0.0325548382810188,0.0824671852723621,0.036988204877656,0.0499861666096195
0.0494811331300809,0.0118474619970957,0.0349582273340215,0.0517379343379477
0.142725929170445,0.0677029689412873,0.047913618995409,0.137216248153305
0.0815690050114077,0,0.0320511531988661,0.0571922475996158
0.0815956173900779,0.0303329220562019,0,0.098091642366947
0.111086950785275,0.176401178939931,0.120542810136239,0.142206810746853
0.0561283515127471,0.0507001436817373,0.0447061368498743,0
0.076561036512301,0,0.0474893230096783,0.0317994731248651
0.0553306282721257,0,0.0825691110515605,0.047939138431305
0.0866060334167622,0.0134089956939984,0.0140453135863316,0.0231718187994469
0.136916890192484,0.0269440605419383,0.0592239418356038,0.0682223299156578
0.0950421106566502,0,0,0
0.0937020905368956,0.0424958333082209,0.0718803958983552,0.0405308384487441
0.031581970195164,0.038814193887798,0.0498810586100146,0.0627926977872726
0.1365906340392,0.0653437872481246,0.0724186890414081,0.0928762939586844
0.106957896208637,0,0.0284924138999158,0.00255063535221524
0.0144486298052319,0,0,0.00879416041617467
0.107112434259144,0.0113014299272625,0.045477373046817,0.0590498625199277
0.072465888923381,0,0.0365496571874851,0.0022692370006964
0.0151827742639917,0,0.0178570765316006,0.0179809535082482
0.0984557465800083,0,0,0.0749938529522838
0.088667748567352,0,0.00689963255334017,0.118105759093674
0.122856738019672,0,0.0523457187860489,0.096726258459537
0.0501796294679521,0.00568237478012045,0.07732733975085,0.0199171707687335
0.0417490916199632,0.00942646166904952,0.0738209338048856,0.0334261959214272
0.0602648157882908,0,0.0246249353287421,0.0789825285383157
0.0489656405284279,0,0.0451371234826056,0.0887546009674473
0.14372034955988,0,0.0510256704121644,0.0467915449097387
0.051789383562357,0,0.006829908716721,0.0287812021942912
0.0711740352101308,0,0.0875929951479259,0.0771413507022027
0.0232194422218592,0.00414480689830073,0.00918229870114379,0
0.0850287347639827,0.0248977523743832,0.00417932195618078,0.0289513069165017
0.115234042497351,0.0164584714753606,0.0126410783349953,0.0570658650970767
0.156341863916497,0.0457273306938222,0.0677835148409408,0.0998558853658002
0.0652390401423947,0.0220033293084358,0.0472968710772106,0.0528569976921235
0.0586565942482712,0.00971745663054396,0.0468363830080352,0.0817568527314072
0.119633684130783,0.0526735927503609,0.054221604032154,0.0686886420738304
0.0839251393586014,0,0.00695284713941376,0.0364462344784768
0.1045848007448,0.000380327519215917,0.0316425639509793,0.0583445238819182
0.0471215554132434,0.0462915741651283,0.016347440952457,0.0777557264930372
0.0880161271856687,0.0702267271126019,0.0585453249109294,0.122774797358162
0.0503535897175084,0.0132396566747988,0.0193007745715287,0.0643318790243794
0.0447588410357327,0,0,0.0311764215728978
0.11256907499628,0.119391192509134,0.0733294675439576,0.176470787986451
0.0754996768870351,0.0303273864972882,0.0231407325197915,0.096215796150912
0.0501029484166976,0.012519579533665,0.0215947730591435,0.104955637475813
0.0909327669758661,0.0213926570220298,0.035823208033838,0.0110512600504748
0.0752261895333108,0.0199878703077444,0.029570335457785,0.00174745752161087
0.0489599039292674,0.0474646211208986,0.0663172905858834,0.114743612446661
0.0638607820793196,0.00828834996254055,0.0403684226139253,0
0.0787333447167248,0,0.0325661255006199,0.00636431207061163
0.111020047217862,0,0.0466252928694718,0.0851074104941638
0.10782075290938,0,0.0566075443521939,0.0853480087511121
0.0380157549174396,0.00077568243951451,0.0226890811078155,0.0247569911373116
0.0317582789185127,0,0.0151193702570528,0.0388286009164719
0.127788351388571,0.076774192317565,0.0996493466198436,0.122056684511751
0.0924097204671138,0.0672162531083802,0.0170716578841143,0.0870455350419484
0.0754668927621831,0.0074755195087711,0.016882985311079,0.0240498669615096
0.0212789918540502,0,0.122823289472526,0.0438605163571586
0.126018180469465,0.0523877744380662,0.0921069787792465,0.0670899458405661
0.0818310891115944,0.0531999162221129,0.0474404782743819,0.0235128817729065
0.102445678823552,0,0.0284014026794365,0
0.0755259584904645,0.0105591697118673,0.0124959282407403,0.062119478954324
0.0660353615830377,0,0.0354322603181474,0.0454887244276021
0.0715191386685463,0.0473331982860687,0.121993691575687,0.00426925116074199
0.0772578028002037,0,0.0316356494282419,0.0184522931239476
0.198117745449841,0.0849837411316844,0.121412400643633,0.115221110904659
0.0722977630569762,0.0396209139598362,0.016974795393558,0.0913486213392906
0.102215193608835,0,0.0566819382284029,0.0818702976559915
0.0589126559835854,0,0.0746530026030889,0.0610314179822166
0.0390284078396474,0,0.00758038639130134,0.050449240228035
0.112395822068424,0.0449661209398411,0.161523627810858,0.0898346791818841
0.0951267523246565,0.00759052525612179,0.0414558401598603,0.0564095574226862
0.0893472684082253,0.0597697677005643,0.0775670818757892,0.0546345578421646
0.170514067133124,0,0.0327157666272041,0.0401870753645957
0.116817909474902,0.0255600279866096,0.0831932475120201,0.0273146266845194
0.0631215799536862,0.00309705062696987,0,0.0477228851047852
0.0221395348090366,0.0308829387676335,0.00965150139283379,0.0386895380060048
0.130924316354765,0.00918835265887411,0.142684893927636,0.0884191663566005
0.0253152057983209,0,0.0249749206468944,0.0596305030540385
0.101442021203324,0.0403500348663995,0.0633579326959638,0.040554720902225
0.184818809463373,0,0,0.00785242235653921
0.0175459387847407,0,0.0463988135659851,0.0335740205272798
0.070829155685246,0,0.0923600305008086,0.0423369876384031
0.0672468400400053,0,0.0968825782369639,0.055409587127886
0.0909222951409643,0.0284121019895177,0,0
0.0992816685088863,0,0.0866421228660118,0.0233829925417314
0.126866635330012,0.0601242521470046,0.102640095155599,0.0408570984664358
0.0942143139843645,0.0248806561330182,0.0290098229285406,0.0378844882670837
0.0225876899778524,0,0.0147226438140165,0.0361144160472493
0.0800563027939181,0,0.0080440695074244,0.0544172372770752
0.127558555326298,0.0235882367162836,0.135113352259327,0.114847811888097
0.0242644905976112,0.0333963552329736,0.0462439983684661,0.0739674946683882
0.118340415259688,0.0608489836745965,0.0304545186564123,0.0869306788897559
0.0500318524862661,0,0,0.00839914935466954
0.109518163469565,0.0112260361933543,0.0439396328561401,0.0577958283602063
0.0276732699367504,0.02553604745254,0,0
0.0804103638709589,0.0117269985997935,0.0550517330844235,0.0159851547155912
0.0511836796347278,0,0.0269893727056958,0.00756701510787409
0.0846860561146738,0,0.056135050127553,0.0208421672902758
0.0951030466269432,0.0686664537589046,0.0405095487615596,0.0650750612305083
0.0417499237733054,0,0.0418208267885879,0.0494244320272517
0.0921210944106706,0,0.0415013407847063,0.0255511270039891
0.0460036003421944,0.0114577520716075,0,0.0663134903370576
0.070768439129072,0.0220387503477399,0.0726626615083086,0.0627064931129813
0.0481539550759785,0.055014035989,0.0908974912613378,0.110893787433958
0.102836349345901,0.0642586150356532,0.0531493971103069,0.0186473234438836
0.0909777686670558,0.000563434115841907,0.0382016276340917,0.00935491809288084
0.0802724927581149,0,0.0149649086883144,0.0521618280449931
0.114005018195611,0,0.0674389419924685,0
0.127414887321897,0.0355929826721192,0.0644180805941676,0.105192525926952
0.0885512513168779,0.0408267732559111,0.0473821323890331,0.0510103976816073
0.0561251603291498,0,0.0136265660507548,0.0348004415616771
0.092056150321595,0.00377584176234291,0.0263916943943381,0.0277952325951004
0.0288408460375246,0.000236442930895952,0.0118927870773419,0.057939387915609
0.102502796084357,0,0.0512876031661534,0.0487967924632101
0.0311085821917894,0,0.0852480791031223,0
0.145387753737843,0.103198677682285,0.0660163314066918,0.118528486529624
0.125412882869291,0,0.0708848770135753,0.0408837159585876
0.09346139454379,0.00264692930367455,0.0872823611465701,0.0481149872440891
0.101100604244995,0.0665819872786955,0.028862596671495,0.102046161560698
0.126005080002849,0,0.0675310910876025,0.0910315139985877
0.100998227301434,0.00446936538639807,0.0168591435598001,0.0916422817019957
0.0476816014018797,0.012668098845219,0.0305197662873989,0.0438691824936832
0.160835698733081,0.0476923021449302,0.0942112039789768,0.0799800522818166
0.0170424437242166,0,0.0493710317558048,0.089052393365632
0.109784303811196,0,0.11794802952681,0.0963160669797636
0.0958629409643639,0.00735206885245272,0.0616041444400857,0.0580228500352226
0.0217120595907053,0.015217558142128,0,0.0239294054233774
0.0221469682773251,0,0.0120207566779063,0.0428115391696757
0.0980313436565673,0.021688105947697,0.034727883895548,0.0304155934483553
0.0356329581606137,0.00144658771344884,0.0402989019157747,0.0353229442086842
0.0806527393771046,0.0271432957878473,0.0708295897531677,0.0616865593356252
0.184496643458692,0,0.0184255708542122,0.0865551154962485
0.0537138377945462,0.0642610817087014,0.0247775160017759,0.00146120928011716
0.108535731411326,0.0656649462089966,0.0582189437258647,0.0691513052549683
0.0721253569720515,0.0202090144068257,0.0530068429963421,0.0961285089884026
0.0806144116799131,0,0.091665540332347,0.058115974441087
0.111320905366442,0,0.106567743503682,0.0416744010270339
0.0624185011367126,0,0.0185884908083905,0.0106776245282733
0.0389608117535982,0,0.00935493337250928,0.0517739348359467
0.0536380880693373,0,0.0451307808189841,0.0103076228973719
0.0180135973552362,0.039915369265862,0.00776664739085837,0.00629441466633202
0.144498039751876,0.082067711107321,0.142110192349105,0.0951987489536593
0.0693225848955454,0.0458371133082451,0.0813340543697818,0.124178341878945
0.0354271043943147,0,0.0390639278261189,0.095466322787487
0.0307372243269624,0.0166258490084516,0.019436997549633,0.0158629957708225
0.0480536011607556,0.078797107708716,0.0328120852965642,0.110361689933533
0.137858443926953,0.0207670883391149,0.093073311583456,0.0332296692574366
0.0322521378249845,0,0.0763913948344961,0.00109595156270147
0.0195811848122006,0,0.0408052649726586,0.0388216723726584
0.0718602273742614,0.0430888046577732,0.0309059523508738,0.00813599258451699
0.10941315733101,0.0102023884975636,0.066513621677994,0.0969329536134202
0.115858000641666,0,0.0943667192960324,0.0451260557069391
0.0919569019237601,0,0.0187244897231888,0.0242237078567004
0.0458129694095151,0,0.0422081166164702,0.0594936619054457
0.0566978107850183,0,0.0104328264165166,0.0159495062704702
0.109908498424777,0.0123466986766076,0.0266900809099897,0
0.0662580736066732,0.0140308062507431,0.0866168260407202,0.045458509075013
0.0365622675671656,0,0,0.0636112400604715
0.0121292198412288,0,0.0371199987761624,0.00994852079420805
0.0405476963083828,0,0.0709556494013875,0
0.0739649310569006,0,0.00151708316295042,0.0433393043968595
0.0889215446190268,0.0257002745201673,0.0113861503689139,0.045740553026269
0.125967779330556,0.0104402242360496,0.0510713297342711,0.0426701438951172
0.118314126432592,0.0539623335645229,0.0932726567723831,0.0515355635705262
0.0721014763919469,0.00324742203687454,0.0306558748211703,0.0781093362922379
0.0540975442812657,0.0297135633593648,0.0529854521756996,0.0169351662007494
0.0815838723449119,0.0567460786084233,0.0576205153761661,0.0580196103724127
0.0385212237771713,0.0289997704015484,0.0659224910929683,0.124717349876056
0.0269331492864106,0,0.0368917674695194,0.0470467829703317
0.0271899516131287,0.0644212886645395,0.0445245275638659,0.0248782943827885
0.137954433766208,0.0852343568742034,0.155229442157918,0.150355863666447
0.0586235522691142,0,0.0196946996734691,0.0187916334785583
0.108871601463081,0.0896250196669798,0.0403336768703012,0.0782684587180093
0.0531965640570668,0.00176233609917981,0.0369730664739478,0.0676411883071044
0.0524851192442495,0.04040636514538,0.0368033488598495,0
0,0,0.0396273577047992,0.0125301875455568
0.102721896374226,0.0414851947856417,0.0535930731577399,0.0850004445776056
0.0650538060897403,0,0.0253451021233605,0.00791605467313833
0.0669440214800603,0,0,0.043858815738854
0.0277283789183073,0,0.0198251468426872,0.0488370582128251
0.0459081394783176,0.00256036661000651,0.0142135059051962,0.0187284866750592
0.015853053598451,0,0,0.00394072210366218
0.0332138865900455,0,0.0186405741550052,0.0173392435378699
0.0891013608198522,0.0177832873481954,0.0399320171298631,0.0351555432762808
0.109184880775689,0.0518418547009316,0.0418976337609735,0.0650173341190858
0.0672027948853365,0,0.0487323655262012,0.0515678273531364
0.028137332562712,0.0191434439497107,0.010336064108468,0.0457621967523791
0.115063342539643,0,0.0173912398872611,0
0.0663737852118243,0.0477185718348366,0.0407082416390146,0.0149857428700004
0.0708013804229698,0.0853874606468324,0.0990449049616111,0.0379799895253549
0.0554679974219726,0.00127664259404051,0,0.0757940350545514
0.0510273163242855,0.0180322646437275,0.0431864843889407,0.110733880672286
0.0479167375594685,0,0.0440486942096799,0.0642261464433797
0.00991852590138364,0,0,0.0175266550823938
0.0542035137480478,0.013052814308754,0.0337544127453515,0.0556401898054868
0.0691654799061064,0,0.0512336075976071,0.0649241317987704
0.2027467314402,0.0387953765223288,0.0824596876120549,0.0829565700075651
0.127472975358939,0.0237107039576413,0.121253282598243,0.129377228898177
0.0412221044206067,0.0217836056962826,0.0319288222611168,0.0215071633707762
0,0.00983366533063011,0.0652211994385171,0.0414671547787581
0.0995860951688195,0.0348595530167251,0.0151507094893668,0.0225763132723088
0.116261140489534,0,0.0248435810822169,0.00883723219915349
0.0786383590657039,0.0268978600314806,0.012282799970169,0
0.10869524430991,0,0,0.051971205609941
0.125950042264546,0.0469957707078538,0.152927856906108,0.116457055907444
0.0815555251139359,0.0192462883795361,0.123186226381317,0.0620400885461094
0.0874843127095779,0.00399796985769873,0.118587200967083,0.0449985489660649
0.123951319054049,0,0.0311514546103825,0.100455560790603
0.0908494102267674,0,0.0407236522404675,0.0577339237282335
0.0723096794599443,0,0.045511809991696,0
0.0790551135433495,0.0113986717627989,0.0159535920448021,0.0366449659739059
0.0674614004367342,0.0647197857135745,0.0277486027368405,0.0376764286363076
0.092229181958255,0.0273255807625711,0.0581237897112548,0.0668649264997794
0.0402961122972944,0,0.037170187916787,0
0.0157922078710102,0,0.0561914377123961,0.0564108181110584
0.0820319027918071,0,0.126184678806511,0.0809414020424844
0.0562760064386485,0.0490415394880484,0.0172325346889466,0.0640194055789443
0.137768227563459,0.0629972519990568,0.113983236505603,0.10772626107788
0.0697518453462169,0,0.0158080558265684,0.0297514511765319
0.0382346942922459,0,0.0214084566699681,0.0113335048811894
0.115167144784121,0.0242125040004815,0.0529802476255005,0.0998699805381451
0.055190039469688,0.0372159348758259,0.0336619909893319,0.0236815705602606
0.155598298192955,0.0295534513698565,0.0669884927712201,0.045512841406997
0.0988791369908515,0.0143467289154257,0.0374631429965462,0.0364074103673632
0.046696280267834,0,0.0397034284566136,0.0538525375167124
0.0617314626213839,0.0437774385067683,0.0429760203196463,0.0156357288122994
0.136698097747428,0,0.0285235606351271,0.0322633717890052
0.0391360933436037,0,0.0621940169792543,0
0.0828700553101552,0,0,0.02663124270026
0.160791648956019,0.0366491475554097,0.0494852222697147,0.0152899809118183
0.0520656739122601,0,0.0678564250990683,0.103807356739873
0.0507119917998809,0,0.0277027923941276,0.0795002138617223
0.100698263543933,0.0254250872749702,0.0517680734576326,0.0552861460169933
0.104805732989207,0.0397963409496438,0.0570062977686119,0.0543905567345674
0.0959752075607979,0,0.0309086907750777,0.0681235512794548
0.0743820162968395,0.0280589498291232,0.022107593430003,0.142666658871124
0.144424345663381,0.00906389400083518,0.0686004682205432,0.0850667089884274
0.056050287781072,0.0298312012356511,0.079816392573005,0.0682358744643586
0.0111541958884344,0.0763237062655852,0.0408080443487393,0.0314668582780827
0.0312681146564577,0.0400891468226772,0.0649118012771084,0.0419980223630665
0.0756855117264004,0.00826274616137036,0.021014678176436,0.0305807019920064
0.083417097827309,0,0.0370028951606396,0.0307464572298869
0.0257764885180536,0.0122418809915708,0.00299254490837426,0.0244244561075343
0.0521661346156473,0.0803909561654995,0.0171325830832179,0.0594017521173584
0.070122227970266,0.0630755283797539,0.0835819822601056,0.0307686211858508
0.0332830828364095,0.0296222867257797,0.0222313149336356,0.0523022077609307
0.096082781696573,0.0160950680439663,0.132748383247144,0.0693638887311408
0.0708873427302182,0.0202566361082779,0.0851968456654093,0.0710557614364018
0.0723998378247193,0,0.038393201250484,0.0532668772713958
0.124165836467076,0.0063069023078999,0.0113570808797939,0.0818591523744708
0.0882643965858698,0.0241739930173535,0.102983130563238,0.0401890082563284
0.029683949343863,0,0.044729582307704,0.0534233533465582
0.0860525260934995,0,0.0515203050355934,0.0446059284736358
0.0279476307393057,0,0.0267441186625939,0.0415841226034567
0.0234201993863711,0.022970764016974,0.0292774393101663,0.122832676565247
0.0985804782599316,0.00671415762619633,0.0885503157297045,0.0588320043323478
0.032338557305164,0,0.0244670363403617,0.031741063598807
0.0944677389281683,0,0.0125403987823039,0
0.0798621631703228,0.0152631543371703,0.0956907365502275,0.0712200692860685
0.166657632813868,0,0.0584985982264438,0.0384079609801336
0.0651818556857321,0,0.00786918015711383,0.00259196214433353
0.158159263636269,0.00244903169272707,0.018466894967811,0.0995892428397989
0.0983999188583616,0.0151173567384076,0.0663900792111768,0.0773036943986436
0.0703507986491287,0,0.00128707751884093,0.0301826068979124
0.132985596231799,0.0183616479861573,0.0490004974115549,0.0372933232604898
0.0876254661072035,0.0328780735245463,0.0569246561020157,0.0351975233931921
0.0737021422041199,0,0.0348423357222839,0.0197837919780809
0.0974067280302227,0.00633688821285464,0.108608091961154,0.0895035947783883
0.0681534094076706,0,0.0403157752263287,0.0399415068054299
0.0544889592886009,0.0301289222310495,0.0534144652799612,0.0590806176650517
0.138747122216197,0.00402910233395278,0.0076102175293182,0.0347755890356398
0.0696580170550044,0.0313778364162203,0,0.0600413482831866
0.0112564500180641,0.0503826423069113,0.0507578949159213,0.0564458002081884
0.0933092243356261,0.050490108468312,0.0384712505360743,0.0460536950925635
0.149919775955409,0,0.0464597490229694,0.0571100426691653
0.138783446240978,0.0192355466822783,0.0703222350776545,0.0266191706012817
0.0748806280214784,0,0.044331165980234,0.0419444792508173
0.0830594268859761,0,0.0446090965353746,0.0221416703469798
0.0748220545013858,0.00601350157919911,0.0274203118151031,0.00802395635712146
0.0707038754455957,0.0363256208147873,0.0344400147387953,0.0351221236661218
0.026441887532435,0.0944341755075428,0.096450915818014,0
0.113085734669937,0.0993289830366422,0.0270334671618027,0.0349946525040974
0.0349325448166675,0.023914438568356,0.0308021379023993,0
0.0973477244546938,0.10397198551688,0.0341902148033989,0.0402589555577264
0.018563715887588,0,0.0504630927254933,0.0298375330996715
0.0948411445205337,0.10045434189272,0.0511749130907674,0.0623979774552779
0.080921969076032,0.0591955735685621,0.041737452525065,0.0174131181729459
0.0638798661683167,0,0.0170776811308149,0.0288074248238537
0.0431277523690526,0.000675575592884246,0.0724289026177829,0.0933400140366399
0.0525329190423347,0,0.00148400080514009,0
0.105330808350054,0.0238987831194754,0.0450268200644552,0.114188073598093
0.0843998029700695,0,0.0758461826250315,0.0249806712460376
0.0820146411852006,0.00250440207361121,0.0657097370548287,0.0327693600695328
0.150230281142188,0.00879282832962221,0.0456520279250969,0.0495602537693208
0.0352481708429257,0.0186410626501524,0.0198339989375736,0.0349906384708448
0.0829020569799724,0.0124767334175633,0.0313273858572241,0.0472751420421177
0.184585862185814,0.0582461171267006,0.141391321437396,0.014972902313596
0.0724145949057574,0.0197116542428303,0.0137940082211127,0.05510104891574
0.0890408466789982,0.0339881220235927,0.014690323671999,0.060629407548675
0.155286089335568,0.0309191508602343,0.0626331730890906,0.0495841696340219
0.0747842744391323,0.04223225115944,0.0274697158686789,0.0632536025290011
0.135419093884614,0.0611479589457818,0.0786221208274824,0.185970968209365
0.0562087642520996,0,0,0
0.0505918756779522,0.0236800690620425,0.0313119710374681,0.0299530896060956
0.134877794221754,0,0.0577212341483899,0.132003929951392
0.093895932871375,0.0207162141454731,0,0.0885337018711295
0.124525371462829,0.0391846651870458,0.0742558813308849,0.160218142303294
0.0427582721571546,0.00396193065468312,0.0337963479775119,0.106201774800271
0.0857443172614426,0,0.0472503550152718,0.0559428346587743
0.131524167621159,0.0360527378716459,0.0652950251152462,0.06228735993431
0.204606104021573,0.0657721126914903,0.0699299381012601,0.0371050625307003
0.0695120023796487,0,0.0407044897473309,0.0335896686341351
0.124453686214034,0,0.0146767409577241,0.0834561004019897
0.0730142732525809,0,0.0537938525767552,0.0886643226791413
0.150736436042926,0.0698756085013772,0.0246255355012527,0.0184419228712361
0.0832791719071946,0.00884324163555086,0.0237847937442494,0.0602159840569585
0.0492569304392334,0,0.0655265469721213,0.169531266256807
0.0880184063081346,0.0627021440505578,0.0589127319025271,0.0705700866130073
0.121080685065749,0,0.0906320490859273,0.0508151227268146
0.132629777200457,0,0.02856790274403,0.0646958001456329
0.0961952953436845,0.0417831190662969,0.071131093370102,0.0537238889271272
0.0500897163725103,0.0486941737335595,0.0641103448929025,0.0358161976023363
0.115850280846687,0.0157971401147439,0,0.0523267306143364
0.0870018851433835,0,0.0214339878616237,0.0224348227151393
0.10877415297643,0.017013788970304,0.0418453627449607,0.115718292818282
0.126620126844854,0,0.0152925355179628,0
0.187551042991216,0,0.0485885310579431,0.122341896611559
0.0516386487530458,0.0458082654060632,0.064506096942363,0.0814678182295668
0.124858748252921,0,0.0378809140758189,0.0835249630380333
0.135764357720426,0.0115339657512349,0.0701575769183859,0.0616448351563885
0.123131225190352,0.0617184772264943,0.0322445697664093,0.0282958520013944
0.120568047358499,0.0375663992076852,0.0358637552265243,0.0763173504623926
0.0458671361006566,0.0229578388526507,0.0667065837875824,0.0277953851997687
0.00945671780749297,0.0704066084407198,0.0269977474328772,0.0933558432106693
0.0428493050640428,0,0.00648453138230898,0.0463201009192472
0.022941025034789,0,0.0794404443258172,0.0575972603813734
0.0451971393713634,0.0163147176313587,0.055717363540143,0.0909530630945169
0.0570158499920152,0,0.0527793930871125,0.0837882672301643
0.0929921937378072,0.0165728998118698,0.0860897136532702,0.0481650521712125
0.118720765839447,0.0268736741234686,0,0.00956783561861499
0.0646943917741808,0.0124029852607501,0.071893018198283,0.0688574341686012
0.113327901208308,0.0307806698335033,0.0589663160016423,0.0296300299562961
0.0585609218765495,0.017490911845519,0.102478903351308,0.0687083347512839
0.124478118946605,0.0200318277870573,0.0504381467252777,0
0.0409845208963729,0.0232920805404871,0.00409056522564432,0.0150541848005427
0.0973599031018323,0,0.0494425570166747,0.0963340790188448
0.155768635647721,0.0695433014194206,0.1263285104653,0.165486064416333
0.0814473306724463,0,0.0549872014557062,0.0359985296897442
0.136063094451389,0.0896156070457506,0.064463012398293,0.104290774913092
0.183609213524327,0.146618031489414,0.0410262736477393,0.0724140060349689
0.0292593218010331,0.0333328540776282,0.0555610950473244,0.0387097117177347
0.110594766451824,0.0373075166687794,0.0887313465586504,0.0645436701900513
0.130877984367827,0.0308067680982319,0.0637304992061326,0.0527149019395692
0.048727256270503,0.0409715967139261,0.0513426021078362,0.0140273198706827
0,0,0.0476293209039553,0
0.088949532479335,0.0272755145203123,0.104326831870037,0.0361837881741181
0.0762644796854632,0.0633699890707042,0.0581533554182816,0.103842361937517
0.125657391659484,0,0.0698173805497966,0.128829929446191
0.0610600068888142,0.0186479798780383,0.0102234092845182,0.0748829067309709
0.124419737834681,0.0339497896162698,0.00647432531207815,0.0470755402517694
0.150938543195038,0.0304372685419681,0.0628262750934428,0.0619744725568865
0.134546950935119,0.106111300629072,0.0507948698264678,0.111507763326085
0.064483999001465,0.0375504660908503,0.104047410549608,0.044036017808659
0.0507091147527417,0.00771219604996147,0.0365606177005201,0.0165303218127823
0.12085161961805,0.00764945145936893,0.0309272169429102,0.0373121263545878
0.1058515906399,0.00376539294675697,0.0342163748766729,0
0.0980277823365886,0.0276676197552652,0.018912725582022,0
0.126783453183911,0.023752228710189,0.0885112999344485,0.0774294502745688
0.142855848756593,0.027323158996417,0.0910049511767255,0.0525333536815001
0.21477795933229,0.0361561379948192,0.0771452447662025,0.0354787134003617
0.0491794761697526,0.0423519239554851,0.0946984780417739,0.0924806746291434
0.124649006903983,0,0.0399383456106045,0.0234388691135938
0.162547395897454,0.119563058471416,0.0616870580044829,0.0710645840110232
0.105179891028525,0.0277958748906248,0.0303235989768234,0.108993520140969
0.0141682677670245,0,0.0142814318671013,0.0198617251905959
0.0507806782965098,0.000407543489599427,0.0269053310926575,0.0112761340822062
0.086117825061717,0,0.0682823401287549,0.0643304652904813
0.00830953646899738,0,0.00609313428395684,0.0702517420505314
0.0983039079071861,0,0,0.0379066077657636
0.0760998237174958,0.0808307568795097,0.0932922768140435,0.0442191151227944
0.134616441491528,0.0511086284740423,0.11278819375012,0.0791908179733429
0.026039538707229,0.0117709308216382,0.0439641096020275,0.0934654421815909
0.0212829948870517,0.0422072316594694,0.064946625990003,0.0553162584155101
0.0864186519893694,0.0482450940377161,0.0428171772318948,0
0.0342099584435809,0,0.0161806714656364,0.0346382983106213
0.0777551546124402,0.0572866421487051,0,0.0353080509641079
0.0347367047714257,0,0.0171499806052939,0.0308080496302809
0.0658496732964294,0,0,0.0290734321609333
0.0598350759810995,0.0685329521776769,0.035325823191443,0.088199356128941
0.0622170951120109,0.00444547158349383,0.068229789604883,0.0581873068725724
0.109114626011426,0,0.0205881392798096,0.00559078323433967
0.0352583485224335,0,0,0.0271157418053248
0.0909911699112442,0,0.0464803138657691,0.0893975661654247
0.0485450206993728,0,0.0222656892414654,0.0390024502606887
0.0896861962795902,0,0.0474519549252222,0
0.0739138442166801,0.0365451951811604,0.048999512574619,0.0555840478944414
0.100747705301103,0.0286882972458923,0.0352544673392047,0.0020030673034771
0.0502506670049342,0.00313376705956575,0,0.0523957568513819
0.116184588881171,0,0.0309273862240869,0.00682499489294298
0.134795061075567,0.0552324252403327,0.0057792176129395,0.0509363299209077
0.0978975404558528,0.00935119372331764,0.0689416132566914,0.103760257810179
0.191817628676165,0.112300541717219,0.11799267630716,0.0555096632232275
0.110817540622017,0.0181163028279422,0.0572578534373372,0.0137192151358983
0.0706261317648501,0,0.0198726269888975,0.0464406578155812
0.0310957011531248,0.028132206955423,0.0440689008276566,0.0736424666371655
0.0204388722270914,0.00717761758208666,0.0466629726194303,0.0537121692160741
0.155446808564533,0.0235524607900068,0,0.124542698856666
0.0383421609398977,0.00267127850548483,0.0472737938416827,0.0560734474471431
0.0833044835111407,0.00619053419603013,0.0299117694926053,0.0457504477149616
0.0815256567450972,0.0211423567103756,0,0.00177995497803825
0.157918797617348,0.0924084529799911,0.00779516901116613,0.0942679133328817
0.0263027552783862,0,0.00128777754808207,0.00850402617553972
0.106964601444773,0,0.041116328297854,0.0257784305258681
0.132071382400657,0.00931101873908428,0.0351889778151824,0.0244382321856555
0.0996947134186949,0.0452857376657142,0.0445675286802358,0.0330099744711851
0.139349777221848,0.046299900376901,0,0.0527974299985928
0.0935075731614136,0.00192678834075499,0.0307156452705281,0.0602159563864823
0.109900445938062,0.0435973319161783,0.0318012954032274,0.0194299628081689
0.0665689376810394,0.0480191194351829,0.0512117475064529,0.0412746228174041
0.166952237162093,0.0726252024780391,0.093752359016768,0.167100111154332
0.140475202657805,0,0.0529651474670339,0.153910320736343
0.0866504731515753,0.0265330859232172,0.0226710012065395,0.0139779269032403
0.138297785158623,0.0337396314182892,0.0511207348750046,0.13051928242888
0.128059823860048,0.00550880671376787,0.0817038422353763,0.029986595836968
0.136907178833606,0.0469723409397971,0.0246511600002976,0.0389186466688505
0.0983385007198353,0,0.0545086127074502,0.0437116201352045
0.0723342204975316,0.0229374162849606,0.0338643929704658,0.00729508976427921
0.0330497062625163,0,0.0227637297756495,0.0339702505502603
0.0123475840488987,0,0,0.0571384381931553
0.099433224662046,0.00238940842473991,0.0426717983767208,0.0197487148948182
0.0270183058105529,0.00263842444881298,0.00263763989307313,0.0334369732610361
0.0343619499518131,0,0.00816866733388954,0.0850605654501587
0.0527523424182587,0,0.0132750101647822,0.0360548127701235
0.0882749320220758,0,0.0229313747622396,0.0538388894301519
0.082247633336579,0.0159423739707598,0.0520725662217305,0.0193385211531665
0.145743111681464,0.0330884505003544,0.0777558164522905,0.0212815933836529
0.0310107272854397,0.0150191624119487,0.0470383656289677,0.021587099342751
0.130627567137964,0.0313650699666256,0.0430076709381201,0.106378166207632
0.0279119613424448,0,0.0658002427345595,0.149948383031609
0.127845393219807,0.0559279450141921,0.159743883286426,0.0671393394848696
0.0315574086966978,0.0142718782790927,0.0485156261177551,0.105946031228338
0.0921928344033114,0,0.00445048733040865,0.0446918893211972
0.116450217074467,0.0130894961353105,0.145804810706568,0.0612083421553017
0.114394284236597,0,0.0379103805609292,0.0494186526009166
0.0385610801784235,0,0.013968371816537,0.00152848048014383
0.146239614907758,0,0.0726253512586234,0
0.0531807881816998,0,0.0422139220849679,0.0692455083744482
0.0359403700668539,0.0363844306878451,0.0724990811590136,0.0467431864858199
0.153038986769617,0,0.0505669858781193,0
0.116945169833723,0,0.0696010771900037,0.0527177777886316
0.076174571376651,0.00632737399347139,0.0269567509845851,0.108866624787323
0.0214793572083677,0.0611898764218757,0.054249691203516,0.0478752165527127
0.0648992776361844,0,0.0266735383079269,0.0529211630503448
0.0497345747814146,0.0160090934086546,0.0486044498620243,0.0402089720936259
0.125987943054456,0.0151741642102176,0.0706473435999939,0.0932876674757574
0.0852925491777564,0.0788507654272337,0.0587205085324103,0.0593800666556134
0.0865267719738616,0.0147745476701087,0.0134155276844916,0.0270671720278521
0.0728997344139577,0.000956945524027664,0.0262252043245562,0.0193686495099704
0.136357565838729,0,0.014826202627203,0.0605112505247471
0,0,0.0257188844851591,0.028939361742383
0.0153163622183436,0,0.0179411943090046,0.0102106373380992
0.0532376393421856,0,0.0360164321087536,0.0155730704503903
0.0943977835880744,0.00553964913354055,0.115731758510521,0.0379549223767317
0.0699010995169343,0.0174264262029111,0.0969488153019202,0.0767094985006593
0.0947255036158451,0,0.0381572953933615,0
0.0901287709834523,0.0265180528993225,0.0825606088709426,0.0269800704823314
0.0246026778043757,0.00818694407633594,0.0327667660065683,0.0440449428354291
0.107846643343196,0.00552539436561665,0.0346779599519393,0.0576463930281164
0.101535936251025,0.00556335499513416,0.0694729304101921,0.0285464379626217
0.120017617806428,0.0372467639104674,0.0536830306525727,0.0356853235087689
0.0845291693297628,0.0037748289236509,0.0266124181874295,0.0347333191872352
0.0485816588839764,0.0460821105536004,0,0.0186414533739101
0.0771300541190801,0.0226482051759149,0.0118808845451993,0.04486256881464
0.00185718614611144,0,0.0632568440245912,0.0393702022085101
0,0,0,0.0209890078296126
0.0225772293514341,0.00265161849219626,0.0739497918521174,0.0574935410604058
0.100248847178379,0.0245551035109391,0.0439577944621416,0.0238531612200002
0.102077018862649,0.0318254131734007,0.0171566877870174,0.0206398761154307
0.0471278727276741,0,0.0733008243470852,0.0496896807436393
0.0350343378048343,0,0.00754992293671464,0.0445393826746751
0.129365044694821,0.028955344368473,0.0415771876193037,0.0224185861015081
0.12130805123685,0.00757619835928971,0.0402662538999878,0.0982691758476605
0.128776877044457,0.0170899332033658,0.0343721998501181,0.0724201813929616
0.0697538924487212,0.0235184363635396,0.0529413309746022,0.0506741408013092
0.1359512662975,0.0279962672754607,0.0460729445756111,0.0680450847096471
0.0858607507447034,0,0.0501183666541786,0.0885504456537705
0.105968312730999,0,0,0.057805900481057
0.0718055927327964,0,0.0354499583118686,0.084254549715467
0.0791480835530208,0.0235411078109171,0.0289977615019462,0.0746960839737428
0.107064808279509,0,0.00537489103497083,0.0228989873746019
0.105048853751573,0.000245204805022471,0.0620065604476654,0.0514717426518463
0.130475288069226,0,0.0381540358037708,0.0495169238558846
0.0338331995736342,0,0.0986101126908292,0.0367984141998177
0.0472841905587027,0.0219878498611304,0.0463150859860104,0.0165747267892895
0.100624339688634,0,0.068185648991488,0.0814675633821286
0.0923434788187123,0.0480746345611821,0.126609235755042,0.0398013976628064
0.0939918591358207,0,0,0
0.115742050580765,0.0526291557801305,0.0934691792478963,0.137242992849084
0.101810801875821,0.048702904235828,0,0.0655008621426536
0.0377934214467388,0,0,0.0200963990321974
0.0308856525003722,0.0253217016221179,0.0216310031681066,0.0496566380747956
0.0658200355364596,0.0101241335892465,0.0314628564843314,0
0.0740708295492169,0,0.0646171855798899,0.0541342698572384
0.125850159990605,0.0852624246894632,0.0811721189382964,0.0505117779275655
0.0926421206217978,0,0.0874891798254057,0.00174697627015197
0.0960824844928682,0,0,0.091145709238661
0.0345649903860246,0,0.0432946151639808,0.0634546895381294
0.107302400375386,0.0329849145933798,0.0490905960706157,0.0672267832384248
0.154257194637632,0.0220965272160471,0.0640661905584912,0.0341210443873922
0.0507168471370419,0.0336801271133139,0.0714094154794836,0.113071944959628
0.0460365357362435,0.00613967806945643,0.0306132824175784,0.0384475464151736
0.0922019974707774,0.0502406487985035,0.0383893023438619,0.0868848795125375
0.0196182753573487,0,0.017503242934392,0.0204000779858046
0.0416125027985847,0,0.0609172897640104,0.0677543836855066
0.0315709629014781,0,0.0202907159333872,0.0595323449939983
0.04245115440271,0.0161694617573336,0.0274076100419757,0.082738279133054
0.0426296454457694,0.0108077745686405,0.0554093920156517,0.0290384422818383
0.0415164767022322,0,0,0.0465061961569186
0.0237821108330541,0.0309550678280578,0.00909902661112697,0.0271912054574777
0.0997234930155461,0.0269237631999993,0.099185451475676,0.081873376683168
0.0832248782879345,0.104523573048695,0.0996726034394945,0.116713796208682
0.164098727802856,0,0.0431914275792879,0.0712993348203324
0.0082136557679672,0,0.0157975484273165,0.0488800235043882
0.0454415117477766,0.0582507516131359,0.0387014884831027,0.0635877912993776
0.108927677156559,0,0.0714247627944987,0.0912630891603057
0.0589377507084108,0.0279310901696644,0.0512410556656157,0
0.0653962063177965,0,0.0336664663163789,0
0.0554628115230751,0.00271950244362367,0.0342895134457763,0.0344195121040835
0.126291844317028,0,0.0190314521285522,0.0507000795905708
0.0837239241623152,0,0.0318419158855439,0.0341462265311275
0.0299015223754594,0,0.0164313372417861,0.0337489629036498
0,0.00404497036556443,0.000965882399845415,0.0304346774665835
0.105634608434131,0.0129389325510561,0.0300547511449891,0.03830751574985
0,0,0.0617630886877292,0.119702875141964
0.101724976367733,0.0505243525244516,0.0229633742963563,0.0776335652937733
0.069659773834597,0,0.0280267331036974,0.0790357990798246
0.0740927603752895,0,0.0164797378012523,0.0833510737724
0.0641843748387533,0.0183204879886078,0.00818498866179396,0.0819280604026277
0.0824930878396844,0.0118107093203949,0.0839706362681075,0.144816270208697
0.133849186744705,0.0239250188737647,0.0404616991373324,0.0310976291527214
0.0886311548310266,0.0124253787367376,0.0326895232185678,0.0190373819749708
0.169897794959425,0.0166170708805542,0.0644678126556645,0.0488433226850147
0.134340826800084,0,0.0395648455372374,0.0303529142542582
0.0353138903085803,0.0294992305622494,0,0.0239233655020327
0.0402715194595058,0,0.0600487242328517,0.0151366395331156
0.0482878478737908,0,0.0261698950514714,0.0612619924797523
0.0970436054234099,0.0187199830338004,0.0913250699441245,0.0400862764964586
0.071729234170126,0.00535656961717816,0.0698019063954753,0.111946598242522
0.0293003289924676,0,0.0424523470758583,0.0458794289266442
0.0844799834450726,0,0.00775967154650733,0.0126461282730142
0.106908849186267,0.00462166878810158,0.0338126435983913,0.0278015320860813
0.0907030845698463,0.0216012883247254,0.0483754176950527,0.0644545841734742
0.0528902585155331,0,0.0295805045985766,0.0203647701187112
0.0707014037398984,0.065267120283737,0.0312826334799899,0.0340162073752037
0.1048322556002,0,0.0942129537404525,0.120321617531382
0.142727740667257,0.0269259278968917,0.0244598149652533,0.0271256106724219
0.0390543396466286,0,0.0720368101402343,0
0.0575197431097583,0,0.010123826429776,0.0340788735459224
0.0410021105270234,0.00250210784243781,0.093977204193373,0.110154354262609
0.0243535679665735,0.00301368657743604,0,0.061802489389802
0.126485739002718,0,0.081131740201234,0.0765118457940391
0.105047852400145,0.00620150997865573,0.0111545715073401,0.0181832018185682
0.0805575407661363,0.00497857250543341,0.00724168783564635,0.0481654063451753
0.0330483234951384,0.0110037236705246,0.0491798517872266,0.0586117199266432
0.115780678191,0.0544087748622679,0.0043389577735448,0.0590771750822294
0.0110445191986463,0,0.0220126757181519,0.00331953476612089
0.0745568546173795,0,0.0738156155545603,0.0530454070978637
0.0515570403312951,0.0287713413068737,0,0.12749650756877
0.0532164346646893,0,0,0
0.0610922108067254,0.0182012305812938,0.0576851311474179,0.0582017006499635
0.0925170655595552,0.0586172050492509,0.0226101297654027,0.00363335519539298
0.00870833922454093,0,0.0244865767720096,0.0473684349440289
0.066779996709897,0.0687030466826075,0.0205918299228933,0.0437950982641738
0.0296265485274064,0.0349723201772124,0.0480031343342762,0.0458546021147704
0.111681502896241,0,0.0432380266572292,0.0350502846013601
0.055602561093831,0,0.0323420585486184,0
0.0681106755634984,0.0304705120919955,0.123759662815686,0.0532066807305561
0.0851521078649414,0.0292079100941539,0.0516156299699793,0.0306023121089112
0.0425427691365267,0.0214622651049187,0.0417520278783887,0.0176270184183911
0.083715709037773,0.0480960730985347,0.0148304157058201,0.0335898252508321
0.0515524917557606,0,0.0277563956944484,0.0475931637835404
0.0692939708723236,0,0.0268750078942075,0.0756865510626688
0.0752701755000588,0,0,0.0582720933286506
0.0928124797395738,0,0.0162183482416244,0.0372291462152947
0.0531256590103714,0.0111638630002846,0.0347066178586397,0.0569801068781533
0.122329721642481,0.0371395663815831,0.129582345812594,0.0462471787675145
0.0895126926603173,0.00949695808276717,0,0
0.132648608847966,0.0199182557032251,0,0.117566498813639
0.0517680463940575,0,0,0.035822765019086
0.104442110204412,0.00300493635372623,0.0510037765233025,0.069409676258384
0.0722050273547749,0,0.0573446765172464,0.0491822085813996
0.117516809305912,0,0.0622297219389775,0.047813992137606
0.112541913983182,0.00344696563670154,0.019632273879158,0.0431454080161712
0.0410371290523276,0,0,0.0497460370049654
0.0789978680695196,0,0.00304655858259873,0.0338709157646178
0.0748944724943653,0.0152731641853095,0.0265766640078485,0.0662670867979227
0.112672081613598,0.00657626040358783,0,0.0280018877643851
0.0650123706248559,0.00826545172121817,0.0277475566149988,0.054854404428991
0.119951428250172,0.0147880439556577,0,0.0537570095434313
0.0326849878761418,0.00648650511624531,0.0377025747539845,0.0181257538390589
0.0438450540841835,0,0.0201737395283517,0.00756572624267567
0.0631722753469511,0.0543086386561304,0.0438495683830299,0.0334290575615122
0.0764592150335797,0.0551866310848536,0,0.00589704157281204
0.11921850213244,0,0.000804536403002487,0.052272674371828
0.0195770227894124,0.0163023404209922,0.104579498389719,0.0527510439601886
0.107495526553528,0,0.0328629894430507,0.0341492956016103
0.0398692941518845,0,0,0.0813516661302654
0.0415790438420893,0.0177059883165976,0.0916272637876121,0.0474445351322741
0.0928396117002356,0.0514061245358888,0.125591006723329,0.0968644283068025
0.0362210609996816,0.00484912625956906,0.0392823950703559,0
0.0499176515229028,0,0.07256871585705,0.0829367781523761
0.11500822072251,0.047951980389179,0.0408369652281444,0.115513895618896
0.153885645143844,0.0504132222240311,0.068361342835035,0.0745451615017091
0.0597833228228268,0,0.0284200758122365,0.0840049380548757
0.0778540819765914,0.0915345584759336,0.0274997136267256,0.0211662376723636
0.0886025818763789,0,0,0.0432471687050975
0.123798497871643,0.0664215182833369,0.100914759012368,0.0560740034979556
0.0657017798449574,0.0530633415940218,0.0133787723799458,0.106223482918793
0.126045884772061,0.026323504106748,0,0.0190522822113199
0.178478118776988,0,0.0734489263951027,0.0940361038627764
0.0839209179526397,0,0,0.0197111742597819
0.0178194129605906,0.00409490870173986,0.0456444870727446,0.0771196451412978
0.0936558542730858,0,0.0545832158179002,0.0732181301026158
0.109450157329438,0.0427381430629317,0.101291468526637,0.0346912896224751
0.0719029784972109,0.00689094344871205,0.0285364772173637,0.0922528644398472
0.0562395642952609,0,0.00114632919933738,0.00798934548491193
0.0514918105986377,0,0.000148298188460239,0.0324069353505691
0.0503766920708565,0.0225377148377182,0.0449083021520767,0.0556834061602807
0.175299504908505,0.0157479790988177,0.0756779960589289,0.152183634327055
0.0590969152677652,0,0.0159440701810792,0.0815574744225943
0.0431132989474395,0,0.0830226487265623,0.0224860290517976
0.085119650935185,0,0.0284095893469353,0
0.083943798087266,0.0278769380518383,0.0376349800272968,0.0083991134325532
0.0874824413012468,0.0114182609605969,0.037514875315126,0
0.050406519622074,0.0350159046309521,0.0203256058871726,0.0800030365577317
0.162187642821288,0,0.151942326276984,0.118783096105325
0.148335700681152,0.11406017071809,0.106030439792736,0.0618192935686896
0.0727714760427666,0.0159046535569839,0.00868689662841431,0.0517789480756761
0.0290718369598117,0.0212374383635205,0.0171289758452394,0
0.0934954275762985,0,0.0319613725284863,0
0.053803666553416,0.00545454211937852,0,0.040490295913802
0.0692746860467089,0,0.0313151578148134,0.0598165093758026
0.0727692499959495,0,0.0626574008037858,0.0594019811280935
0.115179470577599,0,0.0605715603753114,0.113111222384757
0.124752269274567,0.096527578572958,0.0644422633424229,0.102344653036209
0.00184609995876917,0,0.0211776142149678,0.0716734036912492
0.0633906650323174,0.0518633413844006,0.0268559642914974,0.0904754382085936
0.118663468750189,0.0155382053614503,0.0595039263041265,0
0.043774319720333,0.00458831782608084,0.0457061383902964,0.0671849585924686
0.0730772038012029,0.0407186935155398,0.0612310325994202,0.104765963503929
0.0111211518758684,0,0.0266872783142047,0
0.108960404749258,0.0126484503527133,0.0435948877196688,0.141946342370535
0.106266906787544,0.0182628163310157,0.0582563399375623,0.0691930751632119
0.113759693927764,0.0404007295207566,0.0271841273027281,0.049370392260379
0.0465745951534647,0.0554540933396157,0.0121450392542537,0
0.0876820676456081,0,0.005753377283768,0
0.146492649303237,0.00664779503032575,0.0620089517240177,0.0877295055908191
0.130047150534567,0.0337879850097944,0.0568805933654255,0.0708986998318537
0.107006103536025,0.139338751557283,0.106024071649585,0.0432616750619315
0.0464909740085089,0.0452781938457628,0.0652554154717429,0.0686105046911699
0.0102414415002904,0,0.110456853269949,0.0246422322728927
0.124679165563888,0,0.0280313780037065,0.0293596026755336
0.0788519840844899,0.135610041875777,0.0406840806936885,0.0501084816221736
0.0418610861680712,0.0638823774052694,0.0389225718825246,0.0220739066736133
0.0625387759948701,0.0033595222155544,0.0474477428863502,0.0528165660753277
0.0824025512733332,0,0.0264595651404829,0.0352421825274043
0.105642833003286,0.0302961537582368,0.028400270245352,0.0666181785135184
0.0794865505842781,0.0110260803640732,0.0697354552579972,0.092432404515215
0.105961780684539,0,0.0413278896532336,0
0.0249083049455301,0,0.00895212072413748,0.0266959244401438
0.137315022584011,0.00064603210946973,0.0395216052457104,0
0.00176481747413795,0,0,0.0616315695405419
0.0319612558031428,0,0.0367733197049559,0.0231431356931414
0.17241644787644,0.0607039020042775,0.0337696413320258,0.0851205054378324
0.0907596541451678,0.0269839579370444,0.0982527919439368,0.0536121062769843
0.112466441408822,0.0168678222183473,0.0582569724033349,0.097107459284324
0.0867230923964165,0,0.0159730434191584,0.0179770445378979
0.0646955591418988,0,0.0510049190610964,0.0578469792608241
0.00145292387405634,0.0352975948757359,0.0380823437054849,0.0200595675173036
0.159646951102773,0,0.0360062433493747,0.0099981759029605
0.049941699844629,0.0324345549521347,0.0719814941762789,0.0627368994222756
0.113311355685301,0,0.0187548953859289,0.0454264453179074
0.0917390768527601,0.0233886200718603,0.0648926340567388,0.0880955627987704
0.107141730998905,0.00806856607839779,0.0380266863723793,0.023719957206483
0.0578372172212931,0.0473867959445954,0.0621132192891703,0.0393544068510809
0.0557104336607537,0,0,0.023846911636499
0.158571784672303,0.0424441859372062,0.095116815110152,0.0700106342934781
0.0766135720798402,0.0175131200763209,0.0508497857742658,0.0342318900211154
0.118302408227222,0.0176398311761813,0.0298001975982098,0
0.140870874900541,0.00675836401637323,0.0754480061329316,0.091386787382252
0.0474432926871064,0.000446542416291589,0.049921765212932,0.0509981978275926
0.0565873742847382,0.00258998117532401,0.0814754450361437,0.0418164753557644
0.0521048946161575,0,0.0961628068840741,0.123112046890393
0.0939114161206605,0,0.0460403137540646,0.0493954029734916
0.0464171738767904,0.00745218651860112,0.0639886102777604,0.0258037533391391
0.0284228850780877,0.0222913123322234,0.0108027977661797,0.00805666346997955
0.122006531579042,0.0160476863016507,0.0487421001255184,0.0422215477888632
0.0917874737150775,0.0282217818653664,0.0181356828298109,0.0396022023302886
0.0684172582873439,0.0616240215868017,0.0144000068281732,0.0333008139221038
0.0354213882932463,0.0121345191654695,0.0450757007761431,0.0257517032769039
0.105408699541532,0.00428629730456031,0.0520904718442668,0.0647811168122134
0.0748703539758822,0,0,0.0131785521330936
0.0820297155893748,0,0.0451446475966244,0.0199134218074907
0,0.0155314946228894,0.0239921272119178,0.060227250438491
0.031645938907378,0.0380030692840781,0.0554016822411368,0.054531483909009
0.0733977173415669,0,0,0.0133909561586912
0.0870509443131997,0.00729416394164583,0.0440600218123421,0.0424879863564415
0.112761127180014,0,0.0158998159118745,0.0509054924672004
0.0801567937475259,0,0.090652610688461,0.0312451521340659
0.122712690773955,0.0296160141422871,0.0920937779835364,0.0615806610326459
0.0638981390818951,0.021842121048877,0.0730264987496495,0.0206104590704539
0.0998926815248975,0.0186988571854445,0.0720251620288867,0.0409345002837978
0.0491020714891892,0,0.0172566959189462,0.0607339090075269
0.0762317014971823,0,0.0513692824146748,0
0.0949842731096443,0,0.0355415479707429,0.0538474004898092
0.111279936862212,0,0,0.0419176577332644
0.0552125075041413,0.0301058871908389,0.0294974057452784,0.0933549229255731
0.0609843241935839,0.0645148018801104,0.0159140542861263,0.0589553891079836
0.059199327581135,0.0300041958076854,0.0344328711570771,0.0634316819333751
0.0460050055499295,0.0367968929346666,0.0216996972663053,0.0830432295153013
0.0666041291323122,0,0.0152389631053563,0.0852623914580732
0.00985582775682543,0.00200093468196168,0.00994423098815419,0.0298266319337914
0.139371881608443,0.0356329654827949,0.0128129140592861,0.0823580134281477
0.0755445372433255,0.0681567327573768,0.0450889729927836,0.0436796133835052
0.0434019758680765,0,0.00168947286897295,0.0172891618198313
0.0910497569923079,0,0.0169348578332998,0.0108243884812772
0.101492447056852,0.0319814351661283,0.0333593640438985,0.046876396425056
0.0831133122994589,0,0.0698269801124624,0.0366043708602731
0.00437891792033814,0,0,0.0635756423598689
0.12151205806201,0,0.0196189648114537,0
0.0240698954338159,0.0028447817469767,0,0.0341403922401659
0.180830652370723,0.0517685514851417,0.0795644839599017,0.109203971402706
0.014810331509639,0.0193148250849995,0.0346170856081108,0.0237313718111417
0.0769537757177988,0,0.0277648555913648,0.0595742831780173
0.0809585129482195,0.0230635464500275,0.0143062107716138,0.0205391330627196
0.0623138661467889,0,0.00788706636050208,0
0.0676066009620267,0.0281095936185116,0.0210781888530437,0.0398920399823098
0.0654347691742752,0.00307852311731537,0.056486167437434,0.0585540774669301
0.178275314560697,0.0342625612806017,0,0.0156545662293743
0.0634032636840325,0,0,0.0697043675893795
0.124632750409586,0,0.0157325657011548,0.082300206230319
0.122231931327454,0,0.0119954753948959,0.0913290321440452
0.0647338269554645,0,0.0605437819088571,0
0.0430074248328279,0,0.0135106400317288,0.0125146795517384
0.0950409728574948,0.0237836240720828,0.0270133707774864,0.0700176211175245
0.151482197006442,0.061378717610077,0.0585437462397282,0.0260560224069407
0.0689844755137166,0,0.0581523331604744,0
0.0609402335258575,0,0.0698735412002451,0
0.0940223743655636,0.0205622841566105,0.0296275206641415,0.053927119398846
0.174557382331109,0.0202771876352094,0.0769239332570318,0.113875193327688
0,0,0.0376612217232885,0.0245768390670126
0.137671183050362,0.0328953429783299,0.0831604964699999,0.0813311733337731
0.0615902371136797,0.0140563060399401,0,0.0815433320872722
0.126976744707919,0,0.100821958172547,0.0993949736523747
0.0551914279809043,0,0.0691493864581501,0.0535489577034017
0.0911262487868681,0.0471077057113396,0.0238033060336803,0.0543719240965921
0.0184294309324461,0,0.0580033761706071,0.038795762387746
0.0714968852921644,0.0461013984723885,0.0549248866793858,0
0.0965341532931707,0,0.0898997408392133,0.0419607101922883
0.0763305540920299,0,0.101656137639037,0.0791066234891889
0.106561738283882,0.0238418066434097,0.0444416783430905,0.0537368360661239
0.0741248235239784,0.0457467990546704,0.0352810924072315,0.0333489254246475
0.0388043622996003,0,0.0179125358917175,0.00798091382185992
0.12721257701044,0.0426553840481283,0.0649798156675535,0.108442185950808
0.0748147064749364,0.0217202867176132,0.0660335429965523,0.0973004223096633
0.0898206379574421,0.00705231990470226,0.0857785316812529,0.0797915482102683
0.138454522404239,0.0188091949806595,0.0987746034782683,0.0398755133506844
0.0383113665359496,0,0.054765736236017,0.132452120043616
0.0847687790575692,0,0.0447619392117753,0.0528309990820017
0.0983655815028942,0,0.0349920993249714,0.0399556932999686
0.0686582089072827,0.0436652974791441,0.00351006023920233,0.0136154929604972
0.0514472273793921,0,0,0.0829889775825582
0.0544480156825563,0,0.0430554652447387,0.0432825565082175
0.0733497987731379,0,0.0485434993804782,0.0334839953036343
0.0746327021917188,0.0174136196443786,0.0333074676827041,0.0201998943738777
0.0653805625179522,0,0,0.0176444236381411
0.106683819044537,0.0885856585257168,0.024949752631645,0.0344690722503501
