"China (export)","OCP","PhosAgro/EuroChem"
0.204414935350407,0.0836316184245733,0.0922833586969353
0.220127090858906,0.0998013677892094,0.112460868571607
0.0965400215826927,0.141371626546683,0.110274100090732
0.145152667135518,0.106530812586321,0.113670936535404
0.122255722772383,0.0687744933890368,0.00523727746662614
0.116527566243987,0.100048272330428,0.103000600475809
0.140447575067019,0.123363794566149,0.137209162964319
0.140236305926793,0.0891133088426475,0.0801288478450588
0.133639504287713,0.114191517443373,0.126160185740075
0.0529839916533637,0.0649624961027111,0.0679134464076659
0.0759394437651783,0.0937751332531167,0.0961684843711831
0.0893563208185237,0.0532318159797465,0.070581715547981
0.143282282960486,0.116681241105334,0.110193992749225
0.187872802612308,0.0851452728662753,0
0.0918272292255329,0.117683292116647,0.0892258486358745
0.233872470194442,0.14374144681042,0.11416918488458
0.138487430128767,0.0958442442464797,0.126966537210083
0.118662061520185,0.079971875317401,0.114822465827356
0.274483557156371,0.0859959237015817,0.151736621769982
0.122354695422718,0.0922856444690562,0.0947046441860095
0.135567910533001,0.0758357625859273,0.0917094705432475
0.139957094473788,0.0766040943425365,0.0807086372387768
0.162548807542075,0.0886824054508807,0.0200356977621909
0.0901784924712169,0.0975602337027412,0.0737760646677982
0.178686584090669,0.106855983359632,0.0665267859658292
0.11364306410817,0.0952920676963394,0.0976690880506921
0.126419555972693,0.0872024695097683,0.0817261254428787
0.087011997470578,0.152054490820616,0.0959399690050618
0.0799488739996556,0.149247694247772,0.0393254343041698
0.129648717776909,0.0179084739072352,0.0833599579187042
0.11493606635304,0.0685449952784497,0.0747257292786192
0.203568332944629,0.111225585317677,0.124684518380483
0.12916638269051,0.154662490477304,0.096575074802073
0.111253273880199,0.0799522855789219,0.140859651286012
0.123487061411082,0.0716084242100829,0.0815902735816662
0.151601753486862,0.0815798277135493,0.101523220960512
0.13753991572999,0.133371126304563,0.092657563733805
0.148660802832029,0.0749541401619518,0.102405850249417
0.0981623263727498,0.0667845669251152,0.0785752430376096
0.195363320938934,0.103608271486017,0.162979227860178
0.192716867402342,0.0866347187221164,0.0809199518111218
0.180830580862523,0.0962703987389046,0.078781828716901
0.0702302450416021,0.0728369767959198,0.0709955365084363
0.17624439179128,0.135798510823979,0.0703587206679953
0.0937946052924423,0.0729571943853827,0.0515356304350069
0.194248014595719,0.156109968670744,0.110174586244518
0.0674627199151621,0.0735711582527225,0.0766885600097538
0.121505425765541,0.076382597598416,0.0788540443230457
0.202148238143756,0.193355985982735,0.224717043738156
0.115965567449372,0.0909150917280142,0.0913185149624145
0.185414419384947,0.232879466952812,0.0693218853473878
0.108136834693483,0.1030826443473,0.0855892246503606
0.151543368917126,0.0527527299244598,0.106243669141883
0.0962104852451651,0.0749026471795735,0.142623916561964
0.212445204462751,0.0553693696431649,0.0659120199471754
0.124125294380136,0.0697788778527602,0.124120263782043
0.117425627288939,0.106300210743844,0.0467232752782327
0.180428086245128,0.0977655191731358,0.165466704418908
0.109366035221474,0.0960642586930901,0.0985926466870082
0.160583308127035,0.0877669283414693,0.103560951409
0.0624469979811895,0.0797663351418946,0.0715753624942061
0.123370250783955,0.0824011734666312,0.0996187957556984
0.138041899735633,0.0725558995594069,0.0701451892195559
0.154000230934664,0.0643592495011333,0.109886945824874
0.192327785511863,0.0941717918956979,0.109788647680654
0.188577637587882,0.150928030362629,0.128562427158604
0.135285156547734,0.0788131823824921,0.0859354236797309
0.123500353896145,0.0652907806819269,0.0642195589980485
0.144872183724286,0.0843760364142517,0.0765441352483786
0.120532529593824,0.153986049483403,0.0734894540562706
0.143830886969418,0.199130071435295,0.129937185389387
0.129402590688615,0.0458943035366629,0.0836659960827311
0.151315305263818,0.108410902337586,0.119490365388306
0.133481175432954,0.084812169614312,0.0922548221198381
0.155581352686703,0.0998162080324716,0.0494851302703537
0.133513621525212,0.0840351976229854,0.058912096040876
0.157173110094549,0.0936517338207286,0.122946757741373
0.115335647231496,0.102472957349494,0.0578257304388431
0.224760925480565,0.0696705637492377,0.108475312895113
0.186914339810011,0.106817685996687,0.0712929876578536
0.173370601042756,0.113940029051153,0.071025543921718
0.127965598069168,0.0485172236998395,0.0751571603577582
0.131993833679547,0.0444118790987303,0.108722410162374
0.177755557166858,0.0723441043341295,0.0748394676449649
0.307134259395628,0.143512073762985,0.194156454411304
0.126634212925728,0.0610419053778364,0.038112993308788
0.0832623155388381,0.0915231208920572,0.0335322312601308
0.119466634981184,0.142484678995608,0.088853765136102
0.134111663834331,0.0754994400210287,0.0583826372602445
0.190807505490182,0.0980801215006619,0.114008331985597
0.170494207664911,0.164149187024945,0.102512418875958
0.109255564637942,0.0967634804152879,0.092821229913301
0.076703931112965,0.133435439663298,0.060427963565167
0.110739921524481,0.0709604905801794,0.0783181653763824
0.146048696994229,0.0810914548414028,0.13640063890947
0.123570717696169,0.0749681695549485,0.0656148981886692
0.160973734998804,0.137258875005119,0.115766991330711
0.158960410622416,0.0613969367608408,0.149007293480217
0.151165203002284,0.131390899652274,0.0793218677108869
0.128173046838914,0.0682074029339164,0.143574440653557
0.132581623157339,0.0235647718038264,0.102584959782465
0.155442166402369,0.0671159324981707,0.17274910293664
0.140780785167035,0.183103508420636,0.12070899131129
0.183406336323145,0.144797244932791,0.123673732468357
0.188582091756575,0.0609083992446408,0.127000540808885
0.143716089650328,0.153928310012463,0.13550437603776
0.221799029751052,0.138442998076788,0.157542198065349
0.0960159548066833,0.177850133189189,0.0795289827096937
0.140446760423624,0.0538034594111328,0.0875885085430047
0.0978070637624291,0.0732872424974145,0.0687219750375278
0.139565974906029,0.135932695656902,0.117084628287659
0.19989025650301,0.0701690058773616,0.0862672091109375
0.115386289042393,0.104844000755003,0.0809863960343425
0.0888562486663524,0.0501423806353761,0.0648667253670352
0.0533939637985387,0.0781435423577284,0.0681848610702904
0.159332856117008,0.123577267630508,0.128600261866333
0.14545063400382,0.0699746213015275,0.0764029339588521
0.151493356944477,0.0708923025902685,0.144545519207134
0.124980244094908,0.158788306811775,0.0718290711628494
0.152344576013526,0.106773661066179,0.153727968973326
0.184211823796043,0.154568456539798,0.134627794747825
0.235215778315948,0.1974826857828,0.201716385627809
0.148491254951024,0.0888165231954926,0.0674137192767029
0.125961667301143,0.0722763782750887,0.0859491907847989
0.0889356978193796,0.168724407469027,0.0986557924321251
0.114464889239394,0.135537362844476,0.119974633706856
0.175101532004316,0.113748569264343,0.0957625387762718
0.117907208811295,0.0939103581103291,0.0870688311728657
0.110654795068902,0.138506848514498,0.100921783538235
0.121255379267259,0.180981357302779,0.0716446467021888
0.16580509702735,0.0490638560437185,0.0846578760913095
0.124979678980971,0.0734931833797592,0.067779540239358
0.104850037333874,0.0875797160921654,0.100490447678335
0.216148747071852,0.107444939824914,0.0908362731070609
0.190066529117492,0.0930748230968372,0.129038710234023
0.173425521880902,0.0608770225835539,0.0720415994401443
0.163280849652699,0.147968187802307,0.0833518742063662
0.118617987956998,0.0405506118410802,0.125723737978906
0.118393992995366,0.075022991545174,0.0877223016420264
0.158231852723296,0.110685141500765,0.12510488187503
0.205189237585977,0.110782324788211,0.0704518076263291
0.159574976000465,0.111820404554685,0.167379867026055
0.188661511797831,0.102457636453206,0.0554873836890771
0.193521298538299,0.136185470908226,0.0931092968750222
0.178751805314051,0.136771495395887,0.0982741885225583
0.118074982268459,0.0703719919665396,0.112751623738543
0.103397404746883,0.104979450200871,0.0732569201314933
0.111517018937088,0.0980313735132022,0.10127989972782
0.0840886265259871,0.00784348224554614,0.0109985519737827
0.133114089564903,0.0960651038547409,0.154826734426452
0.0931494008528723,0.0831758311052664,0.122208284208885
0.142754942229515,0.0802026809571585,0.0665732479673686
0.101354634174792,0.0786527336164916,0.0591115999969558
0.180575797781319,0.0606932418250323,0.0778613245358337
0.0924070406962603,0.0272715033807382,0.0793683436199588
0.171876218306166,0.0514779753801812,0.103956399136004
0.113439436163532,0.12344518529697,0.118254813827573
0.181751940447299,0.0924702574172169,0.196016660924004
0.207926499706713,0.106173453336847,0.0870242389614254
0.154961766100936,0.0987178488482797,0.0825930650047127
0.161696499865937,0.096531908398907,0.115611503663509
0.10378178021231,0.134867914001461,0.0850629503919774
0.249392105859229,0.130927332319883,0.219583987460224
0.208480272818582,0.0986168264597284,0.0825269623856282
0.154155762538857,0.0767132310890013,0.114597180189132
0.160815824635012,0.103401586818174,0.0271539566174019
0.152403686525499,0.0764680623402937,0.0871223490429373
0.180287780084894,0.10143812769832,0.1207597594536
0.152289980507829,0.0146877505010151,0.115366888003103
0.111506390835011,0.0639668298729496,0.0861510539597173
0.132964891007487,0.0859398742842437,0.137243671801055
0.109828429567604,0.0563413784495041,0.0617119778284645
0.208849436918444,0.0436899981073147,0.0680907328851087
0.120272305633719,0.0955518426899186,0.12158461810006
0.2262119688243,0.121079603102624,0.0717005783495668
0.150833538485312,0.118695378485718,0.0773208144426002
0.199056282457463,0.0742679433030604,0.109835523703099
0.143084027940338,0.0951119590476349,0.117077724350618
0.0902678725193477,0.122298523714493,0.0598001316497309
0.0937200050709464,0.0504318130286679,0.064303231584758
0.109030610244603,0.135178303008021,0.0405479807477755
0.142201611979427,0.111523338854952,0.0998420571771519
0.196976859405024,0.154073869320195,0.189362052997446
0.116793431146593,0.0717063991446624,0.056398501978289
0.123856114186901,0.126947522580071,0.0612154714032622
0.114123114348459,0.0863835965848207,0.0965958806276075
0.223678430275981,0.17148477471946,0.0838314841672973
0.0962554372781463,0.127899029825395,0.0881931864860298
0.152781580429462,0.0844500892117718,0.156622935084327
0.113015996938065,0.0747980891456963,0.0726270546627678
0.211388169209988,0.180293817424262,0.142944478572488
0.196815207232042,0.147176746236767,0.136094780017054
0.126458993440332,0.0984459288758181,0.114408586600431
0.221512047612857,0.101799273310409,0.0958233986360303
0.188215652454808,0.0632180006488934,0.0487197399301793
0.118967959192699,0.0967755352753911,0.0576216931662322
0.183822799509298,0.104679248311332,0.0683729011132269
0.0755770223552624,0.0958203128051811,0.0675551295766193
0.150425088793072,0.10267292485104,0.102573201609228
0.161276939478993,0.0966229672326767,0.0505144985041116
0.0864693818893284,0.0768221277378763,0.0746967784795434
0.136420371049379,0.0256928258926047,0.12779504095663
0.144418400613446,0.0949953993767636,0.0922912604410166
0.0822579614137462,0.0698752958518549,0.135300756062033
0.172452733843532,0.0865700561038321,0.00499210126736685
0.14352520361208,0.0829007277762048,0.0772299489082208
0.109551616705334,0.075572481870855,0.182821896508596
0.0841694601901233,0.0718938960780247,0.0841359387051162
0.0755373107370147,0.0959797326680564,0.0675132630246439
0.175201272128903,0.0679268338029334,0.0546701531296725
0.118861092664309,0.117274946096851,0.0849606989565451
0.116225837158086,0.0986103768045107,0.0706483127887969
0.180024951657779,0.123997865918687,0.128267133632646
0.103944246863211,0.0866078815689971,0.0087219206981303
0.037116229743169,0.0942267083613926,0.104246472586487
0.203297963572189,0.0994408328262351,0.122528493903283
0.0861102648481577,0.0553362369671445,0.0953513617812044
0.14543775634398,0.109323084657478,0.0992687025378168
0.0688743106132791,0.0774456911866739,0.0748012899841275
0.125803489434901,0.0383364911556823,0.0944680154694595
0.18532812565624,0.0944269442922921,0.149616929263381
0.0779293007750284,0.0436843202146885,0.0449278482465695
0.135466822761179,0.0868806140310672,0.0822574300173203
0.215161081696603,0.0539178570147132,0.0530983948581834
0.171068735350969,0.100783107602433,0.0842187316346854
0.107534277469915,0.113481514374875,0.154733121372428
0.183108833032951,0.158457046219912,0.165730599114104
0.128867460165956,0.0703911950414437,0.0626846164686453
0.130372052306443,0.0987083650667339,0.0886841673419435
0.141085015160919,0.0713752275563509,0.0631228247473955
0.146348519744895,0.0854187288570768,0.0551904511156887
0.0601357436940919,0.087388973329039,0.06538740692924
0.116486829542121,0.0711820066392075,0.0954995528674469
0.0995399470372556,0.117328568023567,0.0778467961001091
0.103210563307313,0.0950155231897735,0.0882431169088258
0.196896624558082,0.167048838528022,0.0555417799512626
0.130058298157161,0.0171428764360357,0.100548054771056
0.107172042816359,0.0781675082598505,0.0573706843616242
0.195708320947981,0.11324159564472,0.0931509347460756
0.117789590446099,0.0899631995307117,0.0755345543315303
0.144807436964673,0.0896393418037368,0.0938933617018307
0.111776157949834,0.0790581863559611,0.0889136147918913
0.204821370718532,0.0078884227081432,0.106853629191953
0.238680337462426,0.103390302613855,0.10811653225533
0.0687256505449948,0.120243360807832,0.0987350689136057
0.0920066310675854,0.0747942275401179,0.0128341477709492
0.113721670890275,0.082212533711322,0.120889021453409
0.0908540999875097,0.0933959748182936,0.142590640743576
0.197533318844647,0.120180284613659,0.0722587923874443
0.100095217296252,0.0848025984685202,0.0556490229240222
0.101289672785842,0.0388259709881874,0.0860381929346649
0.150464635764264,0.052408004280939,0.0713124477255705
0.156677040650142,0.0861256930576689,0.132218062514513
0.170170975933758,0.0609279054448267,0.17298883272569
0.230361851522301,0.172783800368326,0.18327554245484
0.160099755711537,0.115243304589523,0.0954280415684268
0.0557511959317019,0.104565463511866,0.0709821642978531
0.207863554037735,0.0349035387696748,0.102790667925035
0.0869293656939903,0.0556266455169907,0.0771851783816791
0.13368431377335,0.00852988848376744,0.0982185990384405
0.0975931809032896,0.0931024116216264,0.125251110916746
0.188968580241603,0.11648865883958,0.151691788315242
0.119662705982108,0.0678926248338337,0.11132302067932
0.163246617969764,0.154834509992038,0.115567980839601
0.136808416292149,0.116893919622184,0.156689218473215
0.153615335481124,0.0963158037780718,0.0381165837816751
0.10305601952663,0.0440950875426397,0.122019487517095
0.126445036241235,0.0648457232251345,0.0782494619670089
0.14937290364329,0.0883473366514963,0.0726343519461298
0.171038184202358,0.0751715053566461,0.120671513573192
0.191102933619911,0.122832029382365,0.178014019842016
0.160111018672179,0.0942532417184803,0.0612438220332695
0.129093970104767,0.0885582814992582,0.072079336354478
0.151214130470292,0.0970001826113766,0.109048936079607
0.113878082699604,0.00748065702097692,0.0842140138871759
0.129086197267274,0.140138024704137,0.0980672624591411
0.241202510911305,0.246397563089223,0.198487466074547
0.105688296099995,0.0930144276049142,0.057804719502674
0.088128083298313,0.0700771378741214,0.0611470724486899
0.0681026045041695,0.072374041701096,0.0833573994828047
0.153955931934968,0.149318636436865,0.143402157825367
0.153395223822152,0.0908145985682993,0.0804861791048551
0.18470110737157,0.0640530313664952,0.0808735615853664
0.158898852737235,0.0877842900614556,0.12889759454468
0.117187132762701,0.0955322538861001,0.0877138964185372
0.171368862610901,0.229389035643293,0.141544837658848
0.134709377290828,0.0847403127164512,0.0562639648923822
0.247387759392181,0.165446910039356,0.161343713781973
0.127907494747577,0.0758473659089881,0.136800882048366
0.153368128260083,0.138220471767947,0.119412377203202
0.150025192722033,0.104981824519889,0.0731148375028658
0.0825493205459133,0.0657780879018738,0.0851209851565104
0.16141908574652,0.164445487419267,0.127500441549405
0.153096745344887,0.11269230042915,0.0217372167619751
0.111544279399502,0.099202963334161,0.0748614822762342
0.190329625759177,0.12114003330714,0.0688620696988218
0.175452430733675,0.12489525793075,0.123338726461431
0.161529501953141,0.159258094560438,0.134757248547758
0.0545453785750296,0.0850091902718126,0.083085091497759
0.16381358387467,0.127080124387067,0.138456872656502
0.0664538457889933,0.0721619765011672,0.0894557652397372
0.122193988104512,0.110301384778173,0.0776435228026572
0.205859454273768,0.129395846511819,0.0640098199478106
0.0804284217543988,0.0724285241485448,0.0813892594799842
0.153390864792125,0.078950948357102,0.0559759777734322
0.142926086485711,0.0694859715446086,0.138421017709424
0.148646196733917,0.0842874319585772,0.107823536117881
0.191020402389024,0.127124002068353,0.0493538098082735
0.204884730928345,0.116244961324264,0.094384924748713
0.138097905932292,0.0596645654598997,0.046762432153893
0.191656760651766,0.0251337615961416,0.0683394797229
0.151331543306091,0.0474194802529375,0.139551353710426
0.177513937352913,0.248184101951183,0.174339353019683
0.0861660988358818,0.0371010617215196,0.0508349856011767
0.180079352669286,0.0816975835811112,0.131887099016827
0.0235036310531857,0.135387591483461,0.0634195115528091
0.187584336205373,0.0714908927341428,0.0997871746137664
0.138591811735858,0.112441953688793,0.0846503705011774
0.104627858176621,0.0980291546660414,0.0460501296751638
0.13595351663534,0.0968615798358523,0.0743581458733374
0.16133846839643,0.125784743077372,0.0633519820762676
0.139185410309039,0.102999373386069,0.0706255158202339
0.11957551158843,0.0665367887924598,0.0958725244096651
0.144032811940625,0.0986654451271208,0.153971188374103
0.115863915384153,0.0923188476687539,0.0249519050521983
0.133962661099462,0.0525024383801206,0.061440481428289
0.134083122638431,0.166528862535499,0.215640831373189
0.184189411977698,0.0789924551957358,0.0801476020552421
0.141473703339141,0.0971863463754887,0.0888412227247753
0.146069636276268,0.0942455254525831,0.0578208994521046
0.182792585293368,0.141298630367007,0.102811284286123
0.12431163103213,0.0815603142546115,0.0882080836152695
0.138196643825509,0.0703418926083647,0.0556339614854047
0.104510417227452,0.064148614913312,0.0511180803522219
0.142010838392362,0.0928380613426069,0.109748061478552
0.0625731949577424,0.0665295165600674,0.0691221050244571
0.187662556706006,0.141966054784141,0.0852717787181403
0.0994858744177271,0.0909383525696641,0.0715446114578989
0.150218814309836,0.1502659045106,0.141472174002086
0.17933434640774,0.115428044260242,0.109419607375646
0.127358715239032,0.0416259240640813,0.0861313753968963
0.138937301601924,0.0784635784442156,0.187194970733146
0.160125124794769,0.0888358715211099,0.0819432597786542
0.185875974916586,0.0166044281027524,0.137595330662645
0.153765336913045,0.0924787845254006,0.0959207172606035
0.227747038604252,0.111838560466737,0.102711541760929
0.12220520691144,0.0682439020684832,0.0550943649569133
0.103642420923382,0.130560619720423,0.115597365156317
0.180430605580231,0.108564736985861,0.0786760277220857
0.0582681716980282,0.0972058960668977,0.0866705685213996
0.173475656155704,0.0447477997693469,0.0906856080154061
0.136437738580777,0.0613343886031176,0.147969028772381
0.0711989203544836,0.0802371734086456,0.0769817083507224
0.139038915312297,0.129290826420107,0.0726291734832468
0.228453046887829,0.136135642096227,0.170071603432421
0.0925960602307246,0.128487917316313,0.0746697649810737
0.0896825483172386,0.115534650837678,0.123328382141033
0.211885318570602,0.0816914972719345,0.172242356439123
0.146406870904212,0.141877108963555,0.0934281464247465
0.0670461941250586,0.0165433181600688,0.0844319406812529
0.0791491310980252,0.0846754172201319,0.0899869991678173
0.0338566110247087,0.0548177189945806,0.0933637318213586
0.104172970657248,0.0665935867257825,0.0757438563049011
0.114990914933978,0.0913109385443533,0.0638264290097039
0.240126576576618,0.179509806554607,0.198402833328978
0.160789890077827,0.147846450372435,0.157427337656173
0.0829755221024683,0.0866422562317008,0.0693381252557215
0.112624392295458,0.0768136299979271,0.118260288632504
0.165394677986651,0.0734529888898813,0.12614584566599
0.230602518354821,0.15176710178538,0.0600953047710777
0.144691595413442,0.0798251611686791,0.0974600493501001
0.0643417022350068,0.0830334538125147,0.0756782699690908
0.141156521326387,0.116681552393198,0.112090553338242
0.179731754059627,0.12335694310161,0.101299048398236
0.187185947734484,0.105167301437358,0.0770022946852718
0.149895969553598,0.0791731788894416,0.0961387024903718
0.159742759730864,0.0843393230300607,0.106255249704392
0.118165476340809,0.0737636060612114,0.0726580381799164
0.153800907027463,0.0789556512591929,0.0594846808420527
0.107204038045388,0.0845410340878956,0
0.178513694452722,0.113688069784199,0.121964174046306
0.102414139760916,0.0671489042870027,0.0547403363313878
0.127415898387504,0.117844921162197,0.0276959358844577
0.184819031721459,0.078496276987491,0.0974113689624186
0.145511288940893,0.0632848268321979,0.0922649784048998
0.0966579460391548,0.0583476305395821,0.075485897040674
0.202788575930607,0.0667650970024557,0.133648558902669
0.102356262847829,0.0818224210148023,0.112542228960844
0.11573426222053,0.0249380139069971,0.0560304269688717
0.124440303427651,0.0705201799436484,0.0435644586745202
0.168054698083633,0.0885596501573404,0.0368125944320142
0.129368109057777,0.0651978626963815,0.135008278979053
0.0884863590318059,0.079879519138685,0.0876353400983046
0.23300873577161,0.210957952760007,0.185308341934934
0.115040873999657,0.0709609052087911,0.0424421234897378
0.214287331821038,0.152594627992194,0.209349027309981
0.15235709896661,0.122438572004767,0.126582432400866
0.107231518606631,0.0694676405973298,0.0541912308390624
0.142388534004968,0.0649322219864291,0.0831780843022041
0.163598687305225,0.0811216621412605,0.123588377531518
0.114378541563534,0.0842310683448912,0.0876906846543313
0.113791695231587,0.084473571213669,0.0340934094369477
0.128567169130905,0.102703283103317,0.0452289960276491
0.0980856619134834,0.0155576377252192,0.0403177814953429
0.100579877043861,0.152987635792531,0.0222507694297989
0.165724356038034,0.108232677440533,0.0633730081343079
0.157715502712101,0.073378705818725,0.048718390497775
0.170895806576234,0.130035412380247,0.167471834065966
0.027040225456446,0.0678528929616351,0.0961702516083206
0.145815997115805,0.0825829442681024,0.0436632303116703
0.174091425684525,0.125127922614039,0.0747183181047823
0.149109294030359,0.0660436311193035,0.0787377318481851
0.141256004583565,0.110282434357552,0.176916054385739
0.119316755094965,0.0773021562600732,0.120577666198726
0.0644627065363687,0.0618505784422255,0.00528339406038933
0.108280515872603,0.116499419924462,0.12886088699087
0.0360648503759038,0.0619022154797425,0.11335699880161
0.0549350278404097,0.089579884752371,0.0871196031834347
0.17090465735847,0.12554453292621,0.102850043099637
0.181608726842498,0.156155351705228,0.151278554855107
0.209478999928548,0.260448259059778,0.216500472771802
0.103305562415282,0.0702793488552035,0.0795838302769022
0.119118983256652,0.0822339175520939,0.0326809205629864
0.127857794164735,0.0949091747466836,0.0992885144312537
0.159580216482005,0.0443147077110169,0.084099168187155
0.109135458838586,0.07221342262821,0.0884430682922358
0.173623713688228,0.10096278323426,0.0984331809369327
0.201135959520665,0.194597218250224,0.23450188099802
0.129719194522926,0.0773748163367788,0.161569774291275
0.152492484451658,0.177585978431766,0.111789654284769
0.162918399239157,0.0738695653688686,0.0620345561016064
0.112801513460089,0.0811420743316732,0.0716663803212067
0.133643673245074,0.0869330519840258,0.0958064695776687
0.111535273011424,0.0491816521124405,0.0727716178020726
0.114948367023962,0.0359897430074157,0.0410968614737521
0.0846872759912988,0.0727853844547672,0.102158442294685
0.103182223805034,0.0739913623163816,0.0162084687413619
0.137468792605224,0.0611983233061351,0.0845969557200553
0.166731978912835,0.145909872189068,0.119050242805176
0.085620250274298,0.0653694195086653,0.0735710212554529
0.207437705350151,0.185261681673759,0.165756956990484
0.106695822019287,0.0772480537824752,0.074618191823611
0.133159985244142,0.0631880988359857,0.0949664814140856
0.164752158837566,0.0965405155729951,0.123995652910972
0.132544238245279,0.0866790335725756,0.0774242490974917
0.199933865926545,0.0725979499963741,0.105006470033344
0.159735205872864,0.107493646240366,0.0233480328146603
0.0610234117486388,0.0673775364755525,0.138025797209216
0.106772101557462,0.143149145645141,0.0643163715510719
0.19215165467789,0.0840018418821205,0.0672696246912738
0.0882432625137961,0.102968150480864,0.0706206311838886
0.117705519814377,0.111423567398695,0.0816303748621727
0.137562014120647,0.105762768732935,0.0790449118518059
0.104683989524965,0.0922197356326306,0.153381115060443
0.0709028128098349,0.0678452971468296,0.107055636403281
0.151546480479941,0.0927202667454186,0.0685010020910321
0.0890693167624911,0.0836756199343264,0.0935903645376214
0.154061335128921,0.115706934554383,0.0140861591979763
0.119966514289655,0.089525891268396,0.0538524669792571
0.13322287920405,0.0653640657777541,0.0819060853140133
0.202336668045276,0.110177900084758,0.0944203602675245
0.140538260578118,0.151191406616417,0.0749118704244757
0.10977303898125,0.104898505320225,0.0447868483388865
0.116672891689035,0.0243271964698629,0.0846790474828159
0.14355572121101,0.0600326880571169,0.127143570012573
0.0645787940384483,0.0933039947340589,0.0538855846003975
0.165288244244637,0.0972108035191428,0.0776838881944822
0.175469592316471,0.124210851673216,0.0773840958604407
0.0906941496318459,0.0830853946391232,0.110026426912195
0.121029154561047,0.12238009768644,0.0845589032558487
0.118192778584915,0.122709133042293,0.10269442714029
0.156209211761248,0.0637939323713453,0.0762471062833719
0.151247762323407,0.0817609858197498,0.119941342892621
0.208323396187137,0.10034361613374,0.0600350442550772
0.0749095783567914,0.100641037776141,0.0917911608633669
0.189943182622305,0.110786466259942,0.112386238674743
0.125218552992231,0.0288344974312086,0.0771052489172574
0.113860204907666,0.099623818118175,0.136245428539085
0.165165549323456,0.0871384460246948,0.105073577818198
0.0965764998357526,0.0877573349821428,0.159992779243056
0.112465768565605,0.0601805822892161,0.104475545270192
0.161178493464836,0.140479819071622,0.0962828271606563
0.195887409329355,0.151715266151812,0.0998570427533455
0.104178114413381,0.0695934637404119,0.102712441002682
0.134703859527163,0.0647787449719602,0.0721021760861508
0.108971498097753,0.140348530556364,0.10819772763403
0.121442229515762,0.151429558927254,0.0960886339059417
0.173937779974687,0.0766552403750876,0.0888844826848064
0.206509169300971,0.105382931564806,0.120197095646832
0.124664444354037,0.104055856555773,0.0734532199144138
0.237889774722996,0.156562522068223,0.115143144882505
0.152154974319855,0.0861615066359396,0.02557214451983
0.106483023193042,0.0999592137465996,0.0548298233537588
0.18780674146648,0.0648587057423035,0.0557717174402034
0.136271143789963,0.122798611690002,0.0750496246377346
0.0572403355284157,0.0520266419082284,0.0787729134155169
0.116007709448534,0.112285366369531,0.104258287413566
0.181114018872792,0.0709115726104376,0.1256687949361
0.215505845044479,0.0933333018405237,0.0859323996901438
0.123962313962315,0.0910111187850712,0.141536313337372
0.147885794335361,0.127984417531351,0.0634719320023689
0.0898011519241139,0.0735387412850638,0.0505404699573755
0.18069393357458,0.00749739197461158,0.0747435656041579
0.0672491081733236,0.0999165550324818,0.138418977830354
0.219652827946163,0.101291180087386,0.122826185009627
0.181244709590194,0.072874920149237,0.0952055917291033
0.156744885404799,0.130242006972142,0.0775931240207345
0.0844016401131842,0.0729774646904899,0.068239352609584
0.164016062285684,0.127098223606887,0.112019827801264
0.121798842204415,0.067701499993719,0.0865844946542397
0.105531068421905,0.0620829197363611,0.0919982845481154
0.0458907946446271,0.110724354092966,0.0852104726115674
0.113341739274405,0.0658302333914693,0.104698512697081
0.129276132556876,0.0856577708089525,0.139086005370577
0.141518452517231,0.117864353493825,0.0980248116177844
0.154626333350385,0.105775341878532,0.119076562094945
0.210284508491282,0.0993446713495638,0.0247757239723001
0.054839455675792,0.0724860106406383,0.0590392002787413
0.131862369952263,0.0411939936789556,0.102947090796632
0.160678402979891,0.130619978797137,0.0590253703320976
0.081374239273188,0.0924136310632264,0.0679624463400375
0.0891768926401769,0.1385493170123,0.0877761991392285
0.190686252671441,0.111920704170834,0.0865718346047165
0.18347288298058,0.0954703471203002,0.160271695419868
0.192733261842813,0.133093640637689,0.15388291737117
0.0347329332007887,0.0958201895923061,0.135919001423316
0.105216314742161,0.0986218145897052,0.0748589426596512
0.193641416021328,0.0567570321936866,0.0803503746166724
0.184138186159534,0.0966047518298759,0.137227152302075
0.114402665157065,0.130591147160305,0.124752376947969
0.108435151811285,0.0788954762102654,0.0800324119265163
0.12029804150467,0.0691245646898659,0.0722892776178466
0.266572271058035,0.174971906948856,0.176806232139457
0.21433379387282,0.135296685952623,0.124147546778303
0.102131664002344,0.0863833357999839,0.0786289030969586
0.125024568533965,0.121210940770733,0.0607579746235317
0.110404110600122,0.106309751968985,0.13962236845221
0.183003061798059,0.0376971776801728,0.0562771309641644
0.195052234542355,0.0781357418163955,0.130193353234379
0.166126724213945,0.131905743726051,0.21837334650548
0.105241034070517,0.130796091136276,0.0273365460772933
0.169307559569517,0.157875813168377,0.0420640493206648
0.181703941726208,0.166775569891361,0.192178292698963
0.161585219693256,0.125852966454022,0.143419115659932
0.160790552820349,0.0975754181631765,0.114735676919913
0.143186176838817,0.113062717920097,0.0595040672473967
0.101530722014776,0.0726326514300795,0.0737967185232595
0.161207145688444,0.0960758095906183,0.189206666419756
0.161316068489004,0.112560109161595,0.096109029563258
0.233389678998642,0.121762352974799,0.0632851972958318
0.0941548065376437,0.0803179255468381,0.0974480166650312
0.197849186483735,0.0559427240273714,0.119582057156531
0.12193579985837,0.0846648253597931,0.0995718962607028
0.14893563785941,0.0501366426547757,0.102352062182007
0.166762010042333,0.0288193851109487,0.0855220319448909
0.0744025271702087,0.0825157829013034,0.0116985207409804
0.0969176430953063,0.0459571288823184,0.100372355036364
0.107612478051077,0.0665172906807295,0.080783575348922
0.142500571752295,0.0952344337505697,0.0915882121104155
0.153520626202603,0.103805693515344,0.184691719520266
0.115835334614509,0.0820446494911854,0.109051813115895
0.129476312661745,0.0833142582948158,0.062881659659871
0.165523871839707,0.116678237439025,0.069161060557279
0.1827625535058,0.111649396386007,0.154566997336501
0.150758373038133,0.0806201388997889,0.0239717674911478
0.121043250377202,0.0865985755373171,0.117041412994862
0.151776139931042,0.0950105949960748,0.0561674372171288
0.0426505125479897,0.098787823242659,0.112132021406401
0.203062938004733,0.114420315531171,0.140335937298671
0.224173856418369,0.252644846642544,0.216086899907585
0.115790568120218,0.0714499553304326,0.0756973902793085
0.215983570812432,0.125181846771123,0.138679129408666
0.195634067827402,0.149228585879799,0.136377240327999
0.0144311813657531,0.102547707840984,0.0547431664479038
0.102470158609003,0.100055447046371,0.0861026680332188
0.155785153710414,0.136975166207263,0.149790829001418
0.157712896861691,0.065824079410293,0.0696307207386781
0.137588696255917,0.0894364285797373,0.115849786152827
0.0963434830203629,0.107789127559386,0.111864280082575
0.201137441561562,0.0984963093971621,0.173313184038863
0.170958711846591,0.0929095800314256,0.244471395562162
0.168756817690577,0.105186682687473,0.0912476954868948
0.192459758489614,0.0796317095881263,0.125479211772402
0.184329595152043,0.092741329327949,0.138227330512061
0.167120713236749,0.0864239453281206,0.152782223433867
0.197902940153824,0.111147193867057,0.081209207320609
0.0755966575865734,0.088645010785489,0.115965629079818
0.124035712805705,0.0957411688330397,0.104736558836701
0.0350049890507478,0.0521584794270264,0.0646395713251617
0.188114413499098,0.0734461393857954,0.0911580255701168
0.207802528735927,0.128405109068017,0.0674212074045198
0.206478624191372,0.108038367147143,0.0617155858885688
0.264143746906628,0.118369971912282,0.0998845146935832
0.161818495539748,0.0799794697394469,0.166313504499183
0.187350269586081,0.102426549840412,0.0888535359613527
0.165278853764513,0.0886821645441305,0.11738547731943
0.174947074070999,0.069942372740439,0.0755664502840178
0.0978592995776812,0.0973647530139413,0.0769425068975502
0.0730919583276094,0.0256493389190038,0.0654738404667861
0.157295555779704,0.0592478179873345,0.0960644135741385
0.0700298601456796,0.0594217818957952,0.123407404647615
0.0967140781915742,0.0617299811697747,0.0763175165817538
0.126869380158652,0.0983380516001454,0.0784068002524048
0.193898772386417,0.197118320999394,0.125423119558673
0.147608357594192,0.155452594312033,0.128346589061463
0.0941896475390762,0.152421195487593,0.0910021586268511
0.0924280261899387,0.0936235355646089,0.0925664858004901
0.125663138171598,0.0540206674938999,0.0183573021334054
0.143763199476322,0.0910479693460231,0.173815822755163
0.0937796121002621,0.133903105257851,0.073684957982357
0.150400946022259,0.0907465744243954,0.0703268851584188
0.0767133209162938,0.0661034791147563,0.0879542559932952
0.0626548649906581,0.106933267013529,0.0846364655415608
0.188827042183931,0.0778317521140794,0.0630407788228296
0.0844900104597318,0.0408449034867036,0.0694130126206321
0.217191391380659,0.0861722298897132,0.0698830641613451
0.0700195742128751,0.0760675950223215,0.0742438291262437
0.173847057035332,0.134043077164496,0.160735234629938
0.136107923570238,0.0731399362947526,0.0357245752912209
0.122806924984321,0.104591680658856,0.04908357846966
0.0903972423104763,0.0850840554011079,0.102250108506589
0.090629693524732,0.0536516553307996,0.0348891532120403
0.1850663015215,0.0973621822720575,0.146796200147295
0.153272638678154,0.100311961901399,0.132350487451639
0.158739079490444,0.183700823162532,0.187072423313319
0.137218662557892,0.111065579347641,0.0683166598597784
0.099219074302225,0.0543897351034006,0.0756722107636717
0.0927514946796079,0.106107278673813,0.0840014384735636
0.0881620307138525,0.076854438136291,0.0512127761123972
0.204107482540649,0.142975716860897,0.124082315177619
0.0788463096047851,0.108367002194893,0.128200024787677
0.115999893985748,0.0857302154038064,0.065459549845173
0.103062455159113,0.1404655725316,0.100670800426541
0.184521363466042,0.0671105738359343,0.109861278521742
0.126863005218259,0.0915352692041808,0.0594891790430072
0.133026942080036,0.0847870509106952,0.0779885089906878
0.184308914806675,0.145569574297726,0.0748549374374386
0.199831743282483,0.0705106887253327,0.0825113542866957
0.247707026729884,0.134141838688741,0.118704352439544
0.163249585611039,0.0745770908839834,0.0902552171703813
0.137825039956014,0.114284606271455,0.0925087259373369
0.133904193294077,0.05114707517369,0.0867871246581889
0.245985468499547,0.146028934272488,0.20486715352232
0.2059099227344,0.12768357022529,0.160677843578337
0.149422210905167,0.0892280170718179,0.106557253077963
0.189184694105999,0.108463448781154,0.145724099090005
0.199819183107578,0.117340740899321,0.0858899154173656
0.219558677418003,0.111721913460517,0.110920891426698
0.151895816432954,0.124341122687132,0.091813839972124
0.143619420645748,0.117933125555001,0.113573522309155
0.105035809214782,0.136148733459951,0.0964428901205858
0.0511980975253569,0.0353456990032229,0.0723004946662179
0.212250362582514,0.0748711551185716,0.0615606597468458
0.135909577820574,0.0526052447757971,0.0674264893765753
0.137482167439686,0.0819065174545309,0.0961463270532198
0.151269948429756,0.0508798285310498,0.0603466012735618
0.148904262692662,0.122648037126688,0.118459128635852
0.168057543622034,0.106890661673081,0.0677781706427766
0.210521874511891,0.104418926890012,0.080161929719642
0.12887720391478,0.0813183844862903,0.088007129630407
0.168201066275364,0.15518146105001,0.166951050047864
0.0363581981407664,0.127636752391836,0.110847173059809
0.164755488176475,0.206055954736786,0.139989332771739
0.145842841679326,0.104899533745962,0.111812756169067
0.141705960050585,0.00828313322145841,0.0913490379352996
0.185405466314326,0.17565148147966,0.0856840885803636
0.182170576223586,0.146370845330566,0.104447650528629
0.0901629612946865,0.101539218842731,0.093999560188085
0.118292629011163,0.111605366776831,0.0997729370655296
0.101318586569996,0.0836125852491781,0.0791572934446384
0.0762813329846109,0.0947174328820973,0.0621359152520397
0.144926891848399,0.0654833554794775,0.110057167131066
0.179289007897978,0.187061966545886,0.180956720236577
0.126150368599104,0.0953760538966064,0.101842377382747
0.0508557839648091,0.0731120435464121,0.0653552798192405
0.171971959014756,0.0783895875187687,0.152407707195472
0.122944947150968,0.132998418972959,0.192287356322455
0.193112885858882,0.122689555792759,0.101262879200047
0.213339739724253,0.0991361826966252,0.128581443735925
0.16152553884155,0.0511731277733324,0.0723393270873305
0.0977622589055494,0.0733125525277075,0.0767975783336586
0.156687823154154,0.0798094041471435,0.0222463456055559
0.124587674986333,0.0908616708813416,0.0933557448587085
0.0904877821661887,0.0736747322113335,0.0694098593276484
0.163479741989893,0.0229776448551874,0.0154805061610938
0.112857996748282,0.120265548526425,0.0929156391045475
0.0843886208533079,0.0925780799988593,0.0650182253525376
0.169675111977987,0.0886625840766125,0.0917930798613384
0.10549672060916,0.0601400986429738,0.0782455402424464
0.136017768549891,0.137052571049114,0.0787973373640846
0.128766301855508,0.0694194152826276,0.0899138979410074
0.191393800525927,0.0553462681781491,0.0627709970890067
0.159261834115993,0.12280013062919,0.0611270144286136
0.104809617914733,0.0917498156604729,0.0962576236073903
0.0654859189480216,0.194499600488167,0.0778183139106991
0.0225446957251325,0.0791819685070955,0.0667658707724672
0.101716383340362,0.0965193619124407,0.0672152577932711
0.184221009371157,0.0818887914072165,0.061958237322655
0.146822711620519,0.113294159824325,0.0918775128293418
0.133044755658004,0.0624304246948829,0.125015994768336
0.136313297572843,0.0134237494438791,0.0546432925680116
0.119801772968511,0.112922369376014,0.121295827238295
0.105465016671216,0.0680086912908607,0.0648831273682235
0.11663919897499,0.072773180847715,0.0786163511567278
0.125814952545563,0.0871549816328024,0.118937264706871
0.154440017517606,0.103659080513363,0.122287189666667
0.167741479254894,0.0861778769656915,0.0864269536718796
0.171991512932034,0.151856527371982,0.0846442525723987
0.0988218295867127,0.0613910831611997,0.128408704549181
0.14036993194046,0.130590072024878,0.0929546685577322
0.116409115052405,0.0676483876186168,0.139259881327794
0.187739238174828,0.0871108452223473,0.172575855363396
0.167067824512705,0.0273934566797667,0.0979435599828289
0.197532368301003,0.087092035023905,0.0609014244832284
0.144245887908714,0.128596397124451,0.0943596944467623
0.116179496033998,0.0994330002977344,0.0925987243551341
0.0878749543156691,0.0911402249502979,0.0841670204303159
0.144722313531279,0.107293374509219,0.110744366946919
0.185335542927879,0.175561526497265,0.154430965616239
0.219756377260022,0.104924517258931,0.111248318259656
0.228307098471494,0.17319934824465,0.207193923050524
0.100963623325237,0.12371078520588,0.0554476784917324
0.131397765000011,0.1156189892174,0.0741766257934935
0.0609777605290588,0.0736420321016709,0.0965549278603723
0.0798050362117749,0.0737566845433761,0.06078412394448
0.133888212912909,0.116041924196883,0.0548590728673142
0.130962267244357,0.124484204155183,0.072627442612717
0.107422027662784,0.083237809275984,0.102776449233206
0.156144602710599,0.0602265751968449,0.157257834970743
0.0524864622126703,0.118209396721232,0.148028251336541
0.181946016283969,0.0699353962472262,0.155268552951233
0.208646038280358,0.057002134334251,0.0848966224910015
0.1415775853145,0.12219928554986,0.149036809511169
0.175368171325836,0.137090959161782,0.0636054594407345
0.133575200067471,0.0854640455368096,0.131288785940261
0.0725452036762566,0.0693673627477039,0.0753211144164921
0.0957322979935532,0.0691676000736645,0.132991166262454
0.150142758762024,0.0688104115032834,0.0376026416196601
0.128655076643788,0.0589051174229334,0.0920345092764868
0.0905743081272709,0.0539777023891488,0.0885289625344641
0.0899352133666118,0.0249763085929844,0.0975634793021762
0.130519622024696,0.121483636794964,0.0667785840373249
0.161830156942406,0.0868185084686635,0.0360013687880886
0.172306065361199,0.142692930560432,0.13578535576189
0.239209714694262,0.0609547861726553,0.0428463474257243
0.150449966805383,0.0991619461005781,0.0694097052178614
0.0807636385492841,0.110900542365473,0.0949045988545299
0.0396352451281099,0.158489889465907,0.109052143419522
0.101064921490827,0.112327686379224,0.0592318684273553
0.148002971353011,0.0669206149673762,0.0842059518123106
0.146669106757039,0.166700790610951,0.0585808970195712
0.144488743460018,0.086964302761313,0.110330344865042
0.131115508038765,0.0678890585471836,0.119659391421342
0.128636033407131,0.127447747672864,0.0575100059749032
0.161373431899363,0.0876166094437468,0.112385690663098
0.178960727902785,0.106602695788182,0.0752108604129282
0.0903354551203651,0.0819425569157207,0.0804882244654146
0.212510225854114,0.122000535210781,0.221347946543434
0.136877171970425,0.125415427261153,0.100721478448223
0.101480350921262,0.118380226217889,0.127821552427874
0.13060428025737,0.0958045932073231,0.104570556568578
0.190955026765347,0.143745061995133,0.107170439128353
0.200024966894875,0.109398131138303,0.108058606627566
0.118232950479808,0.0821606139137024,0.0656816687689222
0.188499954329384,0.0857116130394023,0.0976640585791477
0.139794352921431,0.0560930339815448,0.0567043485546438
0.100320699189361,0.0940975019488435,0.067059796162103
0.11387262725111,0.131096532356132,0.0397987927058294
0.164451418701763,0.0830709059749298,0.0552956898269629
0.132918616578667,0.0507585533854645,0.0761252075210656
0.154085352991854,0.108116333575373,0.151270818623507
0.0868467053883621,0.0809876771677085,0.12408210053816
0.140600240429321,0.10186064022022,0.0820031253885092
0.218264525800809,0.0878265671405172,0.0489894555468587
0.12177226281133,0.087506741748387,0.0980836158952165
0.110495118900297,0.109208926489955,0.0680996501621018
0.174437975437632,0.0892056815169499,0.0257688912697093
0.140756651974446,0.137203061241672,0.184503772098566
0.167839552365256,0.0844354415359209,0.0587008498595394
0.222934982616928,0.193833638114049,0.177326714314906
0.130546250091264,0.119541468988131,0.0659208089606433
0.124123067068244,0.0952594554367431,0.164807521598808
0.0692737378296193,0.0644031637469837,0.016077145427086
0.174761763982765,0.101018930040873,0.137856712767147
0.150980307448095,0.132577470505205,0.111318065897456
0.125630559948944,0.092951931495115,0.0623740653771884
0.0417976240910698,0.126839593376249,0.0509858142623585
0.20172818168581,0.0838307472279851,0.0738786227289452
0.140774411963094,0.0709728590513563,0.0838573836115433
0.143889541315066,0.0830322667406424,0.105886971246285
0.119296110479008,0.128140149526219,0.112245953882071
0.188741687154028,0.11928966621754,0.0676312086640594
0.0592602219528856,0.0672283278317678,0.120726002473878
0.132925906049704,0.0159558926367288,0.0613960514000125
0.116478372899318,0.0948491520532569,0.0935511712135405
0.115859155365141,0.0102297054824498,0.0785127506119677
0.0662580322901868,0.0679644785346491,0.072383075150088
0.152806615443723,0.0856122391721872,0.0581614324194319
0.0928124591178605,0.0436542019712265,0.0918547979635724
0.109199786766272,0.106813704310772,0.0531289919545531
0.0731854792844951,0.126452669713624,0.0365953208606919
0.12914349935437,0.0646992084060379,0.0351667991877219
0.0973427064338934,0.103700523610408,0.0873494759670344
0.138695602777233,0.0671492295063587,0.0766941526758328
0.132677475768577,0.0972185442487279,0.0761230816748965
0.169040991565523,0.156722316902281,0.056645292871078
0.176257680146898,0.0784395933465664,0.0632205374441034
0.130064888968776,0.0496721871303384,0.0961777352945521
0.184223863019985,0.190945340781613,0.20003625900266
0.11012125322631,0.117369081841159,0.0958773099887121
0.113763125559973,0.129480793386437,0.125033462763581
0.109786901012201,0.0800674168375516,0.0753827468216882
0.170838276828438,0.104247811937067,0.109769957584521
0.0869812030050608,0.086468107466857,0.0654182988015596
0.16216043361844,0.075053365432921,0.0857882259168473
0.16479865677147,0.0918559351197846,0.108814692678741
0.148087279466684,0.0815422593933713,0.0957223801260324
0.137167298521064,0.0834834867970665,0.09263512646228
0.135157003246533,0.0732314175912186,0.111910410258614
0.16338876207206,0.102556099075176,0.104166668948828
0.113093100546066,0.083991209816168,0.0899818305622992
0.141234246913685,0.109779351987768,0.115055723770399
0.0853631832852843,0.061756259091118,0.0595852246081895
0.150447777678944,0.0528287327655083,0.112980203189587
0.128780075534625,0.0533677837443172,0.11150436140273
0.135188891039371,0.133032735823667,0.0617458708048126
0.153066586459419,0.0545180251385246,0.130013874479559
0.165503062194468,0.117726562487724,0.0972445441849412
0.146327182944736,0.117054592310442,0.0940878469829169
0.143347911182935,0.0826429248820838,0.205407869100914
0.112909321307876,0.102582151092187,0.0782140056263407
0.139089164069868,0.176458879558501,0.168393471737118
0.115395640430167,0.112479722876446,0.106346271101387
0.0851487600374757,0.0148733090190803,0.0710274758289857
0.132927548849988,0.0874335247159045,0.0995707550796027
0.151543198167979,0.122169305893493,0.129666541855575
0.147349462970753,0.0921205846119631,0.0999854973941677
0.164634855073141,0.109450460881026,0.106531815055213
0.169755145970341,0.110466957636676,0.12844555107119
0.156631072491525,0.109020354239122,0.162194454728324
0.184434757842496,0.065795591821391,0.109645584300307
0.170537703702732,0.130678252319456,0.100970326933737
0.188581945544314,0.129310150272498,0.177954331461434
0.174752966110327,0.0852219046480974,0.0713463376616665
0.10868554465566,0.0712683179936549,0.0785417120557492
0.200406791557479,0.0643468194783053,0.0711883401395336
0.185699356471531,0.125135196066017,0.0918510280396877
0.150179046288393,0.0627541992349616,0.0519813176599714
0.136603526166308,0.0916143055685296,0.0846005285398152
0.138534565474091,0.143450949928874,0.0672222971409636
0.0704351096841428,0.0541482871169808,0.117517800905191
0.217116241447919,0.134201850661556,0.161243501458379
0.0486074964947948,0.0965285900559206,0.0855737565032308
0.165801703475505,0.131811926347672,0.110706562318264
0.101907016577682,0.0745020406411819,0.0515217130443595
0.133418571007913,0.0403399730054398,0.0689264162387396
0.0776422169545864,0.0675879561098664,0.0848080061004905
0.115668147075308,0.0717964644852817,0.100378968787519
0.194041772876328,0.162699153417597,0.196345125816384
0.21570772262009,0.106192016458856,0.11816072755809
0.112039729753258,0.0279178190434314,0.0372850580425035
0.0791951284673985,0.0129403068509321,0.0730946022277506
0.14073035906154,0.0932927874680659,0.152799383290869
0.114192883552539,0.082126937603727,0.086984875769534
0.0547627173015519,0.0894320726930223,0.123913722920463
0.179349734454725,0.143837689374243,0.0902977491204923
0.18180521792318,0.0730546422667345,0.104669933668969
0.176584456812827,0.126535384269661,0.162210069438586
0.12242903791026,0.0754942243181194,0.0865671950833943
0.105616132757287,0.0789309715468871,0.0800156387076192
0.13959057790232,0.121212103859311,0.132582987336748
0.172012297713178,0.10876130144387,0.115560718662379
0.130451154563509,0.0948855042974555,0.149162510480202
0.105521957411966,0.0867861435848333,0.0285375056408412
0.0930186195898548,0.097054485548879,0.0853265818697141
0.146377735509535,0.0740439903636221,0.109819527211059
0.116043804192201,0.0917472664093255,0.068104908648997
0.167612349137366,0.0933858347235454,0.10383450862393
0.138163925330223,0.0913619139292192,0.0790584860323607
0.126967251879819,0.0786934190974849,0.0921871182296469
0.164772147110117,0.102893092043785,0.0767800774365221
0.186005526452637,0.137103430046053,0.150878062202616
0.14164666887748,0.124175862678037,0.0795595537785132
0.116300994299386,0.0922495583701163,0.155679090890552
0.174625937385783,0.105442227347039,0.0860201444056509
0.115171222034705,0.100568527277357,0.0853798424401934
0.0897954511365976,0.0650130880943474,0.0474505140377831
0.120341905696093,0.140871940733307,0.0812540021409121
0.112999886455625,0.0831680433113197,0.0768606300624394
0.171366843959075,0.0734209637648352,0.0715254742673016
0.112135837603053,0.0594131403856462,0.0507914109843535
0.160001397249871,0.0709180760107823,0.0998692227545639
0.14431022640987,0.0712172774059178,0.0173272781568327
0.138014100324303,0.155668422398202,0.145195799024721
0.0879451916901736,0.0585358745325586,0.0893171301457105
0.0710861738055826,0.0535323704960189,0.079199154916047
0.230690155415991,0.0711166435821738,0.100355447350777
0.181327286180733,0.0848422355277962,0.0761260915068968
0.14184784792519,0.0963769967219266,0.141277381882776
0.159413540503197,0.0704968605766931,0.0792529255407005
0.196628967530919,0.081936503134005,0.0958636801675783
0.0847163649127314,0.0979774124998729,0.0875704689432922
0.139274398486838,0.0487824063448432,0.0765884983776927
0.139498804155372,0.0944001560207146,0.110304045746948
0.115049598996929,0.0746769018657903,0.0864858371678729
0.178807486362193,0.11247986791126,0.0945977945875835
0.155662498480066,0.0378789810712055,0.109349781522503
0.0746862919536377,0.0556889620904612,0.0720865080067365
0.110840461850303,0.0885940446842148,0.0655414475967379
0.221748400643241,0.105719333958063,0.113131526038616
0.134716620836215,0.0720412758203232,0.112343405532044
0.195625712287167,0.0645598483212189,0.0633869039230834
0.230055149103875,0.0803578181274391,0.1778846310686
0.0896319927328858,0.0676995479495476,0.122145024321932
0.176316489863189,0.0606969682729545,0.0642292112205177
0.105212766240326,0.0957120031510979,0.0498257085604706
0.124823140728448,0.0751252856600805,0.0516727786137626
0.0768777194931725,0.0688174723981513,0.0119638533256325
0.13076452064324,0.118373737581944,0.108432761336529
0.111369522252861,0.0999331838351407,0.0394060650018154
0.153400209028619,0.0884017991205169,0.071867697640597
0.163677069517856,0.0709637671510689,0.112378279321424
0.0940000164206569,0.154616419592768,0.106448478252887
0.0840009383787367,0.0989409685025647,0.0674449739709967
0.170011034762678,0.0996809108957459,0.05493015070182
0.156204053780703,0.0779329542295356,0.101057213172654
0.142264477709377,0.0868456081990816,0.0928880557076113
0.149365196655965,0.0910245300053631,0.0375865133485197
0.147602010142256,0.126241159868126,0.0703555572249188
0.121403538061303,0.0958037421063521,0.0507271729248899
0.133677759089169,0.0905922565781188,0.134529559252696
0.148535347402644,0.0920217859680371,0.0686222771764765
0.238507784067833,0.117602343788665,0.0997168275463768
0.108486698503037,0.12113272547401,0.109245595128171
0.11193724185138,0.0426095035848387,0.0754809080559886
0.120828138699531,0.0557516125564322,0.0715843687310817
0.158426481860803,0.14309335546064,0.0890785695951946
0.148464046022151,0.103643949852221,0.064635195058437
0.165776410324348,0.151412404798019,0.109168109385222
0.0964588380417745,0.0927243862012122,0.0675716972806292
0.135026887094251,0.0677654903151773,0.0698969877272269
0.109371259665714,0.0857745213782012,0.0938427475654586
0.159329633367878,0.115787159179458,0.114108354546337
0.159821570893759,0.0702534877688631,0.158852370492421
0.0965461221489918,0.147900529951426,0.0600595296370703
0.167657439277043,0.0927994637749644,0.101964344742959
0.135254906039961,0.0604405277739678,0.102869604319727
0.154827997574206,0.07483665225011,0.0974312363072599
0.184212353497061,0.107294951703313,0.0732034407277699
0.132117571603117,0.0840775273983361,0.0517738012496001
0.12306351097002,0.0877917969762308,0.0637659918638468
0.084461418092686,0.126287160334209,0.0900300562750904
0.186544267167401,0.0834055696624482,0.0591626485771634
0.141594370569328,0.117730136693258,0.106814408680403
0.191755011515255,0.108241383302322,0.102535044268181
0.0681902568424911,0.0219454096071483,0.0941495336868372
0.110809483485831,0.0740395240290074,0.0944824689404144
0.109783328198201,0.0749953968103531,0.0972845892501598
0.114543673182332,0.103752782104161,0.100109335385702
0.147725091666478,0.056229205099759,0.125798937995419
0.0663066766803797,0.063649370982019,0.0740427413945541
0.232330985627904,0.10162719895157,0.125973247869326
0.190743103606342,0.172826236835652,0.166057828752728
0.153726859403951,0.0865453998468362,0.0763311566250428
0.212078007408817,0.100453101993607,0.116643908712454
0.136823844190927,0.0879143663058557,0.0417581708197925
0.0803324840650046,0.148617900871311,0.109391350643799
0.161772378691211,0.11644298271774,0.076102432728459
0.234627949727931,0.222358201357897,0.102395593283753
0.188946762157821,0.128096128175271,0.0894060915626171
0.218680032263603,0.119030812665184,0.127409239602228
0.180242382283665,0.0733682950040715,0.192233649725348
0.213984773086191,0.122328376653223,0.160699213285073
0.157167015861124,0.0849321588647679,0.108423368118167
0.117491922484006,0.105390937559029,0.244553967500424
0.134460447447773,0.086368545122427,0.0867974167664608
0.173090813443225,0.168167490750967,0.0507581829079289
0.133223371888633,0.161714076818218,0.101674987647036
0.228289976783281,0.0924776071054388,0.0804290322032826
0.141889091494077,0.0951934361196245,0.0881208617207253
0.183716499976359,0.136799064345094,0.0690294679045303
0.183731194015745,0.0880457612629106,0.134876067201209
0.129417708786486,0.0771173822211699,0.0863478124924581
0.182109128978391,0.0491662813390205,0.105652190992357
0.158178619810692,0.0893121090146981,0.0592493146145264
0.0845115633935793,0.0758168969368194,0.133434907740131
0.158359421427566,0.0832676344147626,0.124349262059433
0.177704916725225,0.0660536125567051,0.0883107110319155
0.152757980783582,0.189231619765407,0.142192211163358
0.17135403406034,0.114464198511518,0.130274348692663
0.0833818737254342,0.134884581506442,0.174088033855489
0.159480738286058,0.092772552368941,0.0225800121514508
0.125462508098517,0.0788711791794826,0.0805461349676916
0.116941632425188,0.0920700048717439,0.130127074975163
0.112757244511934,0.130896093802427,0.211753474500577
0.165346738706351,0.0369434556985853,0.059151439200335
0.124483558366043,0.102189188998774,0.0674431123555553
0.142399184140534,0.0904949721391576,0.0490550943499713
0.13010020517097,0.109213416585589,0.0621898729046029
0.121115422841737,0.0874866445292081,0.0610938032867424
