"Year","Area Unit","Area Group","Wheat","Rice","Maize","Other Cereals","Soybean","Oil Palm","Other Oilseeds","Fibre Crops","Sugar Crops","Roots and Tubers","Fruits","Vegetables"
2007,"Argentina",NA,14662945,1080070,21755364,4857991,47482784,0,4385530,548932,23960000,2465000,8223089,3222761
2007,"Australia",NA,10821628,162806,239879,6547598,25907,0,672694,689200,36396997,1261119,3384707,1990903
2007,"Austria","EU-28",1399341,0,1994698,1372001,52902,0,221199,2518,2656214,668755,1176495,549556
2007,"Bangladesh",NA,737000,43181000,902150,21150,57720,0,623147,887594,5769945,5471090,3589540,3197010
2007,"Belarus",NA,1396553,0,541066,5092290,0,0,274582,38828,3626154,8743976,427661,2160066
2007,"Belgium","EU-28",1577342,0,698899,442492,0,0,50526,14170,5746892,3189817,698232,1916268
2007,"Brazil",NA,4114057,11060741,52112217,2154619,57857172,1073727,3381794,4483109,549707314,30871241,39283185,9888485
2007,"Bulgaria","EU-28",2390610,30576,980055,468972,68,0,662673,938,16281,298722,496709,552856
2007,"Canada",NA,20090400,0,11648700,16266200,2686200,0,10494235,38600,762000,4999182,788300,2184496
2007,"Chile",NA,1095872,110268,1122648,526457,0,0,85234,19895,1634437,843723,5452770,2186000
2007,"China",NA,109298000,186034000,152300000,8689100,12725000,665000,28361894,23614067,121881700,145339500,103729305,472786800
2007,"Croatia","EU-28",812347,0,1424599,299240,90637,0,131695,0,1582606,296302,344451,905770
2007,"Cyprus","EU-28",10712,0,0,52821,0,0,14616,0,0,157784,193658,132024
2007,"Czechia","EU-28",3938924,0,758781,2459661,13175,0,1132351,1868,2889871,820515,277184,198479
2007,"Denmark","EU-28",4519200,0,0,3701000,0,0,588665,0,2255300,1625580,68070,253361
2007,"Egypt",NA,7379000,6876830,6243220,1100184,25607,0,822923,631316,22472482,3266022,9397654,18994783
2007,"Estonia","EU-28",345726,0,0,533749,0,0,133499,0,0,195200,6625,71573
2007,"Finland","EU-28",796800,0,0,3338500,0,0,113500,0,673100,701600,15744,245941
2007,"France","EU-28",32763446,97316,14505519,12212497,84603,0,6141177,462968,33229782,7225260,8973737,5528764
2007,"Germany","EU-28",20828077,0,3809320,15994752,1000,0,5386010,0,25139137,11643769,2918600,3384856
2007,"Greece","EU-28",1629072,195340,2384811,402848,12,0,2340406,1040205,854141,954017,3106059,3854024
2007,"Hungary","EU-28",3986708,9916,4026734,1629541,53982,0,1560467,500,1692800,563100,1326759,1748274
2007,"India",NA,75806704,144570000,18955400,21153800,10968000,0,31305300,15763080,355519712,37899100,62713466,88531657
2007,"Indonesia",NA,0,57157436,13287527,0,592634,7.8e+07,21010447,195786,25200000,23258640,16099330,8530116
2007,"Iran",NA,15886609,2664237,2361299,3165426,178819,0,546989,312967,10722061,4026412,15213333,17851308
2007,"Ireland","EU-28",713400,0,0,1293062,0,0,31900,0,45000,399000,28442,223001
2007,"Italy","EU-28",7170181,1540087,9809266,1831084,408491,0,3605521,2700,4670302,1789629,17312830,14711183
2007,"Japan",NA,910100,10893000,155,221593,226700,0,19809,1,5797000,4263200,3437653,11838900
2007,"Latvia","EU-28",807300,0,0,727900,0,0,198900,1100,267488,642100,39867,155956
2007,"Lithuania","EU-28",1390700,0,26000,1600300,0,0,312700,400,799900,576100,57110,204622
2007,"Luxembourg","EU-28",70469,0,2120,75762,0,0,18302,0,0,19968,22483,1068
2007,"Malaysia",NA,0,2375000,32075,0,0,79014140,690340,8351,520000,74798,905109,773303
2007,"Malta","EU-28",12000,0,0,2200,0,0,6,0,0,14146,8212,83555
2007,"Mexico",NA,3515392,294697,23512752,6990348,88371,292499,1419474,415551,52090025,1981556,15857021,12124110
2007,"Morocco",NA,1582630,33150,94860,794382,1000,0,745433,1878,3417850,1445976,2753157,5224426
2007,"Netherlands","EU-28",1018000,0,230600,299000,0,0,14880,15200,5511500,6870400,707765,4369953
2007,"New Zealand",NA,344434,0,185627,396867,0,0,3938,3183,0,495200,1143286,993306
2007,"Pakistan",NA,23294600,8345100,3604700,567800,32,0,1163151,5677917,54825200,3059912,5636530,5432694
2007,"Philippines",NA,0,16240194,6736940,170,676,414162,14895086,73404,22235297,2722843,17610993,5794011
2007,"Poland","EU-28",8317265,0,1722297,17103249,525,0,2170553,565,12681555,11791072,1704068,5894986
2007,"Portugal","EU-28",102258,156203,616917,190659,0,0,248799,0,256673,650140,1598696,2558589
2007,"Rest of Africa",NA,8007306,14090541,34953952,48941154,1179508,16733570,15542075,3580996,53614064,208079838,60931332,39060027
2007,"Rest of East Asia",NA,467507,49646906,4200199,822687,801334,160000,3331442,361095,11069303,7258170,9677507,22871961
2007,"Rest of Eastern Europe and Central Asia",NA,20948892,396033,2787691,4030582,125881,0,712273,2006464,1480026,6747466,3791908,9198099
2007,"Rest of Latin America",NA,1809044,11618581,13983705,2236326,8624465,9280825,2282396,683637,141089637,21885586,42572067,14281963
2007,"Rest of North America",NA,0,0,0,0,0,0,0,0,0,0,1,44
2007,"Rest of Oceania",NA,0,18570,14975,4486,0,1570000,2979290,419,2836060,2066600,2159314,614249
2007,"Rest of South Asia",NA,1524018,6886271,1961176,349435,27174,0,2480316,17204,3395599,2516737,1906608,3131563
2007,"Rest of Western and Central Europe",NA,3534275,15355,5053157,1845306,315434,0,460769,900,4827243,2313028,3306492,3721030
2007,"Rest of Western Asia",NA,13841824,945000,1296599,3062908,2084,0,1017845,846263,1509340,3560908,10013112,16470082
2007,"Romania","EU-28",3044465,27518,3853918,888924,136094,0,911912,3072,748839,3712410,1945086,3118449
2007,"Russia",NA,49367973,704544,3798020,26336976,650180,0,6394082,100307,28836189,27195248,4357901,12368283
2007,"Slovakia","EU-28",1379643,0,623907,789935,11030,0,458076,40,846500,287667,133311,307367
2007,"Slovenia","EU-28",133339,0,308259,93721,348,0,16656,0,0,148262,262436,63825
2007,"South Africa",NA,1905000,3300,7125000,474563,205000,0,414629,34099,19723916,1968020,6012312,2161693
2007,"Spain","EU-28",6436359,723426,3610937,13768237,920,0,6920507,127187,4910480,2511847,15131810,13079662
2007,"Sweden","EU-28",2255700,0,0,2801900,0,0,229100,0,2137700,789000,35900,289500
2007,"Thailand",NA,1014,32477032,3890218,298398,203660,6389983,1852119,122203,64365482,27340121,11790455,4112962
2007,"Turkey",NA,17234000,648000,3535000,7833013,30666,0,2076740,2275044,12414715,4246273,12338308,25617376
2007,"UK","EU-28",13220620,0,0,5902896,0,0,2125544,17500,6733000,5635000,406863,2382717
2007,"Ukraine",NA,13937700,108000,7421100,7478458,722600,0,5258147,4800,16977700,19102000,1754050,7363600
2007,"USA",NA,55820360,8998730,331177280,19134490,72859180,0,4028788,10158983,59662600,21000643,25046324,39367078
2007,"Uzbekistan",NA,6190300,197800,207400,158200,0,0,31509,3736000,0,1188900,2149400,5533100
2007,"Vietnam",NA,0,35942700,4303200,1614,275500,0,1571900,140600,17396700,10002400,6174000,8214037
2008,"Argentina",NA,16486532,1245800,22016926,4982478,46238088,0,5527638,497255,26960000,2401916,8118855,3244000
2008,"Australia",NA,13569378,17614,387000,12892222,34700,0,1387173,320600,32621113,1447602,3354679,1922484
2008,"Austria","EU-28",1689688,0,2448538,1618238,54095,0,265960,1901,3091432,756945,1199340,575271
2008,"Bangladesh",NA,844000,46742000,1346470,14330,59158,0,643490,888201,4983656,6955221,3557516,3472539
2008,"Belarus",NA,2045237,0,494653,6188571,0,0,555427,60894,4030380,8748630,608681,2302991
2008,"Belgium","EU-28",1850406,0,858837,404027,0,0,42028,12170,4713904,2943205,552719,1910700
2008,"Brazil",NA,6027131,12061465,58933347,2723523,59833104,1091104,3891002,4343630,645300182,31174795,38879931,10072105
2008,"Bulgaria","EU-28",4632210,38645,1368347,976380,179,0,1536412,769,0,353060,473042,520636
2008,"Canada",NA,28619200,0,10592000,16819200,3335900,0,13773701,27500,344700,4707273,775827,1997122
2008,"Chile",NA,1237691,121400,1365408,577831,0,0,115322,19735,1208496,976054,5551462,2136403
2008,"China",NA,112464000,191895700,165914000,8273200,15541600,668000,32289178,23113829,134196200,152820500,111308623,498800055
2008,"Croatia","EU-28",858333,0,2504940,363477,107558,0,222189,0,1269536,255554,331384,1314240
2008,"Cyprus","EU-28",2472,0,0,3869,0,0,15843,0,0,117171,178637,112246
2008,"Czechia","EU-28",4631502,0,858407,2884095,9419,0,1184668,539,2884645,769561,308470,198833
2008,"Denmark","EU-28",5018700,0,0,4086800,0,0,629391,0,2187213,1693000,69509,266864
2008,"Egypt",NA,7977051,7253373,7401412,1111186,29169,0,759150,329161,21602810,3982004,9619982,19707437
2008,"Estonia","EU-28",342500,0,0,521300,0,0,111341,0,0,125638,5486,64499
2008,"Finland","EU-28",787500,0,0,3441600,0,0,88900,0,468000,684400,17393,235956
2008,"France","EU-28",39006372,111523,16037988,15262150,63106,0,6445794,544252,30321172,6853348,8688619,5596621
2008,"Germany","EU-28",25988564,0,5105861,19010433,1000,0,5215896,0,23002600,11369000,2767025,3476701
2008,"Greece","EU-28",2074608,185296,2820227,487095,5,0,2321970,897621,828025,916463,3195231,3897805
2008,"Hungary","EU-28",5630833,9985,8897138,2302694,74000,0,2141945,500,573160,683935,1422383,1812980
2008,"India",NA,78570200,148036000,19731400,20497700,9905400,0,26624800,13746200,348187904,44808000,68580031,92212907
2008,"Indonesia",NA,0,60251072,16323922,0,776491,8.5e+07,19292865,185590,25600000,24893488,17345174,9026991
2008,"Iran",NA,6999977,2070003,1560992,1579810,180600,0,338157,295684,5536337,4733002,11690471,14703570
2008,"Ireland","EU-28",992800,0,0,1471193,0,0,20300,0,80000,344900,29687,218209
2008,"Italy","EU-28",8855440,1388900,9491203,1877831,346245,0,3858783,2800,3520855,1611986,17264822,14520062
2008,"Japan",NA,881200,11028750,160,240981,261700,0,20410,1,5846000,4178200,3416159,11888671
2008,"Latvia","EU-28",989600,0,0,699800,0,0,200500,200,0,673400,33533,142600
2008,"Lithuania","EU-28",1722500,0,32000,1667400,0,0,330900,100,339100,716400,92640,231804
2008,"Luxembourg","EU-28",97760,0,2276,90686,0,0,16493,0,0,21756,21047,1085
2008,"Malaysia",NA,0,2353000,32959,0,0,87749840,719251,8290,5e+05,59937,967736,859564
2008,"Malta","EU-28",14500,0,0,2000,0,0,6,0,0,19000,10886,84993
2008,"Mexico",NA,4019400,224371,24320100,7545273,153022,307757,1480578,411734,51091408,1923486,16162507,12435513
2008,"Morocco",NA,3769450,44520,120950,1395370,1000,0,841464,1850,3838300,1547569,2713626,5300688
2008,"Netherlands","EU-28",1366162,0,252300,344548,0,0,12672,15331,5218500,6922700,604419,4620776
2008,"New Zealand",NA,343350,0,205557,450380,0,0,3940,3195,0,518200,1258308,961603
2008,"Pakistan",NA,20958800,10428000,3593000,548300,29,0,1385348,5770933,63984095,3017923,6488127,5752528
2008,"Philippines",NA,0,16815548,6928225,239,1015,465995,15360262,74743,26601384,2792245,18908443,5859398
2008,"Poland","EU-28",9274920,0,1844440,16544937,102,0,2134630,778,8715120,10462100,3880857,5393302
2008,"Portugal","EU-28",203289,150680,701606,256009,0,0,383535,0,142101,557781,1555395,2503660
2008,"Rest of Africa",NA,5744234,17081645,38157029,49613099,1090053,17049897,17138719,3805557,54628475,217599821,58047380,40863883
2008,"Rest of East Asia",NA,565881,53072507,4626830,812484,842659,160000,3773278,489550,11311670,8494661,9762851,23388074
2008,"Rest of Eastern Europe and Central Asia",NA,18177804,360829,3007993,3793794,149172,0,933821,1822965,1643592,6799429,3783747,9529761
2008,"Rest of Latin America",NA,1954225,12501386,14710114,2362937,8562424,9763071,2336504,525449,142678411,18975008,42147474,14314987
2008,"Rest of North America",NA,0,0,0,0,0,0,0,0,0,0,0,40
2008,"Rest of Oceania",NA,0,15315,15728,3545,0,1877300,2791383,413,2655061,2120375,2206084,632960
2008,"Rest of South Asia",NA,1577893,8251655,2083890,347391,24850,0,2508025,17404,3298365,2641853,1980280,3354003
2008,"Rest of Western and Central Europe",NA,3966132,16140,7706887,2160086,363058,0,673392,700,3973026,2554598,3245385,4022033
2008,"Rest of Western Asia",NA,8433925,860157,1313142,1915473,1395,0,1339935,791148,1233967,3448346,10151119,16008506
2008,"Romania","EU-28",7180984,48917,7849083,1747457,90579,0,1853363,3476,706660,3649020,2155044,3831692
2008,"Russia",NA,63765140,738300,6682300,35232150,745990,0,8232841,104885,28995280,28846360,2657850,14349110
2008,"Slovakia","EU-28",1819479,0,1260616,1056924,11379,0,623552,0,678915,245277,169297,333102
2008,"Slovenia","EU-28",160297,0,319902,102982,137,0,13647,0,0,113081,227234,76548
2008,"South Africa",NA,2130000,3000,12700000,506477,282000,0,1010138,31419,19255404,2092496,6283877,2429026
2008,"Spain","EU-28",6714300,665200,3628600,12987238,748,0,6476734,56016,3987500,2178071,16242281,12612252
2008,"Sweden","EU-28",2202200,0,0,2992800,0,0,264800,0,1974900,853200,37137,288197
2008,"Thailand",NA,1045,32022992,4249354,296260,188795,9270510,1611908,121449,73501611,25587130,10322181,3903367
2008,"Turkey",NA,17782000,753325,4274000,6470595,34461,0,2663779,1820022,15488332,4225308,12904594,27161706
2008,"UK","EU-28",17227051,0,0,7055419,0,0,2002525,17472,7641000,5999000,431430,2554786
2008,"Ukraine",NA,25885400,100700,11446800,15314434,812800,0,9474656,4000,13437700,19545400,1848920,8541300
2008,"USA",NA,68016096,9241170,305911450,19231220,80748700,0,4915123,6691370,49427050,19665088,27779379,37733107
2008,"Uzbekistan",NA,6147100,113700,230800,206400,0,0,38677,3735800,0,1398700,2193800,6202900
2008,"Vietnam",NA,0,38729800,4573100,1899,267600,0,1654300,100600,16145500,11015500,6389500,8170625
2009,"Argentina",NA,8508156,1334155,13121380,3066099,30993380,0,3432403,392281,26960000,2457132,7497450,3232846
2009,"Australia",NA,21420177,60868,375670,12283734,80105,0,1995710,795000,31456858,1220994,3474805,1999898
2009,"Austria","EU-28",1523368,0,2168838,1471947,71333,0,255416,2503,3083135,722098,1148522,595742
2009,"Bangladesh",NA,849046,48144000,729629,13178,58899,0,606202,972791,5232649,5573025,3670525,3420762
2009,"Belarus",NA,1979000,0,448663,5741841,0,0,644001,46893,3972992,7124981,699704,2315292
2009,"Belgium","EU-28",1909768,0,807866,537775,0,0,49062,13330,5186179,3296077,634840,1997438
2009,"Brazil",NA,5055525,12651144,50719822,2488300,57345382,1122399,3487827,3293038,691606147,28572005,37341869,11027208
2009,"Bulgaria","EU-28",3976852,43441,1290833,931962,400,0,1558551,702,0,231745,402169,480188
2009,"Canada",NA,26949900,0,9561200,13180800,3581600,0,14139568,28500,657700,4584500,797731,2165550
2009,"Chile",NA,1145290,127311,1345649,507236,0,0,144981,19414,1042417,935858,5764832,2040258
2009,"China",NA,115115000,195103008,163974000,7371300,14981500,670000,34275506,19533561,122765700,145814000,118714027,511605676
2009,"Croatia","EU-28",936076,0,2182521,323970,115159,0,201812,0,1217041,270251,354223,1242619
2009,"Cyprus","EU-28",14690,0,0,42130,0,0,13568,0,0,114548,163886,108114
2009,"Czechia","EU-28",4358073,0,889574,2588728,13641,0,1265979,461,3038220,752539,272681,192203
2009,"Denmark","EU-28",5940400,0,0,4223400,0,0,637618,0,1898200,1617700,74275,291167
2009,"Egypt",NA,8522995,5520482,7686091,1027361,22436,0,747215,292033,20815683,4135108,9816839,21351164
2009,"Estonia","EU-28",342520,0,0,530946,0,0,136167,0,0,139767,9156,70624
2009,"Finland","EU-28",887000,0,0,3373900,0,0,139900,0,559000,755300,18803,260989
2009,"France","EU-28",38336865,137132,15513841,16385322,109842,0,7476937,412438,35160333,7154800,9072929,5501860
2009,"Germany","EU-28",25192350,0,4527228,20030621,1000,0,6379277,0,25919041,11683100,2778974,3657022
2009,"Greece","EU-28",2139472,214964,2414495,474809,50,0,2459283,827871,1409250,944454,3256028,4092290
2009,"Hungary","EU-28",4419163,11722,7528380,1631097,75587,0,1856572,500,737014,560615,1443734,1609651
2009,"India",NA,80679400,135672992,16719500,17711500,9964500,0,26360000,14914080,285029312,45133600,68982649,91438225
2009,"Indonesia",NA,0,64398888,17629740,0,974512,9e+07,20366970,188903,26400000,25643365,17903129,9740876
2009,"Iran",NA,12093028,2137006,1335003,2387620,172299,0,368754,253604,4836792,4109013,12057376,17762917
2009,"Ireland","EU-28",690100,0,0,1376075,0,0,23700,0,60000,336100,29193,210022
2009,"Italy","EU-28",6534746,1620400,7877700,1672900,468200,0,3689168,4100,3307681,1760988,18361998,15481773
2009,"Japan",NA,674200,10592000,165,195020,229900,0,21311,1,5164000,3896700,3391109,11675825
2009,"Latvia","EU-28",1036400,0,0,626700,0,0,206700,100,0,525400,16022,182671
2009,"Lithuania","EU-28",2100200,0,23800,1682600,0,0,418500,31,682000,662500,70774,245854
2009,"Luxembourg","EU-28",90903,0,2453,95206,0,0,18132,0,0,20044,21147,1200
2009,"Malaysia",NA,0,2511043,36396,0,0,85705499,627651,8228,350000,88369,939141,953920
2009,"Malta","EU-28",13800,0,0,2100,0,0,5,0,0,10069,10137,78252
2009,"Mexico",NA,4116161,263028,20142816,6763665,120900,367084,1327727,323897,49493402,1726601,15983172,11749561
2009,"Morocco",NA,6371430,50040,204520,3817729,1000,0,954862,1830,3566410,1246469,3115178,5358381
2009,"Netherlands","EU-28",1402040,0,244911,347471,0,0,15163,21097,5734969,7180981,761034,4746666
2009,"New Zealand",NA,403463,0,237844,482973,0,0,5182,3538,0,557400,1249772,944631
2009,"Pakistan",NA,24033000,10324050,3261500,528500,31,0,1174748,6335039,50138410,3418905,6088890,5536186
2009,"Philippines",NA,0,16266417,7034033,251,842,516115,15709149,71639,22932819,2877856,19177655,5943365
2009,"Poland","EU-28",9789586,0,1706600,18330230,209,0,2533750,491,10849200,9702800,3685278,5812587
2009,"Portugal","EU-28",124146,161761,634069,198249,0,0,457699,0,11762,493744,1662366,2717453
2009,"Rest of Africa",NA,9171067,17690112,40056668,44707699,1049382,17778554,17780068,3073009,57787005,211904006,62774121,43130275
2009,"Rest of East Asia",NA,755468,53434554,5334362,828917,901690,160000,3785616,552930,11009927,8525923,9532506,23888851
2009,"Rest of Eastern Europe and Central Asia",NA,23687710,425199,2704273,4448949,144754,0,1093775,1613318,1005382,7140485,3925410,9991355
2009,"Rest of Latin America",NA,2889653,13356152,13762744,2793914,7006567,10020598,2297808,406998,148601843,20603797,43821987,14693670
2009,"Rest of North America",NA,0,0,0,0,0,0,0,0,0,0,0,43
2009,"Rest of Oceania",NA,0,15067,14263,4245,0,1911820,2786356,409,2422061,2127744,2222721,648397
2009,"Rest of South Asia",NA,1348343,8241756,2121691,342410,25792,0,2473683,18067,3287468,3041037,2082688,3579337
2009,"Rest of Western and Central Europe",NA,3756694,19870,7957507,1972756,361078,0,617517,734,4565283,2602560,3535747,4126786
2009,"Rest of Western Asia",NA,12129604,818074,1075281,2726271,1649,0,1442016,761896,898918,3251685,10428739,16314005
2009,"Romania","EU-28",5202526,72418,7973258,1624750,84268,0,1681308,3789,816814,4003980,2286304,3911752
2009,"Russia",NA,61739751,912969,3963433,28999323,943660,0,7251067,104668,24892024,31133958,3055380,14826581
2009,"Slovakia","EU-28",1537905,0,988053,806866,15379,0,582322,114,898807,216123,151166,299256
2009,"Slovenia","EU-28",136904,0,302600,97001,193,0,11857,0,0,120628,233947,81897
2009,"South Africa",NA,1958000,3067,12050000,559811,516000,0,959514,27591,18655088,1929602,6016974,2415940
2009,"Spain","EU-28",4804772,913754,3515617,8660790,2767,0,7887784,79452,4225580,2752155,14625534,13335529
2009,"Sweden","EU-28",2277900,0,0,2964000,0,0,317200,0,2405800,857900,36475,331085
2009,"Thailand",NA,1063,32397856,4616119,311731,178224,8162703,1506809,121177,66816446,30523902,10221007,3817099
2009,"Turkey",NA,20600000,750000,4250000,7969627,38442,0,2627083,1725005,17274674,4426337,14200464,26723844
2009,"UK","EU-28",14075596,0,0,7543417,0,0,1966371,16840,8457000,6396000,414221,2608880
2009,"Ukraine",NA,20886400,142900,10486300,13897810,1043500,0,8409976,2200,10067500,19666100,2000900,9028600
2009,"USA",NA,60365728,9972230,331921050,16407158,91469550,0,4079623,6417250,54626130,20507386,27475845,39441304
2009,"Uzbekistan",NA,6639800,194700,230800,313000,0,0,63717,3439351,0,1530500,2442500,6781900
2009,"Vietnam",NA,0,38950200,4371700,1623,215200,0,1669400,93868,15608300,10129800,6601127,8114504
2010,"Argentina",NA,9016373,1243259,22663095,7344020,52675464,0,3110868,757387,18889878,2522396,7274575,3301361
2010,"Australia",NA,21834010,196684,328000,11106179,59600,0,2063269,939000,31234824,1327922,3255893,2036315
2010,"Austria","EU-28",1517805,0,1955989,1392855,94544,0,257544,3325,3131666,671722,588856,590875
2010,"Bangladesh",NA,901490,50061200,887391,12769,69522,0,716884,969831,4490812,8236633,3701329,3689094
2010,"Belarus",NA,1739110,0,550586,4451988,0,0,387645,45782,3773390,7831111,810241,2341830
2010,"Belgium","EU-28",1849584,0,745891,445933,0,0,54265,64044,4464778,3455800,699818,2000571
2010,"Brazil",NA,6171250,11235986,55364271,2388645,68756343,1292713,3401037,3311604,717463793,29256620,38895080,11337816
2010,"Bulgaria","EU-28",4094597,57432,2047414,937006,1647,0,2094626,974,0,251205,395527,502987
2010,"Canada",NA,23299600,0,12043300,10779300,4444600,0,13462435,28500,508000,5440612,702168,2213560
2010,"Chile",NA,1523921,94673,1357921,611948,0,0,114330,19063,1420268,1093463,6037379,2010116
2010,"China",NA,115181000,195760992,177425000,7976200,15083300,660000,34925091,18239915,120084900,148359695,124675414,528805500
2010,"Croatia","EU-28",681017,0,2067815,265675,153580,0,141679,0,1249151,178611,393623,1115824
2010,"Cyprus","EU-28",18889,0,0,46843,0,0,15117,0,0,84020,179728,107479
2010,"Czechia","EU-28",4161553,0,692589,2027928,16135,0,1143958,33,3064986,665176,189833,164387
2010,"Denmark","EU-28",5059900,0,45700,3757600,0,0,580023,0,2409000,1357800,67033,282636
2010,"Egypt",NA,7177399,4329503,7041099,916742,43342,0,683810,388739,23549183,4138003,9599264,19487642
2010,"Estonia","EU-28",327600,0,0,350772,0,0,131179,0,0,163717,5071,73889
2010,"Finland","EU-28",724400,0,0,2267348,0,0,178500,0,542100,659100,16738,252327
2010,"France","EU-28",38207431,120170,13975285,13536317,140059,0,6618940,373147,31874920,6657725,8737562,5353058
2010,"Germany","EU-28",23782955,0,4211501,16044283,2000,0,5764459,0,23431929,10143090,2195774,3344553
2010,"Greece","EU-28",1920670,208210,2138486,455142,1369,0,2707897,710533,889400,926729,3214278,4066984
2010,"Hungary","EU-28",3745190,5893,6984872,1533404,85440,0,1518848,447,818941,439897,1069380,1144633
2010,"India",NA,80803600,143963008,21725800,21345900,12736000,0,29047600,19665500,292301600,45731800,75108330,100650895
2010,"Indonesia",NA,0,66469392,18327636,0,907031,97800000,19303168,171409,26600000,27394969,15170191,9862726
2010,"Iran",NA,12142988,2489999,1656996,3307249,157401,0,347855,167426,9514294,4275001,12752308,19083263
2010,"Ireland","EU-28",669200,0,0,1374581,0,0,28100,0,50432,419600,37499,205030
2010,"Italy","EU-28",6849858,1516400,8495940,1640706,552500,0,3526801,1367,3550100,1566711,17468972,14528237
2010,"Japan",NA,571300,10604000,166,191148,222500,0,17781,1,4559000,3555000,2897992,11282023
2010,"Latvia","EU-28",989400,0,0,446100,0,0,228236,42,0,484000,13084,151135
2010,"Lithuania","EU-28",1710400,0,47500,1038800,0,0,418400,9,706700,476900,44144,173312
2010,"Luxembourg","EU-28",83474,0,3116,79594,0,0,15895,0,0,19531,17502,1249
2010,"Malaysia",NA,0,2464830,47602,0,0,83090935,720718,8166,200700,63128,966957,1083885
2010,"Malta","EU-28",13038,0,0,2131,0,0,14,0,0,15541,9930,82001
2010,"Mexico",NA,3676707,216676,23301879,7729938,167665,438172,1389156,485157,50422345,1800427,15460461,12674231
2010,"Morocco",NA,4876140,50520,279150,2628669,1000,0,1617894,1820,3068190,1615519,3277000,5399820
2010,"Netherlands","EU-28",1369553,0,196903,236697,0,0,13598,16519,5280433,6843529,667920,4789233
2010,"New Zealand",NA,444890,0,188812,367594,0,0,5094,3534,0,539251,1290002,911317
2010,"Pakistan",NA,23310800,7234950,3706910,558598,51,0,1063139,5614302,49426236,3613449,6369012,5318476
2010,"Philippines",NA,0,15772319,6376796,254,812,565460,15550643,72221,17929269,2915523,19258019,6081307
2010,"Poland","EU-28",9408110,0,1994391,15825597,249,0,2281052,265,9972598,8448180,2789440,5113402
2010,"Portugal","EU-28",82577,170216,626222,140189,0,0,476078,0,9263,408283,1748994,2807249
2010,"Rest of Africa",NA,7859831,21185173,46091507,49454357,994107,17663865,19974437,3075907,58695468,236024662,67115545,45434330
2010,"Rest of East Asia",NA,730752,53182885,5170562,799439,878435,160000,3848810,576528,11146213,9828500,9874778,22913315
2010,"Rest of Eastern Europe and Central Asia",NA,15209828,505395,2769352,2916340,225664,0,1194401,1948966,1640622,6847851,3416308,10429046
2010,"Rest of Latin America",NA,3732767,12691452,15245978,2248808,11179871,11834591,2460401,396035,138362679,20577733,45628261,14348239
2010,"Rest of North America",NA,0,0,0,0,0,0,0,0,0,0,0,44
2010,"Rest of Oceania",NA,0,11240,16195,4140,0,2041000,2903176,406,2088147,2142186,2301371,618303
2010,"Rest of South Asia",NA,1561412,8396080,2074644,353378,29963,0,2336710,21484,3520996,3125292,2224596,3834605
2010,"Rest of Western and Central Europe",NA,3170216,25700,8699760,1879956,553141,0,593549,741,4676359,2461990,3002315,4319572
2010,"Rest of Western Asia",NA,12216074,827829,1030797,3265073,3173,0,1712239,594037,1570271,2935978,10226241,16434778
2010,"Romania","EU-28",5811810,61588,9042032,1797453,149940,0,2216357,3915,837895,3283866,2136719,3876734
2010,"Russia",NA,41507581,1060658,3084351,13966484,1222371,0,6239575,87572,22255939,21140539,2463670,13283371
2010,"Slovakia","EU-28",1185286,0,921313,447777,24045,0,477405,111,977694,125921,109661,270073
2010,"Slovenia","EU-28",153481,0,311117,108024,290,0,17893,0,0,113149,250281,58966
2010,"South Africa",NA,1430000,3064,12815000,452868,566000,0,633804,25596,16015649,2155994,5967151,2695917
2010,"Spain","EU-28",5941197,927817,3324821,9686178,1812,0,8131584,115110,3534737,2355659,16205610,12716234
2010,"Sweden","EU-28",2143000,0,0,2136500,0,0,299800,0,1973700,816300,38741,296092
2010,"Thailand",NA,1107,35702946,4860746,324515,158833,8227238,1430356,119132,68807800,22456685,9867399,3833422
2010,"Turkey",NA,19674000,860000,4310000,7920875,86540,0,3025140,2150013,17942112,4549256,13934439,25950648
2010,"UK","EU-28",14877835,0,0,6068310,0,0,2302042,16211,6527489,6056000,429143,2679389
2010,"Ukraine",NA,16851300,148000,11953000,9733687,1680200,0,8363180,1393,13749000,18705000,2067790,8936820
2010,"USA",NA,60062408,11027010,315617920,14418992,90663290,0,4774760,9473800,53881330,19433396,26227760,37652992
2010,"Uzbekistan",NA,6745000,249800,231600,247100,0,0,65420,3462125,0,1694800,2697600,7529500
2010,"Vietnam",NA,0,40005600,4606800,1431,298600,0,1672400,109960,16161700,10267049,6800394,8646814
2011,"Argentina",NA,16067929,1748075,23799830,9054182,48888536,0,4675220,1036575,19806890,2574779,9070741,3340330
2011,"Australia",NA,27410076,723283,356943,11482780,29750,0,2524788,2195082,25181814,1185085,3164776,1878527
2011,"Austria","EU-28",1781837,0,2453133,1477237,109378,0,274441,3140,3456227,816070,813058,705092
2011,"Bangladesh",NA,972085,50627000,1018287,10992,65883,0,666051,1562085,4671348,8623928,3651737,3967250
2011,"Belarus",NA,2132369,0,1213124,4650838,0,0,393271,46037,4486688,7147938,351566,1822580
2011,"Belgium","EU-28",1687749,0,859692,391661,0,0,57900,44554,5408977,4128669,564234,1981728
2011,"Brazil",NA,5690043,13476994,55660235,2759004,74815447,1301192,3546314,5472473,734006059,30058121,41332768,11654349
2011,"Bulgaria","EU-28",4458492,59619,2209204,793793,680,0,1968177,508,0,232314,419021,466539
2011,"Canada",NA,25288000,0,11358700,11690500,4466500,0,15127502,28500,703100,5172873,801678,2240711
2011,"Chile",NA,1575822,130375,1437561,806590,0,0,151304,18837,1951066,1689368,6237697,2106294
2011,"China",NA,117410000,201000896,192781000,8182000,14485300,650000,36133853,20070764,125165400,152382000,134740583,546272372
2011,"Croatia","EU-28",782499,0,1733664,319121,147271,0,170378,0,1168015,167524,401545,1138598
2011,"Cyprus","EU-28",23740,0,0,46455,0,0,10899,0,0,128442,194167,105681
2011,"Czechia","EU-28",4913048,0,1063736,2312498,17934,0,1165803,557,3898887,805331,230169,218890
2011,"Denmark","EU-28",4831000,0,55300,3922900,0,0,508516,0,2700400,1620000,87022,314342
2011,"Egypt",NA,8407126,5675027,6876473,1055599,29785,0,734129,645810,23251314,4721201,9920041,18991810
2011,"Estonia","EU-28",360400,0,0,411325,0,0,144295,0,0,165176,5834,88125
2011,"Finland","EU-28",974800,0,0,2696599,0,0,115100,0,675700,673300,21308,274406
2011,"France","EU-28",35992794,130400,15914121,11917570,122521,0,7390018,274617,37944864,7475908,9429456,5547680
2011,"Germany","EU-28",22782700,0,5183600,13954100,3000,0,3943000,0,29577500,11837200,2579493,3566124
2011,"Greece","EU-28",1857429,250685,2291806,468932,911,0,2667545,814500,581483,905863,3186745,3818261
2011,"Hungary","EU-28",4107000,9075,7992000,1570072,94955,0,1919309,319,856368,6e+05,973021,1475291
2011,"India",NA,86874000,157900000,21760000,21326000,12214000,0,29440000,21254080,342382016,51462000,73900327,107888119
2011,"Indonesia",NA,0,65756904,17643250,0,851286,1.05e+08,18472822,233989,2.4e+07,27575545,16466134,10291430
2011,"Iran",NA,8677966,1893013,1907007,2540290,116400,0,427512,270810,10346196,4708003,13574921,19238708
2011,"Ireland","EU-28",929200,0,0,1582987,0,0,55900,0,107177,356100,36684,224739
2011,"Italy","EU-28",6641807,1490150,9752592,1636590,564638,0,3596345,649,3547947,1557237,17578690,14242284
2011,"Japan",NA,746300,10500000,168,204024,218800,0,22261,1,4547000,3668500,2941213,11083366
2011,"Latvia","EU-28",939500,0,0,472500,0,0,222900,300,0,499000,10299,168287
2011,"Lithuania","EU-28",1869300,0,71900,1284700,0,0,488900,15,877800,587700,60437,276915
2011,"Luxembourg","EU-28",76839,0,2334,70418,0,0,15574,0,0,19679,20121,1249
2011,"Malaysia",NA,0,2575988,59842,0,0,92917496,738345,8232,194084,62590,959844,1161969
2011,"Malta","EU-28",12468,0,0,2129,0,0,25,0,0,18919,10665,82614
2011,"Mexico",NA,3627511,173461,17635417,6972348,205234,507011,1375243,771826,49736022,1693843,16243294,12305984
2011,"Morocco",NA,6017821,17840,221298,2432375,1000,0,1506338,1818,3799056,1739107,3632183,5599944
2011,"Netherlands","EU-28",1175275,0,204400,230004,0,0,8413,14054,5857980,7333472,818921,5059291
2011,"New Zealand",NA,383262,0,210175,405952,0,0,5077,3611,0,542520,1332347,898243
2011,"Pakistan",NA,25213800,9240600,4338380,511800,89,0,1204516,6605909,55329400,4004901,6266951,5612125
2011,"Philippines",NA,0,16684062,6971221,365,684,540914,15285400,74567,28376518,2990448,19322057,6209924
2011,"Poland","EU-28",9339200,0,2392100,15036103,331,0,1896015,316,11674153,9361848,3471814,5801702
2011,"Portugal","EU-28",51003,185016,810267,111135,0,0,555419,0,13155,406951,1689741,2077146
2011,"Rest of Africa",NA,8891645,20721115,48439813,41605250,1157158,18050707,19938035,3474316,57855330,241424390,68582739,45413975
2011,"Rest of East Asia",NA,780400,50257826,5378362,791160,771376,160000,3602871,558074,11916698,14043374,9630837,24284143
2011,"Rest of Eastern Europe and Central Asia",NA,28137067,469410,2998051,4641075,214139,0,1607733,2016807,1492316,7690519,3925479,11099870
2011,"Rest of Latin America",NA,3183147,13168853,15216726,2289151,11966662,12309412,2268428,496350,140317414,20294176,46817444,14993537
2011,"Rest of North America",NA,0,0,0,0,0,0,0,0,0,0,0,44
2011,"Rest of Oceania",NA,0,11659,16749,4425,0,2191000,2547420,400,2440330,2227550,2351167,637550
2011,"Rest of South Asia",NA,1752077,8433898,2285261,366859,32984,0,2447726,14901,3461054,3155759,2445839,4070533
2011,"Rest of Western and Central Europe",NA,3674508,26964,7919959,1874262,452335,0,667729,747,4700906,2568565,3441275,4347070
2011,"Rest of Western Asia",NA,11778745,907118,1261810,2702935,2251,0,1644628,808613,1956412,3412244,9765509,16782757
2011,"Romania","EU-28",7131590,65261,11717591,1927718,142636,0,2539853,3790,660497,4076570,2335227,4191449
2011,"Russia",NA,56239994,1055574,6962438,27522908,1640966,0,10577164,95889,47643272,32681467,2916662,16275324
2011,"Slovakia","EU-28",1631112,0,1444358,638571,36921,0,539515,95,1160701,217252,136338,205897
2011,"Slovenia","EU-28",153575,0,349030,109085,292,0,16628,0,0,105850,247614,72382
2011,"South Africa",NA,2005000,3067,10360000,560298,710000,0,1002224,51031,16800277,2252967,6151372,2671640
2011,"Spain","EU-28",6876657,927554,4199927,10093005,1740,0,8987783,182782,4188635,2481823,15697169,12692854
2011,"Sweden","EU-28",2253100,0,0,2403700,0,0,270500,0,2493200,882000,38123,318814
2011,"Thailand",NA,1115,38102720,4972952,316742,97282,10760020,1183335,109438,95950416,22388530,10548254,3596986
2011,"Turkey",NA,21800000,9e+05,4200000,8295055,102260,0,3347968,2580021,16126489,4648964,14372358,27491186
2011,"UK","EU-28",15257083,0,0,6227869,0,0,2829385,15290,8504000,6310000,426581,2818109
2011,"Ukraine",NA,22323600,169900,22837900,10931863,2264400,0,10209546,1544,18740000,24248000,2306610,10630580
2011,"USA",NA,54418808,8388780,312788890,9948778,84291400,0,3568865,9743176,52725638,20731078,27292252,36625950
2011,"Uzbekistan",NA,6526955,119758,256289,160266,0,0,51120,3518984,0,1862600,2969083,8289422
2011,"Vietnam",NA,0,42398344,4835717,1537,266538,0,1707877,110618,17539572,11571712,6883387,7568408
2012,"Argentina",NA,14683475,1567971,21196637,10001574,40100196,0,4460590,712850,19766388,2669641,7839296,3407839
2012,"Australia",NA,29905009,918733,450535,12088149,86100,0,3608207,2956632,25957093,1350721,3246285,2060605
2012,"Austria","EU-28",1275498,0,2351370,1256510,104143,0,218935,3314,3114426,665416,647725,617064
2012,"Bangladesh",NA,995356,50497000,1297717,10941,64143,0,722856,1506209,4603003,8458361,3640058,4193899
2012,"Belarus",NA,2553570,0,954483,5335795,0,0,726484,51615,4771691,6910669,618817,1587970
2012,"Belgium","EU-28",1834624,0,701700,421584,0,0,56513,64402,5438400,2929800,507510,2003775
2012,"Brazil",NA,4418388,11549881,71072810,2867165,65848857,1240992,3515744,5168848,721077287,27501780,38786726,11054949
2012,"Bulgaria","EU-28",4455104,54896,1717785,760238,196,0,1664588,334,0,151319,395074,375950
2012,"Canada",NA,27246000,0,13060100,11533800,5086400,0,14564350,29382,598700,5641541,713284,2356971
2012,"Chile",NA,1213101,149788,1493292,608610,0,0,195441,18415,1824001,1107462,6038461,2173966
2012,"China",NA,121023200,204235900,205614100,8473600,13010900,660000,37748827,20785848,134854300,150518000,144815188,554878065
2012,"Croatia","EU-28",999681,0,1297590,397293,96718,0,170388,0,919230,151278,303475,884540
2012,"Cyprus","EU-28",22923,0,0,67824,0,0,12875,0,0,84537,169104,101637
2012,"Czechia","EU-28",3518896,0,928147,2152981,13149,0,1197562,393,3868829,661795,227360,180917
2012,"Denmark","EU-28",4525100,0,75100,4885200,0,0,484810,0,2772000,1664200,51328,271482
2012,"Egypt",NA,8795483,5911086,8093646,955530,26000,0,827057,422800,24676058,5201046,10615113,19825397
2012,"Estonia","EU-28",484700,0,0,506500,0,0,157857,0,0,138872,5144,66064
2012,"Finland","EU-28",887100,0,0,2774820,0,0,73200,0,398700,489600,21590,243200
2012,"France","EU-28",37885742,124091,15393497,14938402,103935,0,7222224,471509,33077399,6411754,7668468,5301147
2012,"Germany","EU-28",22409300,0,5514700,17472500,4000,0,4903600,0,27686800,10665600,2578771,3816618
2012,"Greece","EU-28",1835901,230662,2226176,478800,744,0,2921938,795536,647827,879192,3235574,3701493
2012,"Hungary","EU-28",4010990,11270,4762710,1587770,67730,0,1745925,309,881720,547710,1232740,1366281
2012,"India",NA,94880000,157800000,22260000,18350000,14666000,0,25447000,20204000,361036992,51302300,75478263,115450800
2012,"Indonesia",NA,0,69056128,19387022,0,843153,1.13e+08,20258003,234566,28700000,28155071,18279173,10609247
2012,"Iran",NA,8816001,2360000,1798000,2803121,167600,0,440120,210000,9431261,5069000,14024909,18853444
2012,"Ireland","EU-28",707900,0,0,1419600,0,0,58700,0,98269,232000,26990,206857
2012,"Italy","EU-28",7654248,1601478,7860123,1478276,422130,0,3325038,1538,2492466,1491251,15088298,13800921
2012,"Japan",NA,857800,10654000,170,217511,235900,0,19181,1,4866000,3777000,2995318,10416336
2012,"Latvia","EU-28",1539800,0,0,584700,0,0,304158,1300,0,538900,12606,161456
2012,"Lithuania","EU-28",2998900,0,78800,1578900,0,0,636700,5,1003000,549900,85572,262030
2012,"Luxembourg","EU-28",79198,0,1618,72617,0,0,15338,0,0,20600,13406,1473
2012,"Malaysia",NA,0,2599382,83601,0,0,94917736,804767,8075,146164,135771,941444,1281247
2012,"Malta","EU-28",12173,0,0,2099,0,0,33,0,0,12691,10174,77353
2012,"Mexico",NA,3274337,178787,22069254,8091834,247500,462662,1558146,708899,50947204,2087627,15959223,13491963
2012,"Morocco",NA,3878000,69554,90221,1273444,1000,0,1373009,1825,2167655,1682957,3755476,5735174
2012,"Netherlands","EU-28",1302002,0,191363,237616,0,0,9551,23479,5728000,6765618,548225,4743469
2012,"New Zealand",NA,488614,0,211231,468651,0,0,5061,3688,0,576129,1230038,984836
2012,"Pakistan",NA,23473400,8303850,4220100,499000,64,0,1064459,6366615,58459200,3913640,6063122,5351872
2012,"Philippines",NA,0,18032525,7407068,884,567,531294,15903986,74534,26395915,3002553,19568649,6414953
2012,"Poland","EU-28",8607600,0,3995900,15940370,1460,0,1894692,244,12349546,9091900,3901632,5666027
2012,"Portugal","EU-28",58990,187028,848666,83460,0,0,455546,0,24194,464144,1604050,2213463
2012,"Rest of Africa",NA,10064300,23049905,51560121,44483489,1449418,18596601,22626180,4162181,59390329,264945309,69649954,49474546
2012,"Rest of East Asia",NA,760767,49084056,5869227,763332,762844,160000,3501334,503624,11620063,13545903,9906997,22739085
2012,"Rest of Eastern Europe and Central Asia",NA,15010336,589027,3227628,3479640,220174,0,1290316,1539330,1303540,7737621,4112913,11750806
2012,"Rest of Latin America",NA,3967616,13611720,16093258,2204205,9348649,13400333,2292713,477380,147888002,20175936,49790206,14566442
2012,"Rest of North America",NA,0,0,0,0,0,0,0,0,0,0,0,45
2012,"Rest of Oceania",NA,20,8392,15285,4485,0,2287000,2882769,420,1834043,2185192,2474251,628484
2012,"Rest of South Asia",NA,1851180,8996203,2454718,378457,30234,0,2586991,14857,3617517,3228141,2872173,4223088
2012,"Rest of Western and Central Europe",NA,3931064,24361,4727737,1806076,291513,0,613677,754,4205097,2059440,2815816,4057377
2012,"Rest of Western Asia",NA,13246454,861339,1386394,3020939,846,0,1631328,722445,1163141,3332582,10112410,15556222
2012,"Romania","EU-28",5297748,50862,5953352,1522176,104330,0,1564591,3684,719788,2465150,1854706,3551400
2012,"Russia",NA,37719640,1051891,8212924,21769024,1683123,0,8883826,98625,45056852,29532530,2919785,16084417
2012,"Slovakia","EU-28",1275302,0,1170354,590154,41832,0,412456,89,894455,165666,103062,92921
2012,"Slovenia","EU-28",188065,0,277358,114990,343,0,18300,0,0,89959,162637,66501
2012,"South Africa",NA,1915000,3000,12120656,517512,650000,0,680000,37146,17278000,2284113,6370328,2813330
2012,"Spain","EU-28",5189828,899602,4262116,7195732,1333,0,4559190,190721,3460515,2219718,14660773,12989571
2012,"Sweden","EU-28",2289300,0,0,2766600,0,0,330200,0,2178100,805400,43086,358370
2012,"Thailand",NA,1000,38100189,4947530,327508,64251,11312301,1161599,104507,98400465,30327651,10828665,3393237
2012,"Turkey",NA,20100000,880000,4600000,7790865,115000,0,3462362,2320010,14919940,4822808,14860056,27754370
2012,"UK","EU-28",13261000,0,0,6254045,0,0,2598373,13825,7291119,4553000,369378,2471800
2012,"Ukraine",NA,15762600,159800,20961300,8866471,2410200,0,9678076,2564,18438900,23250200,2370250,10896760
2012,"USA",NA,61677384,9069080,273192400,12271260,82790870,0,5776922,10280230,61190520,22293473,27433626,37806757
2012,"Uzbekistan",NA,6612200,325718,328090,165589,0,0,68654,3480058,0,2057200,3259025,9186496
2012,"Vietnam",NA,0,43737598,4973482,1578,173672,0,1777611,101682,19015231,11566682,7065593,13773704
2013,"Argentina",NA,8134409,1563450,32119211,8886843,49306200,0,4490206,524378,23700000,2730766,7936629,3441710
2013,"Australia",NA,22855576,1161115,506725,11065819,91800,0,4311984,2456000,27136082,1341112,3386197,2108284
2013,"Austria","EU-28",1597706,0,1639019,1362708,82780,0,261829,2124,3465791,604051,668760,596187
2013,"Bangladesh",NA,1255000,51534000,1548000,20477,58037,0,745420,1448525,4434000,8866000,3765113,4223685
2013,"Belarus",NA,2101183,0,1119785,4012184,0,0,691617,44925,4343222,5911160,465139,1635341
2013,"Belgium","EU-28",1803550,0,826984,466963,0,0,68300,67300,4809300,3428000,582635,2074064
2013,"Brazil",NA,5738473,11782549,80273172,3107532,81724477,1246835,3481196,3679087,768090444,25788340,38123203,11458208
2013,"Bulgaria","EU-28",5504941,56121,2738671,854197,604,0,2318711,337,0,186529,541569,451499
2013,"Canada",NA,37589100,0,14190700,14748801,5355900,0,19489539,29500,598700,5733494,852790,2289300
2013,"Chile",NA,1474663,130307,1518545,880508,0,0,260030,18690,1885621,1172922,6441536,2140646
2013,"China",NA,121926400,203612192,218489000,8664200,11951000,670000,38467059,19168583,137461300,149207500,150700659,565656002
2013,"Croatia","EU-28",998940,0,1874372,322154,111316,0,217960,0,1050715,162501,402031,1221871
2013,"Cyprus","EU-28",15181,0,0,36742,0,0,13000,0,0,100458,158434,95865
2013,"Czechia","EU-28",4700696,0,675380,2140868,13471,0,1520188,860,3743772,536450,256381,188372
2013,"Denmark","EU-28",4145200,0,75700,4898787,0,0,687855,0,2300000,1646300,69051,279102
2013,"Egypt",NA,9460200,5724106,7956593,982517,32757,0,800429,446000,25824271,4762204,10744396,17622676
2013,"Estonia","EU-28",406800,0,0,568700,0,0,174131,0,0,127748,7643,78860
2013,"Finland","EU-28",869400,0,0,3196379,0,0,80200,0,480400,621700,21158,268397
2013,"France","EU-28",38651472,80801,15041226,13764182,110072,0,6102687,461863,33630536,6992710,8125106,5129569
2013,"Germany","EU-28",25019100,0,4387300,18350700,10000,0,5850100,0,22828700,9669700,2344435,3412142
2013,"Greece","EU-28",1831869,235939,2275239,532291,1472,0,1943408,874652,453916,899050,3131694,3688815
2013,"Hungary","EU-28",5058300,8640,6756430,1786540,78760,0,2032538,301,990710,487360,1358710,1441430
2013,"India",NA,93510000,159200000,24259510,17940000,11861000,0,32522000,20965000,341200000,53712600,82605158,122249200
2013,"Indonesia",NA,0,71279712,18511853,0,779992,1.2e+08,19003080,227458,28400000,27867931,17394049,10676558
2013,"Iran",NA,9304246,2449995,1851999,2821431,151363,0,491670,189595,10004371,4597631,15028458,20070968
2013,"Ireland","EU-28",545300,0,0,1857700,0,0,49200,0,89360,410100,32001,220988
2013,"Italy","EU-28",7312025,1433111,7899617,1569911,624360,0,3363197,1962,2159381,1278565,16434616,13002868
2013,"Japan",NA,811700,10758000,180,216745,199900,0,17981,1,4626000,3735700,2950989,10307205
2013,"Latvia","EU-28",1435000,0,0,513700,0,0,299300,500,0,495900,18615,140469
2013,"Lithuania","EU-28",2871300,0,127200,1476300,0,0,554300,7,967100,426500,74288,220385
2013,"Luxembourg","EU-28",91057,0,2160,80070,0,0,15259,0,0,17540,15769,2216
2013,"Malaysia",NA,0,2603654,86499,0,0,94917736,808576,7081,98885,116525,870716,1409492
2013,"Malta","EU-28",11865,0,0,2109,0,0,46,0,0,12644,9344,81662
2013,"Mexico",NA,3357307,179776,22663953,7009265,239248,567554,1438960,597255,61182916,1891032,17590300,13258753
2013,"Morocco",NA,6933983,37716,118136,2784709,1000,0,1241370,1860,2761782,1955186,3567515,5730343
2013,"Netherlands","EU-28",1335105,0,185284,235147,0,0,12559,21510,5727418,6576860,710756,4808585
2013,"New Zealand",NA,447799,0,201659,453763,0,0,5045,3765,0,520794,1331554,957978
2013,"Pakistan",NA,24211360,10467150,4944210,486991,65,0,1088792,6243769,67590094,4326896,5972536,5309514
2013,"Philippines",NA,0,18439420,7377293,727,807,473416,15394472,70907,24584841,3148071,19063431,6461896
2013,"Poland","EU-28",9485183,0,4039700,14930271,0,0,2709592,239,11234194,7290427,4196594,5240397
2013,"Portugal","EU-28",92014,180155,929538,160700,0,0,686309,0,15241,510201,1772635,2054993
2013,"Rest of Africa",NA,9796714,22985255,51207997,45728027,1371176,18522064,25215189,4065738,61326813,273472190,74403553,51648246
2013,"Rest of East Asia",NA,649467,49387422,6057844,790370,837450,160000,3690756,539030,12353188,13998768,9843457,23647360
2013,"Rest of Eastern Europe and Central Asia",NA,20550054,586397,3376982,5059864,270908,0,1973658,1503256,1749485,8265637,4489893,12365920
2013,"Rest of Latin America",NA,2867844,13753374,17608931,2510709,14907746,13728701,2311087,436097,155635551,22599257,50492674,15100359
2013,"Rest of North America",NA,0,0,0,0,0,0,0,0,0,0,0,45
2013,"Rest of Oceania",NA,41,10630,18091,4727,0,2340000,2883312,420,1873769,2308405,2577451,656170
2013,"Rest of South Asia",NA,1732656,9204233,2273060,367479,42735,0,2886031,15960,3890562,3359336,2660747,4326000
2013,"Rest of Western and Central Europe",NA,4203338,27921,7326134,1900300,397268,0,748937,820,4604004,2270988,3547604,4134305
2013,"Rest of Western Asia",NA,13811715,963943,1593108,3366524,571,0,1402180,754823,462626,3340575,10339587,15457368
2013,"Romania","EU-28",7296373,54646,11305095,2240962,149931,0,2818183,3575,1029209,3289722,2270587,3978608
2013,"Russia",NA,52090797,934943,11634943,25704288,1517152,0,11607379,91602,39321161,30199126,3367809,16118048
2013,"Slovakia","EU-28",1684274,0,1123313,604374,39623,0,572761,82,1144605,164458,109132,83882
2013,"Slovenia","EU-28",138235,0,226634,96593,463,0,17098,0,0,72814,210538,67987
2013,"South Africa",NA,1870000,3000,11810600,470968,784500,0,731083,18746,20032969,2238964,6980368,2775858
2013,"Spain","EU-28",7744900,872500,4885000,11864391,1400,0,10431465,145386,2469090,2227603,17879279,12807617
2013,"Sweden","EU-28",1868600,0,0,3116600,0,0,337100,0,2326200,806100,44441,345260
2013,"Thailand",NA,1500,36762277,4876180,331891,53358,12434520,1094823,100438,100095580,30681702,10557584,2751906
2013,"Turkey",NA,22050000,9e+05,5900000,8625610,180000,0,3508967,2250005,16488590,3956130,15321419,28380973
2013,"UK","EU-28",11921304,0,0,8162163,0,0,2190273,14000,8430000,5685000,573486,2593779
2013,"Ukraine",NA,22279300,145050,30949550,9313682,2774300,0,13478494,1821,10789360,22258600,2758470,11269620
2013,"USA",NA,58104610,8616120,351271870,16315850,91389350,0,4161393,7625804,57651590,20841260,27810056,36262723
2013,"Uzbekistan",NA,6841977,340219,360112,162672,0,0,80719,3382204,0,2250400,3583090,10077376
2013,"Vietnam",NA,0,44039100,5190895,1394,168296,0,1835054,95145,20128588,11429239,7123381,14664429
2014,"Argentina",NA,9188339,1581810,33087165,7016901,53397715,0,3533640,1023921,21234460,2794672,7688378,3483108
2014,"Australia",NA,25303037,819276,390364,11906949,80000,0,3964314,2136700,30517650,1246546,3017242,1897644
2014,"Austria","EU-28",1804018,0,2334385,1581907,118132,0,272199,3939,4244219,750637,681224,690323
2014,"Bangladesh",NA,1303000,51806593,2124000,7530,112024,0,741354,1409163,4508000,9209472,3879215,4686000
2014,"Belarus",NA,2925079,0,599455,5509241,0,0,741935,48195,4803220,6279715,635152,1740274
2014,"Belgium","EU-28",1994600,0,662700,505552,0,0,65500,72800,4790700,4380556,747834,2089694
2014,"Brazil",NA,6261895,12175602,79881614,3083073,86760520,1393873,3618545,4484876,736108487,27716164,37769431,11713808
2014,"Bulgaria","EU-28",5347078,54155,3137478,991710,736,0,2545849,400,0,132651,312337,398749
2014,"Canada",NA,29442100,0,11606400,10635001,6044800,0,17537124,29658,580600,5643277,997128,2263186
2014,"Chile",NA,1358128,134884,1186127,799613,0,0,242278,18641,1732032,1075687,6252093,2199918
2014,"China",NA,126208400,206507400,215646300,9055200,12154000,678297,38719304,18799483,133611700,146481648,155980087,576840872
2014,"Croatia","EU-28",648917,0,2046966,305594,131424,0,183563,0,1392000,160847,326347,1165534
2014,"Cyprus","EU-28",4445,0,0,2917,0,0,17518,0,0,117085,163665,105080
2014,"Czechia","EU-28",5442349,0,832235,2509024,16493,0,1627565,656,4424619,697539,244647,233589
2014,"Denmark","EU-28",5153300,0,72900,4570178,0,0,709091,0,2672200,1733400,60008,296305
2014,"Egypt",NA,8800000,5467392,8059906,996364,39872,0,814448,535356,27100652,5078005,11723766,19407972
2014,"Estonia","EU-28",615500,0,0,606100,0,0,166544,0,0,117300,5098,66369
2014,"Finland","EU-28",1088200,0,0,3042426,0,0,62100,0,626300,600300,21009,279470
2014,"France","EU-28",38950202,83492,18343320,15202301,227262,0,7259044,520953,40394390,8120968,9089255,5257607
2014,"Germany","EU-28",27784700,0,5142100,19083600,18000,0,6310626,0,29748100,11607300,2823890,3762542
2014,"Greece","EU-28",1570416,229381,1864065,600094,7846,0,2800457,820275,455973,616277,3264578,2836838
2014,"Hungary","EU-28",5261890,7910,9315100,2028480,115600,0,2324289,298,1066750,567430,1501190,1547033
2014,"India",NA,95850000,157200000,24170000,18790000,10374000,0,29820603,20559704,352142000,55622310,88475974,127713701
2014,"Indonesia",NA,0,70846465,19008426,0,954997,138701566,18940196,218882,25753920,27605158,17667215,11069374
2014,"Iran",NA,10578699,2347291,1658875,2966181,142524,0,264581,183997,11319629,4988655,13119483,20612484
2014,"Ireland","EU-28",717000,0,0,1882817,0,0,34200,0,85510,383000,35752,226892
2014,"Italy","EU-28",7141926,1386100,9239545,1629272,933140,0,2352625,2062,3784435,1372163,15606219,13329853
2014,"Japan",NA,852400,10549000,188,201379,231800,0,17892,1,4726000,3729300,3051911,10458204
2014,"Latvia","EU-28",1467500,0,0,759700,0,0,186254,150,0,505688,13239,191366
2014,"Lithuania","EU-28",3230600,0,115000,1777600,0,0,506000,4,1014400,468500,72105,234949
2014,"Luxembourg","EU-28",77943,0,1672,88948,0,0,15705,0,0,18979,19696,2566
2014,"Malaysia",NA,0,1834831,59188,0,0,95380438,783704,7573,9147,106928,1003652,1525541
2014,"Malta","EU-28",11543,0,0,2164,0,0,60,0,0,12559,9826,84973
2014,"Mexico",NA,3669814,232159,23273257,9351374,387366,678935,1501929,873960,56673680,1934759,17828725,13940489
2014,"Morocco",NA,5115884,33051,97379,1691032,1000,0,1641970,1888,3487168,1967534,4303560,5510637
2014,"Netherlands","EU-28",1304054,0,173066,223386,0,0,11967,23375,6821774,7100258,780020,4943865
2014,"New Zealand",NA,413497,0,237165,447281,0,0,5002,3803,0,463205,1417706,956256
2014,"Pakistan",NA,25979399,10504200,4936747,475465,63,0,1023784,6817690,62938458,3423015,6223146,5575776
2014,"Philippines",NA,0,18967826,7770603,693,695,437439,14736538,73964,25029880,3318087,16211655,6541050
2014,"Poland","EU-28",11628670,0,4468403,15848360,0,0,3325797,107,13488875,7689180,4262146,5876549
2014,"Portugal","EU-28",98794,167322,896995,170147,0,0,495775,0,18675,575282,1827567,2359539
2014,"Rest of Africa",NA,9745964,25247183,56720052,50772554,1487408,18634568,26095471,4405909,60657255,289541236,76527439,57232590
2014,"Rest of East Asia",NA,746915,49835823,6355221,840098,826953,160000,3731343,558034,14074210,14105551,10581379,25068123
2014,"Rest of Eastern Europe and Central Asia",NA,18532712,617883,3535914,4585979,329739,0,2054106,1548777,2021011,7889755,4522100,13060840
2014,"Rest of Latin America",NA,2767701,13462637,16657198,2507940,16132664,14966438,2415077,430846,169310687,22712866,52269737,15486612
2014,"Rest of North America",NA,0,0,0,0,0,0,0,0,0,0,0,46
2014,"Rest of Oceania",NA,0,10586,19003,4916,0,2412706,2813336,423,2079895,2322086,2678148,663601
2014,"Rest of South Asia",NA,1888319,8504668,2598876,363588,35423,0,3254341,15356,3958716,3488931,2739909,4498855
2014,"Rest of Western and Central Europe",NA,4068291,30500,9443596,1984159,559299,0,790757,820,5477956,2227896,2811661,4127664
2014,"Rest of Western Asia",NA,13712883,940028,989368,3851966,335,0,1027726,286938,195118,3411703,9627679,14558485
2014,"Romania","EU-28",7584814,45159,11988553,2452210,202892,0,3258856,3203,1398570,3519329,2064772,3818832
2014,"Russia",NA,59711382,1048566,11332138,31046416,2363562,0,10491616,88598,33513369,31501354,3508962,16893517
2014,"Slovakia","EU-28",2072405,0,1814113,821138,83905,0,654763,101,1550218,178817,94508,110593
2014,"Slovenia","EU-28",173245,0,350583,129283,1046,0,21224,0,0,107140,211090,74011
2014,"South Africa",NA,1750000,3030,14250000,614849,948000,0,1048638,28202,17755537,2310064,6986475,2604848
2014,"Spain","EU-28",6471400,861103,4776190,8472453,2650,0,5633829,226240,3723567,2578843,17738872,14183018
2014,"Sweden","EU-28",3086400,0,0,2689000,0,0,333700,0,2056200,822100,44121,372158
2014,"Thailand",NA,1303,32620160,4804670,336193,58295,12472505,1088807,91849,103697005,30485151,11208017,2742425
2014,"Turkey",NA,1.9e+07,830000,5950000,6928005,150000,0,3735440,2350005,16743045,4166805,14302215,28276987
2014,"UK","EU-28",16606009,0,0,7862832,0,0,2498829,14987,9310000,5911000,638480,2802695
2014,"Ukraine",NA,24113970,50880,28496810,10726900,3881930,0,12472029,1610,15734050,23693350,2334190,10463443
2014,"USA",NA,55147120,10079500,361091140,16531330,106877870,0,4856705,9791640,55981460,21399880,26303499,37956851
2014,"Uzbekistan",NA,6955976,356097,411630,167287,0,0,83960,3420200,0,2452400,3931600,10983412
2014,"Vietnam",NA,0,44974206,5202511,1661,156549,0,1869481,95389,19822851,11932937,7315884,15499181
2015,"Argentina",NA,13930078,1558100,33817744,6673931,61446556,0,4505439,799216,17872791,2871174,8109637,3466007
2015,"Australia",NA,23742560,690390,494589,12267413,37000,0,3646999,1274100,32379153,1215195,3229400,2031137
2015,"Austria","EU-28",1725737,0,1637905,1490254,136195,0,175539,3479,2853282,536473,695344,561443
2015,"Bangladesh",NA,1348000,51805464,2271998,12917,91496,0,843047,1458880,4434070,9508918,4095785,5332058
2015,"Belarus",NA,2896411,0,222991,5067578,0,0,389542,40535,3299898,5995298,555671,1694241
2015,"Belgium","EU-28",2019347,0,597169,547217,0,0,58744,80460,4532561,3689994,723833,1529210
2015,"Brazil",NA,5508451,12301201,85283074,2935100,97464936,1585088,3503271,4297115,750290277,27772437,37334839,11422500
2015,"Bulgaria","EU-28",5011597,67684,2696923,794095,40281,0,2131985,1649,0,164866,483958,451807
2015,"Canada",NA,27647400,0,13679500,12236100,6456300,0,19516104,29013,503500,5874839,928706,2334198
2015,"Chile",NA,1482310,163560,1538755,604297,0,0,309429,18385,2069874,976224,6325154,2121911
2015,"China",NA,132639000,212142000,264992000,11666200,11785000,672665,37455229,17033147,112152000,143478843,156995277,604866771
2015,"Croatia","EU-28",758638,0,1709152,335001,196431,0,185122,0,756509,171179,331672,1363885
2015,"Cyprus","EU-28",35356,0,0,52771,0,0,13715,0,0,97846,173198,100847
2015,"Czechia","EU-28",5274272,0,442709,2470793,20238,0,1334763,646,3421035,504955,307593,195842
2015,"Denmark","EU-28",5029300,0,52700,4965500,0,0,826165,0,1696500,1772466,64402,286205
2015,"Egypt",NA,9607736,4817964,7803183,912666,46843,0,973417,330110,27886282,5471322,12879488,18926083
2015,"Estonia","EU-28",812600,0,0,722700,0,0,196400,0,0,117200,6498,85955
2015,"Finland","EU-28",992100,0,0,2693394,0,0,85300,0,406500,532100,23149,263493
2015,"France","EU-28",42750027,80858,13716048,16328920,336830,0,6696749,526664,36125392,7155613,9193563,5226757
2015,"Germany","EU-28",26549500,0,3973000,18344300,27000,0,5069946,0,22572000,10370200,2614809,3454322
2015,"Greece","EU-28",1458705,263646,1716520,858361,10905,0,3130563,817574,353080,583205,3439812,3355175
2015,"Hungary","EU-28",5331426,9412,6632783,2171551,145853,0,2172387,284,910915,452008,1265064,1601097
2015,"India",NA,86530000,156540000,22570000,18693000,8570000,0,27441641,17829887,362333000,53610000,87463613,121402581
2015,"Indonesia",NA,0,75397841,19612435,0,963183,148708786,17206949,208175,25348720,25734971,19818405,10942300
2015,"Iran",NA,11522318,2347701,1168629,3216928,139972,0,322622,175456,13001230,5140623,13050855,18903034
2015,"Ireland","EU-28",696600,0,0,1939149,0,0,39900,0,78318,360100,35312,222293
2015,"Italy","EU-28",7394495,1518229,7073896,1708255,1116982,0,3106168,3583,2183878,1376648,17219904,13897974
2015,"Japan",NA,1004000,9986000,164,212225,243100,0,15472,1,5185000,3541025,2876608,10476080
2015,"Latvia","EU-28",2250100,0,0,771400,0,0,293648,180,0,497320,11906,194408
2015,"Lithuania","EU-28",4380330,0,56400,1630019,0,0,518299,6,619482,399191,91199,190294
2015,"Luxembourg","EU-28",91058,0,928,84530,0,0,13834,0,0,12971,17774,1748
2015,"Malaysia",NA,0,2741404,62460,0,0,98344073,698343,11602,30271,123177,1152612,1525471
2015,"Malta","EU-28",10000,0,0,2180,0,0,90,0,0,8017,9810,83470
2015,"Mexico",NA,3710706,236018,24694046,6063744,341088,666238,1482622,611549,55396899,2022427,18619670,14796137
2015,"Morocco",NA,8074659,63298,95032,3455707,1000,0,1233951,1825,4270954,1942426,4282278,5549057
2015,"Netherlands","EU-28",1300085,0,121114,250455,0,0,11623,28787,4868255,6651692,764300,5094053
2015,"New Zealand",NA,413533,0,226278,474807,0,0,5222,3914,0,483096,1314179,944106
2015,"Pakistan",NA,25086174,10201840,5270914,522754,22,0,1036812,4872218,65607234,4517571,6265032,5451802
2015,"Philippines",NA,0,18149838,7518756,653,545,432496,14775664,74638,22926437,3503699,16430709,6629441
2015,"Poland","EU-28",10957787,0,3156212,13888727,0,0,2762767,122,9364467,6313669,4168817,5070030
2015,"Portugal","EU-28",80393,184918,827544,147348,0,0,771403,0,11165,514094,1925883,2811557
2015,"Rest of Africa",NA,9997661,25965446,55702446,47541317,1501790,19020890,26796646,4035167,61232988,294051800,77571092,60030514
2015,"Rest of East Asia",NA,471967,50021800,6338461,811033,792190,160000,3776420,550477,13420622,14892187,10574179,23973726
2015,"Rest of Eastern Europe and Central Asia",NA,19804389,671074,3124744,5721222,271310,0,1945695,1386917,1374171,7898846,4577097,13699636
2015,"Rest of Latin America",NA,2781528,13832992,17392001,2768987,15258328,17117635,2369546,410155,167159153,23495200,54513479,15654639
2015,"Rest of North America",NA,0,0,0,0,0,0,0,0,0,0,0,47
2015,"Rest of Oceania",NA,20,10071,21891,5114,0,2518053,2603789,412,1920164,2346759,2642744,679307
2015,"Rest of South Asia",NA,1979355,8651807,2456360,370980,35537,0,3146175,13020,3782193,3279201,2781862,4605528
2015,"Rest of Western and Central Europe",NA,4142004,30527,6873233,2008803,469507,0,708152,820,3582245,2161485,3304002,4465564
2015,"Rest of Western Asia",NA,10941455,519209,832380,3291191,328,0,1065867,243024,164710,3066764,9838041,12872513
2015,"Romania","EU-28",7962421,49773,9021403,2299224,262061,0,2714260,3151,1040827,2699684,2000527,3690333
2015,"Russia",NA,61785799,1109762,13173296,26378752,2708170,0,11126516,95780,39030505,33645799,3362278,17786458
2015,"Slovakia","EU-28",2082134,0,929233,794345,62086,0,500865,91,1205450,144625,104084,95155
2015,"Slovenia","EU-28",157058,0,338712,132638,4689,0,5799,0,0,107672,255876,95548
2015,"South Africa",NA,1440000,3048,9955000,512197,1070000,0,839164,55145,14861401,2552120,7179746,2818706
2015,"Spain","EU-28",6362694,847026,4564416,8375174,4106,0,6883146,193038,3605423,2322259,17986397,14245229
2015,"Sweden","EU-28",3300400,0,0,2862000,0,0,373000,0,1178300,802500,45592,377553
2015,"Thailand",NA,1281,27702191,4729527,364881,56963,11058720,978521,94315,94138465,32861520,10450410,2779479
2015,"Turkey",NA,22600000,920000,6400000,8712438,161000,0,3767498,2050006,16462000,4760786,14657721,29334385
2015,"UK","EU-28",16444000,0,0,8290564,0,0,2571000,15320,6218000,5644000,661952,2564931
2015,"Ukraine",NA,26532100,62510,23327570,9705000,3930600,0,13052850,1918,10330750,20839270,2426020,9933044
2015,"USA",NA,55839540,8724530,345486340,21820378,106953940,0,5977460,8467114,61228620,21421170,24961530,36868448
2015,"Uzbekistan",NA,6964664,425745,439551,184042,0,0,98053,3379676,0,2696914,4325349,11983517
2015,"Vietnam",NA,0,45090562,5287261,1587,146341,0,1946803,94581,18337227,12394373,7463272,15687389
2016,"Argentina",NA,11314952,1404980,39792854,8634284,58799258,0,4316467,676937,18436082,2958396,6685663,3447523
2016,"Australia",NA,22274514,273942,400032,12280715,40000,0,2901413,1518678,34403004,1200748,3508440,2168096
2016,"Austria","EU-28",1970364,0,2179587,1551747,152599,0,238715,3289,3534415,767261,416704,617187
2016,"Bangladesh",NA,1348186,50452866,2445576,15669,92181,0,842335,1406666,4207592,9733471,4332740,5453777
2016,"Belarus",NA,2339829,0,740511,3995318,0,0,267738,41345,4278728,5984069,703636,1901430
2016,"Belgium","EU-28",1400074,0,480496,407204,0,0,48452,87162,4021110,3402787,630998,1752544
2016,"Brazil",NA,6834421,10622189,64188314,2522925,96394820,1621017,3413849,3748122,768594154,25811588,36105193,11739133
2016,"Bulgaria","EU-28",5662721,64773,2226094,798631,18301,0,2396187,4345,0,127182,418031,679682
2016,"Canada",NA,32139900,0,13889000,12875167,6596500,0,20466024,28333,526200,5920143,1103787,2406023
2016,"Chile",NA,1731935,174008,1174487,791973,0,0,317316,18210,1646681,1182512,5873273,2197231
2016,"China",NA,133271000,211094000,263613000,8272500,12788894,671333,36918600,16229804,111760000,143032984,159389420,614693659
2016,"Croatia","EU-28",969050,0,2154470,450352,244075,0,261493,0,1169622,193962,255948,1488745
2016,"Cyprus","EU-28",6902,0,0,3259,0,0,10362,0,0,124542,143111,92227
2016,"Czechia","EU-28",5454663,0,845765,2300123,27972,0,1448510,617,4118356,699605,252200,240330
2016,"Denmark","EU-28",4201500,0,43800,4909026,0,0,506387,0,2350400,1954016,66344,315056
2016,"Egypt",NA,9342538,5308873,7817640,919685,45165,0,1147823,180196,26766668,4659691,12447894,18006391
2016,"Estonia","EU-28",455543,0,0,478508,0,0,102566,0,0,89842,8579,63150
2016,"Finland","EU-28",823900,0,0,2742570,0,0,93900,0,433600,587600,21523,275689
2016,"France","EU-28",29316331,80297,11839729,13162347,338955,0,6097960,603733,37186932,6990753,9327359,5664662
2016,"Germany","EU-28",24463800,0,4017800,16882800,43000,0,4632549,0,27065500,10772100,2646449,3744802
2016,"Greece","EU-28",1560777,277482,1505461,618663,9465,0,2966430,739122,313890,495450,3296059,3073898
2016,"Hungary","EU-28",5603184,10767,8729915,2300019,184725,0,2829877,294,1121247,429435,1239914,1625771
2016,"India",NA,92290000,163700000,25900000,15960000,13159000,0,28240306,19299983,348448000,49215000,88425189,126378917
2016,"Indonesia",NA,0,79354767,23578413,0,859653,115962966,18551627,203795,23630420,24062019,17894844,11505352
2016,"Iran",NA,14592003,2921046,1170587,3742423,139325,0,360609,161163,13445234,4995327,11757242,19315938
2016,"Ireland","EU-28",647700,0,0,1665285,0,0,34100,0,72000,352000,37757,231989
2016,"Italy","EU-28",8037872,1587346,6839499,1754504,1081340,0,2439177,5773,2046297,1381376,16990016,14213049
2016,"Japan",NA,790800,10055000,166,199654,238000,0,19161,1,4763000,3416924,2847268,10325983
2016,"Latvia","EU-28",2062300,0,0,640900,0,0,283400,260,0,491600,14397,197501
2016,"Lithuania","EU-28",3844491,0,86233,1190097,0,0,406062,0,933512,351484,82798,257021
2016,"Luxembourg","EU-28",70069,0,840,68353,0,0,10915,0,0,18714,13111,1671
2016,"Malaysia",NA,0,2739606,64867,0,0,86325309,700134,10340,28038,108150,1093643,1460781
2016,"Malta","EU-28",10596,0,0,2163,0,0,30,0,0,6825,7517,81929
2016,"Mexico",NA,3862914,254043,28250160,6098193,509114,755222,1479028,506591,56447665,2153158,19595058,16108885
2016,"Morocco",NA,2731123,53354,128763,648359,1000,0,1486170,1817,4645426,1759816,3949531,4549829
2016,"Netherlands","EU-28",1016479,0,84641,254099,0,0,7409,31181,5502200,6534338,777152,4975496
2016,"New Zealand",NA,459349,0,210325,426816,0,0,5216,3935,0,489047,1428730,928196
2016,"Pakistan",NA,25633028,10273968,6134274,513752,40,0,937459,5237631,75615353,4510909,6729773,5480457
2016,"Philippines",NA,0,17627245,7218817,616,544,439529,13864576,73807,22370546,3534491,16281354,6678391
2016,"Poland","EU-28",10827902,0,4342910,14678411,14747,0,2265002,104,13523781,8872445,4714251,5896363
2016,"Portugal","EU-28",90017,169289,710634,168145,0,0,525899,0,15112,476287,1724279,2618233
2016,"Rest of Africa",NA,9329654,27958699,57376863,53216626,1608239,18938538,22992465,4260572,60664656,299237036,76003228,60486503
2016,"Rest of East Asia",NA,653485,49604606,6599682,819293,708709,160000,3789298,506842,13631120,16269653,10397016,23701394
2016,"Rest of Eastern Europe and Central Asia",NA,21733723,714559,3550377,6293122,276553,0,2499268,1312961,2325251,8089857,4477868,13906646
2016,"Rest of Latin America",NA,2877949,13738767,16750076,2859773,14764796,15978082,2416745,368273,159770963,23742745,55016419,15917434
2016,"Rest of North America",NA,0,0,0,0,0,0,0,0,0,0,0,48
2016,"Rest of Oceania",NA,20,12396,23836,5098,0,2619524,2878500,413,1828455,2327405,2698109,673945
2016,"Rest of South Asia",NA,1739370,8802496,2557659,363827,39001,0,3437836,12102,5162411,3521373,3468791,5011534
2016,"Rest of Western and Central Europe",NA,4471049,24792,9228960,2246398,600273,0,889455,820,4003119,2342814,3379043,4663342
2016,"Rest of Western Asia",NA,10292834,537885,877688,2835346,329,0,968988,263463,130489,3269144,10017036,13931277
2016,"Romania","EU-28",8431131,43635,10746387,2543663,263380,0,3334208,2830,1012186,2689733,1953588,3375346
2016,"Russia",NA,73345679,1080886,15281594,28047298,3142693,0,13125819,92722,51324953,22463487,3645195,15074630
2016,"Slovakia","EU-28",2434213,0,1710178,703153,92484,0,685395,91,1506939,177145,62868,118132
2016,"Slovenia","EU-28",163165,0,346211,133103,7387,0,10852,0,0,99049,178800,105505
2016,"South Africa",NA,1910000,3036,7778500,505998,742000,0,898644,31453,15074610,2212469,6465665,2680540
2016,"Spain","EU-28",7873135,835400,4069508,11278747,2869,0,8097523,140040,3014838,2303581,17725021,14878542
2016,"Sweden","EU-28",2834500,0,0,2612800,0,0,284900,0,1988400,862500,44240,372340
2016,"Thailand",NA,1302,25312378,4814560,355276,52000,12095698,988100,90881,90220174,31689985,10541932,2921420
2016,"Turkey",NA,20600000,920000,6400000,7356615,165000,0,3785629,2100013,19592731,4750636,15998200,30204656
2016,"UK","EU-28",14383000,0,0,7581131,0,0,1823000,13924,5687000,5395000,674602,2577607
2016,"Ukraine",NA,26098830,64700,28074610,10979710,4276990,0,15042550,2053,14011300,21750290,2280221,10092195
2016,"USA",NA,62831507,10167050,412262180,18204530,116931500,0,5667900,10092158,62630238,21858852,25002940,36805311
2016,"Uzbekistan",NA,6934876,451981,491919,7377059,232,0,107972,2975551,0,2789476,5460585,13283382
2016,"Vietnam",NA,0,43112010,5244140,3720,160696,0,1947591,93174,16313145,12481330,7362180,16329615
2017,"Argentina",NA,18395106,1328340,49475895,7197361,54971626,0,4838774,620220,19076893,3022375,6606945,3529905
2017,"Australia",NA,31818744,807304,436194,16986166,31000,0,4480286,2150961,36561497,1176669,3529279,2213325
2017,"Austria","EU-28",1437143,0,2075983,1361723,193416,0,189547,3332,2993710,653400,603556,599742
2017,"Bangladesh",NA,1311473,54148000,3025392,10759,96921,0,877900,1563623,3862775,10478659,4571610,5824139
2017,"Belarus",NA,2620230,0,694238,4214944,0,0,610855,42327,4989334,6414755,477124,1970195
2017,"Belgium","EU-28",1702721,0,608671,453000,0,0,57090,69341,5941783,4416665,450661,1805035
2017,"Brazil",NA,4342812,12464766,97910658,3261132,114732101,1676421,2973659,4025399,758646205,23187963,36855030,11971952
2017,"Bulgaria","EU-28",6132671,58523,2562569,722083,20000,0,2542004,4475,0,227815,430817,574914
2017,"Canada",NA,29984200,0,14095300,12298200,7716600,0,22306716,27722,508379,5970096,959779,2383961
2017,"Chile",NA,1349492,127866,1062589,931063,0,0,305137,18088,1770497,1442003,5701280,2314220
2017,"China",NA,134334000,212676000,259071000,11849299,13128960,672046,38012110,17487040,113788000,146726430,162935801,618719495
2017,"Croatia","EU-28",687595,0,1559638,412415,207765,0,286849,0,1295459,156089,227621,1062121
2017,"Cyprus","EU-28",16592,0,0,19244,0,0,19846,0,0,111337,134535,83217
2017,"Czechia","EU-28",4718205,0,588105,2154554,37012,0,1232424,624,4399521,688970,228318,254393
2017,"Denmark","EU-28",4834100,0,38900,5154261,0,0,742487,0,2454600,2171000,39738,335021
2017,"Egypt",NA,8421071,4960662,8542635,998730,36388,0,1402784,310186,26243132,5310645,13021014,17386432
2017,"Estonia","EU-28",713263,0,0,598630,0,0,165346,0,0,91182,6617,59339
2017,"Finland","EU-28",802000,0,0,2619643,0,0,91300,0,430300,611900,24104,270883
2017,"France","EU-28",38677896,92544,14534897,15424908,415202,0,7166119,598043,49160551,8583054,8230289,5815969
2017,"Germany","EU-28",24481600,0,4547600,16527600,66000,0,4326099,0,34059900,11720000,1947993,4025884
2017,"Greece","EU-28",1356772,255418,1461730,608941,8099,0,3069229,808930,392263,501659,3372461,2840424
2017,"Hungary","EU-28",5246258,12303,6739186,2019533,179282,0,2981529,292,1075625,402853,1252264,1641220
2017,"India",NA,98510000,168500000,28750000,17880000,10933000,0,31229772,19475309,306069000,54236000,90727002,131652327
2017,"Indonesia",NA,0,81148594,28924015,0,538729,114617286,19244140,201288,21909790,22553453,18916531,11934766
2017,"Iran",NA,1.4e+07,2010000,1211431,3117817,2e+05,0,346277,153478,12605264,5120244,12438912,20157652
2017,"Ireland","EU-28",681500,0,0,1712707,0,0,41700,0,75000,412400,37665,224515
2017,"Italy","EU-28",6966465,1598027,6048499,1638727,1019781,0,2981076,5974,2453568,1355430,15383133,13663860
2017,"Japan",NA,906700,9780000,165,219707,253000,0,19081,1,5198000,3566269,2741630,10335559
2017,"Latvia","EU-28",2138800,0,0,553700,0,0,327900,227,0,408300,11702,156608
2017,"Lithuania","EU-28",3917372,0,56974,1099842,0,0,551097,0,956947,237045,101853,213453
2017,"Luxembourg","EU-28",77781,0,695,70815,0,0,11317,0,0,21284,12036,1653
2017,"Malaysia",NA,0,2901894,72561,0,0,101740900,716767,3268,29990,89532,1111563,1310103
2017,"Malta","EU-28",12413,0,0,2174,0,0,60,0,0,8740,7859,79937
2017,"Mexico",NA,3503521,265567,27763203,5955545,432927,873518,1409676,1028103,56955854,2063365,20210196,17448853
2017,"Morocco",NA,7090817,57698,122399,2515936,1000,0,1102574,1812,4294553,1941779,4983056,5148182
2017,"Netherlands","EU-28",1054151,0,116711,221824,0,0,9746,19763,7959266,7391881,648075,5433224
2017,"New Zealand",NA,405182,0,175586,356226,0,0,5257,3997,0,485096,1390414,877214
2017,"Pakistan",NA,26673703,11174816,5901630,549846,19,0,982169,5855512,83497381,4388750,6683554,5604148
2017,"Philippines",NA,0,19276347,7914909,581,666,474792,14090139,73288,29286893,3599194,16555775,6837990
2017,"Poland","EU-28",11665702,0,4021592,16237670,20297,0,2769930,88,15732952,9171733,3226399,6001996
2017,"Portugal","EU-28",59610,179777,745123,141396,0,0,920764,0,15599,540564,2028671,2639578
2017,"Rest of Africa",NA,9686224,26790872,59920400,49567156,1896796,19175845,22723022,4374207,59183597,296669126,76479033,61350937
2017,"Rest of East Asia",NA,448288,49525545,6409868,773749,700079,160000,3612190,438435,13222620,14647452,10987956,23869235
2017,"Rest of Eastern Europe and Central Asia",NA,20598119,771344,3867934,5889201,304380,0,3110989,1680774,2758322,7878394,4811535,14056012
2017,"Rest of Latin America",NA,2141181,13819622,16566967,2176412,14650307,17026314,2416359,350305,157675330,24593090,55742250,16035703
2017,"Rest of North America",NA,0,0,0,0,0,0,0,0,0,0,0,49
2017,"Rest of Oceania",NA,14,12845,25290,5208,0,2706368,2829507,412,1715070,2365043,2759646,685958
2017,"Rest of South Asia",NA,1883009,7699865,2586280,363327,43628,0,2861149,12092,3889625,3380389,3610363,4711988
2017,"Rest of Western and Central Europe",NA,3976495,17080,5397189,2039762,479188,0,839501,820,4098628,2173956,2861106,4598295
2017,"Rest of Western Asia",NA,10030586,604272,672497,2434731,330,0,1000420,207642,143257,3226974,10242975,12928280
2017,"Romania","EU-28",10034955,43311,14326097,2734521,393495,0,4593611,2955,1174502,3116912,2089166,3655193
2017,"Russia",NA,86002542,986620,13208095,31098062,3621712,0,12866375,89990,51913442,21707645,3244761,15443707
2017,"Slovakia","EU-28",1770659,0,1066188,647214,102441,0,673463,94,1230793,149705,84101,98440
2017,"Slovenia","EU-28",140961,0,272177,138078,7713,0,11208,0,0,93076,182845,96354
2017,"South Africa",NA,1535000,3031,16820000,505955,1316000,0,1080692,46063,17388177,2531355,6792748,2795418
2017,"Spain","EU-28",4875957,835178,3775645,7166889,4599,0,7563356,160039,3293850,2308465,16716104,14915621
2017,"Sweden","EU-28",3298600,0,0,2651000,0,0,370500,0,1963500,852500,41150,340250
2017,"Thailand",NA,1319,32687757,4958699,367721,54000,14600000,983200,87913,101870298,31364843,11095901,2890295
2017,"Turkey",NA,21500000,9e+05,5900000,7826157,140000,0,4373370,2450013,21149020,4801031,17329945,30802211
2017,"UK","EU-28",14837000,0,0,8163066,0,0,2213000,12887,8918000,6218000,660055,2693467
2017,"Ukraine",NA,26208980,63940,24668750,9744065,3899370,0,14561588,2028,14881550,22208220,2351799,9738997
2017,"USA",NA,47379810,8084290,397602890,13780095,120064970,0,5977070,1.2e+07,62192068,22071984,23777519,34779034
2017,"Uzbekistan",NA,6079164,395422,389427,6418105,6138,0,81385,2870251,0,2793689,4276330,12137590
2017,"Vietnam",NA,0,42763682,5109766,3770,101856,0,1995831,93439,18356398,11923759,7751731,16881237
2018,"Argentina",NA,18518045,1367968,43462323,7242680,37787927,0,4722130,817680,19039561,2873914,7858042,3584999
2018,"Australia",NA,20941134,635113,387240,11897396,63000,0,4012120,2500000,33506830,1258859,3390651,2187406
2018,"Austria","EU-28",1370960,0,2130339,1311938,184342,0,202514,3388,2150192,697931,918347,564516
2018,"Bangladesh",NA,1099373,56417319,3288102,13044,98699,0,927454,1673120,3638731,9991228,4466311,5686502
2018,"Belarus",NA,1814765,0,1137932,2861172,0,0,464216,39507,4806259,5865123,919508,1763804
2018,"Belgium","EU-28",1652249,0,442995,387764,0,0,53834,80907,5192049,3045443,702003,1647302
2018,"Brazil",NA,5418711,11749192,82288298,3608536,117887672,1565197,3156347,5139070,746828157,22325454,37225069,11812062
2018,"Bulgaria","EU-28",5832449,63415,3478013,558122,4548,0,2404918,2478,0,261594,429985,594201
2018,"Canada",NA,31769200,0,13884800,12441800,7266600,0,21263921,27112,505117,5790838,1020649,2339142
2018,"Chile",NA,1469003,192808,1110608,889015,0,0,341228,17976,2374496,1198115,6128646,2351334
2018,"China",NA,131440500,212129000,257173900,9292400,14189217,672760,38490926,17906860,120174718,150143994,165219066,624524042
2018,"Croatia","EU-28",744405,0,2147275,353166,245188,0,302702,0,776491,182261,326316,1245038
2018,"Cyprus","EU-28",18054,0,0,19171,0,0,19470,0,0,107938,137201,83929
2018,"Czechia","EU-28",4417841,0,489154,2068009,25259,0,1486073,633,3724309,583560,315412,202342
2018,"Denmark","EU-28",2654819,0,35923,4314552,0,0,489312,0,2107616,1806766,51439,321945
2018,"Egypt",NA,8800000,4900000,7300000,1051537,48000,0,1074305,321050,26465407,5404572,12968923,17757091
2018,"Estonia","EU-28",450265,0,0,469563,0,0,113649,0,0,88434,9153,56017
2018,"Finland","EU-28",494700,0,0,2238833,0,0,70900,0,355400,600300,25598,261275
2018,"France","EU-28",35798234,73306,12667393,14201397,400292,0,6429167,661390,41853442,7906744,8838248,5461748
2018,"Germany","EU-28",20263500,0,3344000,14348300,59000,0,3719242,0,26191400,8920800,3051941,3522994
2018,"Greece","EU-28",1072940,222690,1205980,535306,9490,0,1321899,837432,353078,468389,4058464,3286495
2018,"Hungary","EU-28",5245890,11971,7963217,1671585,178200,0,2861271,290,941655,330545,1459337,1567702
2018,"India",NA,99700000,172580000,27820000,18220000,13786000,0,29267343,16698762,376900000,54580281,94971278,131994182
2018,"Indonesia",NA,0,83037000,30253938,0,953571,115267491,19014108,200373,21744000,19632690,19835944,12110761
2018,"Iran",NA,14500000,1990000,1338258,2818030,210000,0,350112,152454,13016396,5321188,13053309,20916545
2018,"Ireland","EU-28",506800,0,0,1348954,0,0,40900,0,78597,273000,35502,221712
2018,"Italy","EU-28",6932943,1512241,6179035,1722628,1138993,0,2263447,6224,1941479,1315078,16819055,13487406
2018,"Japan",NA,764900,9727500,165,204181,211300,0,18731,1,4828298,3420038,2769268,10157708
2018,"Latvia","EU-28",1431600,0,0,625600,0,0,231600,200,0,426900,18127,138947
2018,"Lithuania","EU-28",2838899,0,87587,1073014,0,0,444236,0,888616,296229,107937,228222
2018,"Luxembourg","EU-28",78409,0,565,75262,0,0,10951,0,0,16211,20639,1914
2018,"Malaysia",NA,0,2718987,76362,0,0,98419400,722193,8403,29433,82657,1044502,1344101
2018,"Malta","EU-28",12208,0,0,2186,0,0,60,0,0,7977,8039,78688
2018,"Mexico",NA,2943445,283763,27169977,5671792,324011,983676,1397817,1177679,56842401,2139964,20701211,18240878
2018,"Morocco",NA,7320620,63037,118392,2886616,732,0,1634718,1808,4326628,1887413,4846078,5657588
2018,"Netherlands","EU-28",985297,0,84894,270341,0,0,7699,22634,6508142,6029734,762575,4826484
2018,"New Zealand",NA,371027,0,191993,414760,0,0,5340,4060,0,522806,1434491,949016
2018,"Pakistan",NA,25076149,10802949,6308897,553870,29,0,1111774,4828918,67470379,5131848,6673263,6008255
2018,"Philippines",NA,0,19066094,7771919,564,658,500466,14767357,73194,24730820,3503806,16608184,6909543
2018,"Poland","EU-28",9820315,0,3864028,13095439,10271,0,2260680,101,14302911,7478184,5140129,5556785
2018,"Portugal","EU-28",67749,160648,713860,150313,0,0,780912,0,14050,457502,1856535,2191799
2018,"Rest of Africa",NA,11301101,28207952,58972483,56709565,1967432,19451575,25198792,4225474,59853387,297684265,77772558,63150696
2018,"Rest of East Asia",NA,649788,48971503,5795826,833654,579187,160000,3742696,382709,13709870,15667145,10991533,24264952
2018,"Rest of Eastern Europe and Central Asia",NA,19788034,756149,4355855,6796026,318060,0,3431451,1570471,2559488,8238017,5349704,14331174
2018,"Rest of Latin America",NA,1678388,15000073,17587905,2798602,15498683,16879896,2522644,376791,168798591,24748025,56091320,16081786
2018,"Rest of North America",NA,0,0,0,0,0,0,0,0,0,0,0,50
2018,"Rest of Oceania",NA,4,10815,26791,5120,0,2754670,2743624,412,1624119,2403173,2820258,693578
2018,"Rest of South Asia",NA,1953142,9170509,2836420,373024,30407,0,2906918,11623,4203382,3815827,3123070,4974201
2018,"Rest of Western and Central Europe",NA,4342028,19732,8956512,1824070,674909,0,1126447,820,3986768,2102598,3526049,4360443
2018,"Rest of Western Asia",NA,8980947,626965,627745,2374623,329,0,974056,198063,141692,3414623,10296602,12898154
2018,"Romania","EU-28",10143671,43355,18663939,2702314,465609,0,4680954,2991,978266,3022758,2910369,3814281
2018,"Russia",NA,72136149,1038222,11419020,25244484,4026850,0,15492384,87839,42065957,22394960,3944622,15681025
2018,"Slovakia","EU-28",1927926,0,1515834,594001,104525,0,690197,92,1311972,169953,104160,107840
2018,"Slovenia","EU-28",121901,0,350489,128558,5331,0,12406,0,0,85600,232083,100575
2018,"South Africa",NA,1868000,3026,12510000,590896,1540000,0,1044332,105772,19301688,2553910,7151861,2669518
2018,"Spain","EU-28",7989906,808167,3842519,11722353,4249,0,10973860,156039,2871998,2077402,17574830,14386201
2018,"Sweden","EU-28",1620300,0,0,1635200,0,0,221800,0,1698400,720200,49200,307090
2018,"Thailand",NA,1351,32192087,5004125,367077,56000,15400000,974654,85076,104360867,32213100,11163573,2871257
2018,"Turkey",NA,2e+07,940000,5700000,7755628,140000,0,3827962,2570013,18900000,4551029,17813507,29922743
2018,"UK","EU-28",13555000,0,0,7529346,0,0,2055000,12343,7620000,5028000,716774,2409461
2018,"Ukraine",NA,24652840,69210,35801050,8586247,4460770,0,17040549,1383,13967700,22503970,2914098,10016843
2018,"USA",NA,51286540,10170040,392450840,14043720,123664230,0,5482006,11429937,61404631,21850788,23371932,34384003
2018,"Uzbekistan",NA,5410760,221089,413165,5673649,11399,0,65344,2308978,0,2911933,4309271,10963648
2018,"Vietnam",NA,0,44046250,4874054,3370,81348,0,2056744,93779,17945204,11598115,8040549,17517135
