"China (export)","Maaden","Mosaic","OCP","PhosAgro/EuroChem"
0.150938917382889,0.169069044352825,0.262033731140833,0.126662573895243,0.225861122889768
0.0805148154497489,0.142642874254893,0.0853481056074359,0.149783553269816,0.12620745438455
0.077066115344195,0.124222794344348,0.187344638587504,0.128487011249995,0.160890535578206
0.13005767451307,0.165037371639675,0.136290820825765,0.119071856288383,0.153839065361704
0.14898510416647,0.187264123528138,0.123765054834967,0.126855826550356,0.117148945688574
0.145645414012511,0.0965067394146227,0.0824289081357508,0.0907066746161212,0.0526586740512182
0.133894598187088,0.0807906937331122,0.132337951128565,0.10436868501094,0.109791013200315
0.150047555470224,0.100623486542922,0.136160973367018,0.0348948444970232,0.153320466821973
0.168005434516931,0.175633013601776,0.141040028223881,0.138156928851612,0.0570455719548858
0.164709552462626,0.189745879946645,0.121327038826022,0.129095635033096,0.107003573542402
0.126044277130912,0.14589565605434,0.100334479720053,0.0807447799759158,0.108084099109529
0.166774297508745,0.169934586508451,0.153874519677437,0.120457852951692,0.107961507413415
0.255870842447762,0.176943870259239,0.188394134897639,0.0825867126428945,0.143294268424805
0.259388538076538,0.216897398213248,0.16006429321945,0.177281631335199,0.236312040005786
0.197557049852764,0.165570136709642,0.147787571666117,0.0964739364165597,0.102591455344587
0.18378766054234,0.140270270133091,0.181437805237666,0.164174804594562,0.149908664371315
0.192115507481393,0.157123840854834,0.187778031708494,0.106756586630635,0.112108653270704
0.156560561603388,0.157462613650181,0.112796801755641,0.104580023147319,0.132435142076994
0.169631739394992,0.126078346680338,0.196079781539711,0.0900118324960735,0.0574809033690298
0.188575091858426,0.11325344042038,0.158344998185298,0.129430106189308,0.115791766952658
0.149335405148463,0.16590902095228,0.0799697366808059,0.102905845548488,0.161594162172215
0.182385929434629,0.181689375302986,0.178318096082045,0.102151245576406,0.123564167346751
0.110114228890865,0.14279607741572,0.116938434809234,0.106287106847766,0.13028563338862
0.261151610800232,0.246386152174789,0.282816336357138,0.22087293826655,0.221868815857473
0.237048092539021,0.198701684623234,0.166054504804712,0.247537988717902,0.134561976291964
0.176008168299013,0.139777428971892,0.140871732767318,0.216756840954389,0.13623942463394
0.130354103106,0.174934536277846,0.215411155292301,0.160176927789345,0.12151094488069
0.17442478825228,0.150617042262183,0.14319680595285,0.0983849030291654,0.112800059376927
0.234029537922059,0.127451071080027,0.144573610630547,0.185735209392277,0.188473457153296
0.228046778686661,0.163973588619528,0.160967371338645,0.182407505038792,0.0965293534934324
0.128990462924847,0.170606335458619,0.15096290612639,0.16215700678662,0.192289472264977
0.121724070544891,0.217768525913109,0.184841760671878,0.131234659388398,0.128185677745968
0.146984043204891,0.21370681063819,0.189824068874347,0.21605802695835,0.161424959081251
0.186161373286619,0.149119554400794,0.13223311635556,0.156651599885104,0.162784602472555
0.156176704283772,0.251812306212888,0.09987991681482,0.119018587710174,0.142429330170804
0.241202592587596,0.170318136042932,0.132706455737811,0.148949340008373,0.144905685568277
0.20462700692785,0.105555865813834,0.142986387651324,0.103965517970675,0.0961657569036121
0.199296811520287,0.146585501817352,0.112554279863615,0.0812158458516306,0.161301720444427
0.0513608285161137,0.126361099545226,0.130566865916816,0.10743147483354,0.116620874580796
0.255582289167294,0.156822113263777,0.252666453442342,0.184122745046282,0.141328830588623
0.127686991561879,0.12484551512916,0.162043793605529,0.122040841233039,0.081675873290556
0.19524561152189,0.107214919583254,0.12970171284203,0.0837271694088007,0.121868066618002
0.164796049916552,0.117982158064189,0.16383743571951,0.203345956727211,0.146976040402051
0.137895688536321,0.0695574639951775,0.163361110752947,0.100070218211862,0.0825799737510175
0.138445680929171,0.163105505017036,0.110600896234291,0.1085388577466,0.142473020206244
0.146585893498378,0.105305598960328,0.120214324754035,0.113859476394037,0.102269925245708
0.241675385788857,0.276222410022078,0.179670682711291,0.107304778997748,0.20040477191205
0.124679830284333,0.0982752780862484,0.0874021644902957,0.105063542790258,0.134538417067264
0.114630099173707,0.163536962604631,0.116881611267619,0.106948321734756,0.115804432212338
0.235137132649961,0.216949963903632,0.204088778890545,0.165005323511888,0.220538595134837
0.161923545729271,0.11889047005278,0.254108860938979,0.235876496053637,0.164189863288858
0.221586052121557,0.117531698152695,0.220167422500729,0.152737725094849,0.159089261785274
0.214250546358914,0.166490979553134,0.158057759367795,0.136050796650115,0.174332848837344
0.291002044466128,0.223727223309797,0.155767695576497,0.17407628452927,0.143936895347262
0.238317814448978,0.154745804451449,0.21283636264681,0.213698209426596,0.17769133527456
0.129783485930066,0.104851249264662,0.0872358355164242,0.0631255668572752,0.10582495146287
0.177194423534465,0.198852809176096,0.168825077636287,0.120425614026394,0.133815072781893
0.179401518036565,0.164673392601188,0.17464774906147,0.144046612106748,0.167606161814536
0.221382348412276,0.203831396582891,0.217235824634254,0.156900892658442,0.199220018637423
0.116444605989921,0.154670019136319,0.177196598903675,0.140487169848473,0.181964902722781
0.144661757974337,0.139096906990556,0.163877158758183,0.096218284344145,0.133284669254773
0.149047273395775,0.145913975979279,0.15760616188682,0.113243399788617,0.141268395271682
0.17539990941347,0.173285052898819,0.130035678915702,0.148200488538562,0.139881723214251
0.209706311697628,0.224343499477324,0.178897245418756,0.203275299861866,0.233703974467405
0.144242622798508,0.130108495735056,0.134235834535459,0.148926050291929,0.142813659494855
0.184922627485374,0.181670368843385,0.181953109962314,0.117977038498424,0.101864467267651
0.158232078287437,0.191384805424281,0.239588497865296,0.143431388484942,0.220136272402746
0.142407211895153,0.100162962459706,0.132459343350535,0.0864847999173056,0.12536996512826
0.172647027766101,0.109429102907971,0.127037054998088,0.138328586353167,0.156498447903332
0.214581040277051,0.148543905551156,0.169621529163371,0.161418275154817,0.184269285253304
0.26330497786088,0.1645695874437,0.172207237670873,0.100446197263061,0.155141017618076
0.118721004859407,0.131980749432545,0.109439416447545,0.133806219288662,0.110175141623901
0.251952252192312,0.233360108157179,0.20178753034015,0.275445057736121,0.199925684428565
0.164432070631494,0.158864432217718,0.171032330207952,0.0960580322852447,0.125501211892988
0.149312210679636,0.215646566188911,0.153909674217831,0.113902062560614,0.0894592583818488
0.153919693388113,0.128081177247435,0.134593965162596,0.119579040064993,0.163603011987438
0.146000190107401,0.141522497914107,0.21018587774013,0.0885147690881858,0.0959394927956922
0.138566453708331,0.0981874913960321,0.106717305137701,0.076351442514951,0.0980609682036502
0.156637832725378,0.0607911104197504,0.151695666337287,0.108605275313042,0.142171292146649
0.153911396430327,0.145723671052839,0.182764895673847,0.0979467250300767,0.11491552678265
0.194800196273284,0.180581856652735,0.189799326603263,0.123152891270391,0.120861348216749
0.148709704293735,0.195031149763032,0.185718551515156,0.043856138183813,0.187849109382305
0.129031414042387,0.0966857190653,0.121608246171104,0.0959317918818674,0.0900952576565366
0.1961951475108,0.160376881836631,0.0650661258413905,0.146537001583786,0.069088138266884
0.254666562652746,0.187244276532256,0.189320433463026,0.123478413263089,0.180485790900206
0.128547781299201,0.223594538125369,0.159501727732008,0.104061374061268,0.0921961706753894
0.217922907555871,0.167022300516683,0.22049714687286,0.10999945500399,0.173078418137706
0.212472527155219,0.172699229449967,0.159812746388227,0.159431923852323,0.101200574912745
0.196845228856039,0.209775797571878,0.114543533007232,0.0550996885460006,0.136135328832647
0.108614098967327,0.128949457166036,0.145671939624782,0.0715892318118762,0.12603710006209
0.171999122911132,0.112517996257569,0.163352281036127,0.117630441302822,0.11066319423506
0.156649551574391,0.17636491594214,0.139275074811442,0.100697191047023,0.20496066670298
0.199601640976298,0.255608409291191,0.186144685699738,0.152913832832694,0.143862369883605
0.167826442203679,0.141908278927375,0.188057213965617,0.197813018353355,0.128972082496614
0.158036627645949,0.102866665406795,0.136240391163912,0.0801880581783546,0.0913821805856758
0.166285625404061,0.0838526907820482,0.120160100002607,0.0985216981571898,0.124164929215103
0.18563992860801,0.19125374516354,0.0958905099364463,0.158414521482345,0.164969502193311
0.187738626443871,0.10889987448298,0.141310936134342,0.127690692730729,0.107323275759468
0.129911726414465,0.113415742155347,0.150447143112992,0.117729926891042,0.137294035832106
0.150401903902127,0.124275935355436,0.140946534320826,0.120016066199792,0.116098372482261
0.265615361398609,0.268638721086768,0.203679014164729,0.16914503414335,0.187088463832624
0.171999819265265,0.0999418289779849,0.104222689414823,0.116579647843144,0.102375277656659
0.162280862418845,0.132183997953426,0.136050243323351,0.109902266022986,0.073560182369524
0.103372187941022,0.119852550889379,0.153661360407262,0.109820184307591,0.140635977045589
0.218298420190087,0.191541964572118,0.155488794023002,0.1233888579064,0.151041567062377
0.198763473546292,0.188970886219598,0.176120882446794,0.182949648792052,0.11445996971549
0.197844848497888,0.178602256891417,0.207695160611036,0.19227697643906,0.173982368982513
0.232808233689019,0.195781997791898,0.207772212879908,0.182232394180086,0.181511117055727
0.199166270669558,0.13011293743553,0.17156475305503,0.127852258957132,0.145332121813913
0.197605232080903,0.239148572508767,0.191955464564382,0.136352179959254,0.115982347005277
0.184439382246022,0.220890307764992,0.0637191016921379,0.0790253623151069,0.119799188517384
0.243713450308888,0.134768133676682,0.129240106263026,0.102677688073059,0.125154952809061
0.0403154272664547,0.164507401545942,0.108612032958877,0.0843152599895027,0.119359111355485
0.162697571348845,0.142998369064749,0.134016191340266,0.131613258926697,0.103537104851904
0.178228226937992,0.137514747355179,0.130982114238386,0.0957590915395281,0.180212033218311
0.23181009402752,0.222375652708492,0.168115117175696,0.120941940499763,0.151029894003162
0.126079274468278,0.136718844046203,0.158232154019337,0.146228379328734,0.108558467567366
0.157268855696525,0.191757642112116,0.162780396173924,0.134217003251454,0.166934220797654
0.239830236822839,0.203366713828731,0.145681408804833,0.17970644622015,0.13966731243931
0.107014912355711,0.173120120428845,0.166179334671686,0.112031979122467,0.12800407077489
0.140284035734844,0.169377849955338,0.156354214778397,0.158061163905661,0.117721403329693
0.0742741108898462,0.109019020085292,0.107848337545105,0.121126303506926,0.157876043216694
0.186593607340223,0.222332917093281,0.162317754151845,0.142322823448341,0.140914670388559
0.178572577282973,0.145424669374368,0.144358836063586,0.211483783522524,0.148642526807168
0.280458485157938,0.219071791218252,0.220576965461354,0.220016339603087,0.222121680981895
0.229139653875842,0.0987844714849866,0.118719774562305,0.118530078169483,0.172636092767739
0.116589347334537,0.155061590124167,0.146820633228754,0.114318260919312,0.115882944101523
0.195547631639694,0.171052616962345,0.209506767810335,0.145026292921566,0.242295435427195
0.178774833875243,0.187042989105286,0.152093633295292,0.124710046181596,0.123072375292874
0.165893745976662,0.149367133873531,0.0795813885393411,0.131481765979541,0.22202224562991
0.193947118859403,0.146602697830192,0.161217368890225,0.165769777938097,0.160834426465542
0.249839463711484,0.188827322962964,0.203256317320816,0.106135560883118,0.127158913509095
0.178310841607385,0.148635760011043,0.177901283173317,0.0824435498893437,0.143532070788378
0.216025553584365,0.147508989357876,0.196747227645476,0.1698388170845,0.152066643203721
0.207165068790927,0.116471516692332,0.154627972299076,0.150236543344548,0.159977498111705
0.229334336562565,0.143226400278797,0.0918855364162102,0.11244040040849,0.245929967808078
0.148717064512206,0.13204026875958,0.151051612053785,0.112469868063545,0.119722438338912
0.120287329158902,0.147227421619295,0.123861374550059,0.0777032575773673,0.192085019326485
0.168839664208402,0.165583854247502,0.149915200494577,0.11387236557288,0.122266777629542
0.251028793984944,0.179690898342703,0.161830602893267,0.138815006704671,0.252559973999898
0.15007305706483,0.163902930883326,0.144577557478848,0.11773985066187,0.146671461562658
0.114312339432845,0.131916325926434,0.144636971645572,0.103354971885708,0.120846557686224
0.205170996732827,0.136635097778989,0.136801427196231,0.213996869907565,0.167216543051634
0.0952096260689158,0.182178715626731,0.144384706586676,0.129979296561726,0.138973181791714
0.0746405514825714,0.164120479711793,0.148402405121934,0.0858704549014639,0.0961024265570875
0.240222333839625,0.235385649180548,0.199346853698628,0.182676618741951,0.149605331288172
0.157703459754948,0.181088961149898,0.188867404542265,0.151860954304115,0.156700055110842
0.152456459215859,0.144500216153081,0.111596596948319,0.123249013151219,0.125535343357718
0.0444032429698604,0.0803086966600326,0.223819921804047,0.113311410117708,0.116314713397767
0.155818317979582,0.117859615804087,0.168108312379715,0.0460014105671752,0.0968814339567985
0.169709333788443,0.156225778098869,0.168719514560262,0.108760519900998,0.152134438171981
0.132516020608503,0.100983119904268,0.126029819965558,0.0945737927862859,0.121074423002689
0.177759310010734,0.0871686754927395,0.125488243260917,0.175677295393675,0.121609100303919
0.203594105885763,0.172366893312258,0.145202454082142,0.261615611719201,0.114030673608108
0.238570628361818,0.157318085183283,0.157457827948988,0.144626517787127,0.17213425373773
0.0955618218167236,0.0685307578788829,0.145238675316542,0.107792897008894,0.130427102187783
0.304887349585885,0.214817679125947,0.212486740807661,0.141534087914114,0.194234758261893
0.181928644916301,0.13286285936694,0.13539862712009,0.135536822620685,0.162288849629234
0.174320638890205,0.253808563681162,0.153758873294234,0.13063754008489,0.146621937279123
0.199433738748022,0.167179536904831,0.153863235977725,0.174248413010361,0.170403458755852
0.203032162225941,0.211229554597757,0.156057531042111,0.1223382831802,0.154528483359801
0.10464240850257,0.133351159567671,0.150783790508552,0.104712165849612,0.109187594946069
0.113345528081478,0.103485691331654,0.176690217386316,0.124591718227488,0.0897101382078752
0.14402107282495,0.242011283217442,0.143151872614813,0.0872944963737169,0.13062710010387
0.231374455937998,0.128751212189593,0.185670405530313,0.122293153249682,0.152526120108058
0.226591709340741,0.153595501389946,0.20088135086646,0.145607855718087,0.255627763026573
0.205437172311492,0.271613872128225,0.136979570831521,0.0985273611744531,0.133991992802666
0.205831357666422,0.150600427081108,0.17587847355726,0.134185056499572,0.104812326642083
0.230552366912621,0.160202200814179,0.123606809204787,0.084705610646735,0.164668120622537
0.202899923069499,0.138506665876269,0.180232476554343,0.157837742220746,0.102555172648693
0.133738631211946,0.179073948487042,0.213298976889043,0.117636442419566,0.153140261440631
0.212563984404663,0.130886039732751,0.173025133093253,0.13210796437754,0.14738541698634
0.144039858892602,0.160788956485301,0.163643059924796,0.157143345625706,0.111529970957785
0.160345128983847,0.126565067782888,0.166255197240317,0.073004406377304,0.200407870235984
0.13640895859655,0.114416919149175,0.150688575791955,0.0437137725237478,0.126623414259636
0.193450758860706,0.192513138532133,0.139976951109928,0.120165850786048,0.227261554601849
0.23381755102559,0.213960814483266,0.174860241862191,0.145648978770675,0.190052802619583
0.212985598726373,0.225609151056696,0.153203270579081,0.143775151583721,0.134444430673362
0.199528198248719,0.168565750216362,0.116132140965142,0.126078688848531,0.187961399085298
0.161574772901197,0.0234785065113074,0.175250081312325,0.110105670050577,0.103851711206646
0.220462030637785,0.0701773783292137,0.183933400234842,0.116709548689288,0.119162188698856
0.173372712925517,0.131019788040946,0.133723774410133,0.112812948442649,0.161769358715332
0.200518033035815,0.197295626693717,0.132446016518833,0.13256049310013,0.125506297315129
0.198310521657741,0.208280241253418,0.145333587100265,0.092914277911588,0.147497035858651
0.152947050314202,0.191505886236882,0.174627707665869,0.143937617928393,0.249403545326436
0.208702353756646,0.166195973433032,0.154279606943835,0.135662708079467,0.216738461663118
0.17655919043751,0.169869734719261,0.125470794914204,0.154574524323029,0.168384450765556
0.174850136417329,0.183463491990966,0.13990753841981,0.16786541820394,0.147769925569685
0.152517133498436,0.188400952786127,0.235957577002515,0.172370659982532,0.0705512997091503
0.16537421198198,0.110137536070668,0.189440960407521,0.12638932912496,0.103042416018759
0.155720554763598,0.11767530285099,0.135849478167725,0.106967878171343,0.147115998807885
0.199360408002494,0.161240963223966,0.154271985331881,0.111835699829441,0.149940244295364
0.151536670725281,0.138775963120055,0.138830504765941,0.101704079402733,0.108941910825478
0.187451850975339,0.134745082335995,0.137537100175982,0.126049770366176,0.11527975015321
0.119467072961969,0.105512860701854,0.157346600136915,0.159955637514321,0.133821060019683
0.195739909322907,0.144227722246383,0.134409253546973,0.106381383689343,0.122205328200081
0.138772559596183,0.142755761851343,0.157271793365392,0.114687089565252,0.122362444553687
0.130519826090209,0.137516592571897,0.139730221446863,0.100301741488692,0.120344250669312
0.177073633375147,0.192943349069927,0.20549863207777,0.159502345216157,0.165250033402651
0.131924890020254,0.147270931248044,0.156576532764352,0.137591401182258,0.172852761771213
0.162749560091075,0.176616490096456,0.127732383674318,0.163181366248696,0.0976497301185571
0.0922624175411542,0.10874778372102,0.149672313414665,0.0792972283712654,0.104946029017751
0.153923000231874,0.170722203812646,0.250313990615016,0.165573255152463,0.126000329507447
0.241461952254896,0.165283552720587,0.152395074951592,0.0800454730643367,0.147998757471412
0.143576010251971,0.110584255621711,0.135050485495688,0.112520425973839,0.126209412368502
0.225363187604389,0.0939536450371793,0.141374307681052,0.121691146320862,0.0636038642129206
0.161428876176446,0.203464433319394,0.139164045501084,0.0643867140981603,0.124099400017979
0.14176399107759,0.118745689477167,0.127729497134594,0.11370088043137,0.226729074503866
0.109425553996866,0.158891322493307,0.126774898873172,0.142407780669863,0.108052087443392
0.158178693217198,0.14884148636398,0.135202966921183,0.10450201872023,0.128992418455159
0.194852492243274,0.196545255732429,0.167138667814343,0.129478050935944,0.204618335714748
0.133513415134315,0.145079537782673,0.157621078737252,0.165430501253187,0.115418050739569
0.222931775622284,0.193269170110256,0.25585894301933,0.197641723490676,0.277517645517413
0.25634535241966,0.285028376941835,0.16741298681626,0.11315943154522,0.0611937415403744
0.158832890856145,0.124739895148863,0.195752297211514,0.0480034663296516,0.115973160840707
0.139564161652854,0.109465449985212,0.135606176212226,0.145307930072279,0.117337841678519
0.104096414453419,0.117124068926884,0.113795944114568,0.109480142172158,0.165272032878238
0.171391225299216,0.116355950825245,0.147486993915756,0.104273320165624,0.100678096577181
0.145177065341121,0.146591576839128,0.184223380903808,0.211030033231376,0.0927964401249755
0.20755502432538,0.173913663637685,0.11298343439561,0.104340259753871,0.134924379646032
0.159017433863671,0.14474590932446,0.152989878504871,0.157179852912426,0.158512883609263
0.193065294129406,0.159678465709376,0.138690133728412,0.104988004024448,0.122940351642772
0.238696619777096,0.113002912116181,0.152786576776462,0.146369823015816,0.132366115305307
0.170668127897937,0.118294565382861,0.180011671958051,0.152766074240602,0.152804004150876
0.192173124649527,0.133278082516853,0.0927585103985487,0.132073553590111,0.109909932186803
0.149817437649348,0.106709916417974,0.119224655876512,0.0924053087045474,0.128987317511001
0.217622716305549,0.148181744269505,0.118438600810063,0.115838269037753,0.126461722977584
0.17930836409357,0.154972700069211,0.126502999849355,0.140756631822861,0.127256281442191
0.160883779107105,0.169554095748675,0.160178357831054,0.12871353563393,0.135112821578182
0.162379124293059,0.119715610753417,0.134487720713442,0.0874836652815695,0.118056227457465
0.132940159499826,0.114149881959285,0.180521586461536,0.108125949106871,0.144099388748443
0.105250945039024,0.160200448293782,0.15075096023128,0.10612638178711,0.102046709386683
0.179855651917581,0.107159643831842,0.183434899517962,0.153495115992304,0.109082162849199
0.136865058116591,0.14684633482471,0.184857676287149,0.16676739439518,0.135459633568634
0.212875884664291,0.117837785856092,0.127524180285322,0.103413911626173,0.1354806417116
0.194153669542651,0.212157298352144,0.204482762335219,0.0948670931709732,0.177788527468052
0.224849659449897,0.0740194679121917,0.122127258976909,0.095477933410286,0.124894050075291
0.20479374370123,0.141094572915916,0.105034946960692,0.15535800416013,0.134024720859375
0.142821743664728,0.11434840384799,0.102841062934845,0.11774520761893,0.133621354720012
0.151369557654424,0.122225293679039,0.162698481912967,0.0861301692531072,0.1281752362812
0.149129776943847,0.182115067632126,0.149803106221569,0.195118165732176,0.131756236726719
0.183804189981018,0.189332884084092,0.143582053830259,0.155868878859846,0.143039223847559
0.151132451093787,0.0989448429828909,0.108571871687213,0.0771365282399458,0.116458929902014
0.156194937514291,0.0874473859403688,0.168182604419857,0.0986869224565808,0.0998788205520621
0.173288707160494,0.147356001030934,0.169631749449158,0.113236472206003,0.106555564030123
0.192556883416462,0.124547155170483,0.112213040535171,0.129140461323966,0.157303625629334
0.0389331637923424,0.0152218250490505,0.191073123765478,0.123783392691769,0.17818778483069
0.14970143581567,0.191828492773852,0.110990310865273,0.129794053748375,0.118689471517951
0.132166672806073,0.13628524452884,0.124588280211838,0.0422932857215402,0.112993788983208
0.168419047790935,0.0638920247621981,0.184314174675982,0.127657151895994,0.137395372566888
0.201888333668155,0.108046702789072,0.147308685410222,0.20332661877946,0.146864872402795
0.21126996059112,0.233718446469875,0.175918234883839,0.199933476118888,0.244697275739421
0.144592656659286,0.106035975052371,0.219433442807812,0.0911633113408838,0.124045572072339
0.184628529411062,0.132904699604395,0.126926427193039,0.120596928798835,0.111839533589216
0.150729260953064,0.182740144055206,0.116826140905141,0.138907163867892,0.102689052984305
0.17455879077369,0.107820348312855,0.0770738702762493,0.168631556172423,0.142764833697251
0.153050020492873,0.19667822162612,0.14258120555636,0.109708354664079,0.152442750722996
0.159727106317305,0.13965592656464,0.115213187910353,0.106319018475475,0.138803160033981
0.161442840715845,0.192731077502057,0.0799363342621482,0.133774474191261,0.132795345001107
0.185209611521774,0.234802846883228,0.119429785926318,0.101575803491018,0.138072111467341
0.12435983956464,0.118973177647859,0.137460414949421,0.112476473969957,0.0704930125637566
0.149319215180466,0.0653470074981747,0.169120300134057,0.102002982714489,0.104888788898273
0.216680871551206,0.143870905700041,0.143855406841025,0.0766844974892902,0.133259303272143
0.163850597158041,0.152453181286672,0.127389962120789,0.132146098287413,0.099108021830342
0.160890918851126,0.17139661371001,0.144862210373521,0.117071927479387,0.0654092328305998
0.24985614644037,0.212485412053802,0.23029065911075,0.271268730079973,0.206185349614556
0.226432193632556,0.172819671456048,0.18252961990642,0.106347116712254,0.136138330628488
0.229498924123256,0.181524366054563,0.175219406488598,0.127865654502636,0.231455271127312
0.206827260172625,0.187620715667012,0.158056438149806,0.153897553122439,0.178366583134989
0.114837822952103,0.0992201293692899,0.157005807458238,0.0443423372031581,0.109926359482755
0.261832238351523,0.210392577822545,0.155102272417139,0.144569056188687,0.128335593240963
0.27001644667194,0.253056539581503,0.156187803888582,0.195211112619595,0.206684729219862
0.169645062052604,0.117839020146977,0.241108170541012,0.148491661394288,0.111038306084361
0.159651101540553,0.116252076599163,0.130010228421696,0.166258622034836,0.0894996962057818
0.190319855363914,0.160542749583738,0.147379770849249,0.0982151192852343,0.131768815732279
0.168079171190575,0.088516367728203,0.171307983463838,0.107077172894001,0.140718348320532
0.0661099093935942,0.114535628700401,0.0694139781632109,0.103475007105458,0.136576417112541
0.141710069254521,0.109686639602862,0.154539140139882,0.117236251375661,0.117620623369406
0.1662963762376,0.132525394791426,0.166726880513165,0.0827084202464802,0.106656972800364
0.142456402475596,0.204077987985945,0.20539651131929,0.115855295707327,0.222796544734437
0.164230074750607,0.122003280610071,0.150164312658944,0.0969133612205706,0.111337345407824
0.139812638600699,0.160972575383957,0.194675661319065,0.0793509457043219,0.122936874003859
0.221965144090339,0.159086104890758,0.169357320765043,0.0867176520586383,0.120360612262632
0.145628687663663,0.10848813206349,0.206367185515058,0.195493939170466,0.278063504671478
0.178106361353452,0.133491476242441,0.12406254248934,0.0873797931984717,0.113394996726016
0.158358031529488,0.127626584900163,0.127669616602021,0.125481733055748,0.0937489993111856
0.172425910375144,0.175381983124885,0.112251618327866,0.0753558897959726,0.0971724153550194
0.199021799960633,0.185228760576408,0.105808701433944,0.0988129379405431,0.126725788895749
0.176007715417651,0.137107806088018,0.268111247294142,0.20577173018196,0.160934459475036
0.193114610516391,0.141176571402055,0.162357295548283,0.136586324922931,0.14039475708386
0.191914513707866,0.176864892905668,0.179810282794566,0.162277394031615,0.142381162130322
0.187626944078558,0.119190687799739,0.192489780197836,0.100218690240084,0.140286807758058
0.154974828284613,0.0933898772088581,0.0811715631625674,0.0990568305341292,0.0897385468242937
0.175974372487231,0.0951516859163745,0.0912134556993801,0.0834264249085137,0.0826789701764292
0.187483965846354,0.169157675812199,0.130202587764951,0.141751433901578,0.150859890218838
0.177477816106371,0.169632347337695,0.196710367945456,0.167053510916433,0.17549359060388
0.161144675904978,0.135867815344537,0.152761326808903,0.100983819311264,0.154655301059431
0.174263285213287,0.134671637399106,0.159819578977495,0.127699953523456,0.230717669141342
0.179238996338219,0.164368780752055,0.15339265482526,0.152770908716261,0.152654344817747
0.200231919875931,0.0723420121676928,0.12381600504879,0.0990802216941854,0.169769716661827
0.210823756970533,0.16593099786155,0.176188749912829,0.119859232956348,0.108949939878902
0.168775867769375,0.165586899180962,0.160901531150804,0.10942117536331,0.0988962518942299
0.215051647909957,0.212593979933802,0.205237720358426,0.221903728309001,0.237630799898108
0.157254426206768,0.166537934517021,0.146697277832237,0.164046350328975,0.137917179299077
0.178777757071521,0.177349978047599,0.153387492009115,0.151418398967829,0.115110651215314
0.173727971668641,0.161731655888931,0.171182281044897,0.138124461430738,0.172060114281814
0.164027750703502,0.125850590433368,0.198695183657016,0.155332569860504,0.151748039915224
0.133292341475094,0.0960634501748427,0.213989230608195,0.117458211907176,0.195452629089152
0.15647448017272,0.180916913724581,0.19827117811983,0.175843130340086,0.253132543289963
0.163241767510177,0.131350586238869,0.155842372675057,0.126555998116756,0.180774822508759
0.156355013085393,0.0911221434937536,0.13244743410307,0.169441463781853,0.14011290177925
0.194656255604565,0.167225223117018,0.203816829605866,0.175356904996603,0.240555753369268
0.130308843105274,0.148161735730284,0.146993360887346,0.107720722878349,0.122436501238636
0.223437428771411,0.150505798340209,0.144237150882911,0.115514165098756,0.216888280644542
0.139772855745009,0.113388012704701,0.122422463247284,0.14218413545279,0.133689265299069
0.123067091055513,0.056754552778407,0.134356045026406,0.113678001682506,0.123998501908404
0.108697784873923,0.220661110265242,0.146542044510631,0.173150817338046,0.0597044100153291
0.204992352340341,0.15606112783035,0.17657489783972,0.161340075965705,0.108710482030274
0.163315736759917,0.0764008875539528,0.161629691078746,0.10857286049002,0.102803226334777
0.178210753163909,0.114025764169085,0.138656899479157,0.157069460438081,0.177759549270782
0.197467395972306,0.141164684590927,0.195957877646501,0.119446638910919,0.185632804787516
0.215726989490405,0.185550819342458,0.135759192577126,0.141537678123646,0.172746155662065
0.185048913036098,0.103163720156737,0.246152822264127,0.10629358978893,0.143865410558858
0.107778559932978,0.197037491668509,0.204019787914984,0.0914164242990156,0.153023290140448
0.202195595558851,0.228510063164645,0.216258154311537,0.182673924707918,0.162649416744043
0.169099012695947,0.142364858476163,0.179410037101207,0.165503064155022,0.168364106979089
0.16485414565501,0.186918345170315,0.0872186530602518,0.144894710044968,0.0445428695841725
0.194826540162389,0.163174985010631,0.160468135360954,0.136031766009893,0.0901612796635459
0.161771706296749,0.122035842916771,0.17794191127049,0.175207768282135,0.150410937957017
0.191659284264701,0.114750721526808,0.187533127310664,0.163606268387792,0.161701708796488
0.157971169616213,0.231515748508251,0.182642082789774,0.120900840526861,0.18190892348145
0.119056616537658,0.195692152341958,0.120443596083714,0.183480130275085,0.134025594874555
0.129463070415523,0.163089735491023,0.170604835901739,0.124826196339364,0.142427412395844
0.114882814332294,0.105757452378743,0.0579700543754334,0.103860581604896,0.117227881151441
0.081871707693099,0.116973732375496,0.162798774675606,0.0871155142930821,0.101276586422875
0.150507539101479,0.186993790502865,0.210496583934732,0.0558139070716117,0.160412643824647
0.185776872641619,0.125117665773789,0.159215636892907,0.11972936775812,0.125400398451984
0.185980642593843,0.0890496345612894,0.143319676593573,0.103636194533218,0.135529416593968
0.190700566827402,0.193904335595748,0.184879005273781,0.119051028349726,0.215206961382251
0.219044646199512,0.198822975569384,0.191378702299489,0.140533851279009,0.166379186888132
0.163506473936988,0.140595220237887,0.137242558822941,0.128344800599421,0.113658658010585
0.125914326740769,0.120808186278318,0.204931157469275,0.0927884388410062,0.106522428197296
0.112475563350545,0.171751429650651,0.138139386596957,0.0891418082415693,0.0554014550304449
0.176946684539377,0.0774994943041385,0.218358807589773,0.0506448344981771,0.0975665604824412
0.063426990801003,0.127322647028905,0.116592350045669,0.14212016880447,0.117401989362629
0.111316545830604,0.0921126690295806,0.102585877151082,0.121179738888677,0.0858195848809078
0.161717433282965,0.144522165310522,0.155883659114674,0.134676252325774,0.211703081859891
0.158674701897336,0.100739251735796,0.145214316728499,0.112092233679868,0.106228387417095
0.207758094619666,0.0574668147616269,0.132856361491702,0.126906369146343,0.130328865839934
0.129780302633554,0.17348640216994,0.138407945971601,0.081131468824205,0.127808520056344
0.194490180039094,0.127758498331176,0.214617833524525,0.0967480313255959,0.130990706989987
0.194202414360842,0.0818296350065723,0.11203285186359,0.120820781294697,0.0730981078310226
0.160710032926667,0.13478090977304,0.119718311554968,0.157417262359114,0.0895886954273193
0.160303027076192,0.0925313566853452,0.146293373771719,0.101531751057026,0.121005267189535
0.159562050596814,0.144698415490182,0.219042043029716,0.131402278884443,0.182135035951941
0.228318480844263,0.203620308558935,0.161453292706595,0.181700011387247,0.109976441620391
0.129290633211281,0.125954550027669,0.195589080228547,0.187695516854271,0.190879217904962
0.107898640343205,0.0621020472590143,0.125216284428684,0.0380515914362605,0.0956510564180699
0.132595853554908,0.10581815298812,0.112984653753428,0.083227062109644,0.1063753048336
0.196829967366607,0.176455400179245,0.204289671796602,0.0880502544538778,0.206316389950044
0.153718428005201,0.18400192311214,0.12127674010181,0.181064153392057,0.111009860021604
0.231927114704124,0.100825477741193,0.207140665523559,0.210106694718239,0.089212001795539
0.117606173571563,0.127682140296416,0.108768304630379,0.0758748492847027,0.0890551403267194
0.05672726578793,0.143090200032385,0.120967806716224,0.194465382352875,0.142581262194334
0.228327063266041,0.203995563052825,0.177366198057746,0.152473954158326,0.150474678061968
0.186974237608406,0.156559287761522,0.127467700983818,0.118595888841433,0.116000604158209
0.203709983467667,0.113492580847008,0.179150263912139,0.143646326305383,0.140679532426909
0.196735071669588,0.18505194289521,0.0738764326379811,0.0982966891566974,0.0984352814569142
0.160539957269295,0.164652734306652,0.135552215474038,0.117035415641718,0.12455514598377
0.138055652033113,0.0898540346188335,0.118931988767835,0.181105570032542,0.1353451549005
0.139813070804856,0.146343219702288,0.140251099258286,0.128269124743929,0.0812597822410012
0.137853549593673,0.131858048736429,0.104504191310152,0.0998288298085713,0.103862548826858
0.330749465949466,0.207065119611339,0.227331388754032,0.24688869562796,0.158306613140141
0.214356236646167,0.0870338609411295,0.138279490882757,0.129821572984197,0.0346996933437336
0.144856388844794,0.134163499103064,0.127822903754543,0.0814134948271002,0.149473024361363
0.227962815569132,0.184243726278916,0.201496542062518,0.16307846154439,0.135089070021233
0.114147401609994,0.109927835743972,0.181425370464071,0.112713278298909,0.0749869305201019
0.163262234894533,0.143321652856093,0.133871794142582,0.0955519828123712,0.153610876152022
0.198558347550927,0.138923196288445,0.0746676779265478,0.141631059952772,0.110123304210119
0.162607801809876,0.153487604498154,0.173819670328573,0.0880769007769037,0.147761784559803
0.168024486298611,0.110364960904514,0.259589909067339,0.135902070659771,0.127104868807211
0.204917980361642,0.146988134450436,0.169684541645596,0.111648403059565,0.131163207500064
0.19734068878846,0.194880586374326,0.177079319032495,0.15557809317044,0.176278217200126
0.217768212480438,0.162385206773069,0.234363228557777,0.200170951029577,0.144454012671037
0.205873896578178,0.208532481553408,0.200205612135427,0.138692649719514,0.181045622416064
0.127199737646642,0.147337941682473,0.118480344165174,0.107691891311362,0.0952495808073766
0.111319548155351,0.122746746470807,0.120407000856128,0.128868945250246,0.116516131996199
0.219999756617858,0.172526360658279,0.136571174297148,0.116663873949017,0.0879225577525738
0.211022159545881,0.202798160023406,0.153048688376703,0.155729772787182,0.197214753079554
0.157381148746905,0.180372328567985,0.140871720976173,0.108386915818804,0.139684841130747
0.215767802793374,0.208110188217459,0.0964185505673523,0.175151749156578,0.100952310455538
0.158410270551086,0.0811706050583734,0.183664867833398,0.109039533347637,0.140476577867455
0.156628779465996,0.0771241958731404,0.223901640062899,0.0962997231875617,0.104171181365174
0.250408272070465,0.13174377696433,0.137353655434915,0.0505016747400382,0.211045836307469
0.126897886149365,0.106126396609015,0.137602158018983,0.115935486402283,0.104185877241411
0.204112167906079,0.172798169537143,0.138920716983111,0.200386389189098,0.157214671805989
0.114611163758606,0.195359298981448,0.146343051769586,0.14257146435222,0.111629743449279
0.103968871284827,0.113813947032299,0.137054477137897,0.101102305730823,0.0944482718163609
0.137533753377864,0.146054630494119,0.146219576147669,0.127918522670516,0.141930799254948
0.179137090844175,0.159002762727939,0.21547443235976,0.118321156990071,0.123339538719928
0.146031476120726,0.12830010251606,0.152353643009251,0.104878899140196,0.105327718910868
0.28400366251789,0.152909011621381,0.137043665469738,0.133600419266673,0.0807440094838599
0.144517444231992,0.25314285656649,0.119512703497832,0.111175899446529,0.139860728564163
0.0905712690325608,0.105879172882123,0.172444089464934,0.107888084579703,0.100322629201361
0.195070113292228,0.138135262154729,0.232665504212063,0.168613334535878,0.183203621301912
0.147540206322241,0.0973176977103606,0.170195038708299,0.141597523787097,0.135601241912039
0.13988183517607,0.123708724725867,0.104727460661593,0.0958757115382973,0.0912090343147161
0.14636293806446,0.14041476148349,0.146147868156921,0.112179692529839,0.0558109164058589
0.0835244755912009,0.165007228686677,0.125517663110653,0.106603623794108,0.131724612099642
0.0736206370970572,0.0713266361258495,0.120730712071879,0.0660381342529555,0.116460755870376
0.230804552370381,0.236804037697091,0.230579143595768,0.224731689979595,0.149232588477169
0.103782155968116,0.147609189466321,0.118682681027757,0.114956927830915,0.147374743722741
0.170504322922468,0.149783574497724,0.194558414555301,0.204865695774515,0.10488257587298
0.116153297722335,0.0786135424606656,0.143963990358139,0.150977112478024,0.135668420977767
0.0945955245706337,0.181153589326195,0.138664566630158,0.135806238547411,0.140242025060789
0.103024691470366,0.140599980884261,0.15840350370738,0.118263464395063,0.189397787391793
0.164040162356604,0.0810583227381645,0.049607885517716,0.160083351484595,0.138018965768998
0.207457420050919,0.0901404179801847,0.15675064221397,0.0997610757767056,0.129880850924108
0.220536661618481,0.139387409483342,0.10311289387296,0.106737925631257,0.109220868106431
0.15763977807186,0.178116209533311,0.153736702808291,0.143540291049919,0.107494428644413
0.215209595093395,0.167902915331859,0.166264915618199,0.171462726957727,0.105576890440854
0.219086844394226,0.242204436318803,0.155152523441753,0.174318102009803,0.213616609899607
0.178404341046887,0.0765538887003381,0.144754318385781,0.0896046694072446,0.140232714900835
0.224785187517556,0.0961046483576989,0.160627846484042,0.0710129401564353,0.11892825431216
0.186380321033661,0.174728424064984,0.0620848653677952,0.193755863480023,0.118899957872524
0.122910902315273,0.128188676736498,0.102748246717,0.171735247994305,0.129201126420437
0.199810922894074,0.18755399287802,0.193836824742155,0.142533498899739,0.164371188250399
0.221148468386156,0.204467440972429,0.130617779151208,0.116237633960893,0.128046839810735
0.186651283772638,0.131540100195713,0.105245435808855,0.137305722044329,0.100929124389942
0.128229806064033,0.168886444534564,0.126166446607499,0.158482541032128,0.108693336950945
0.260933424485622,0.264616343563114,0.165049260428548,0.132847547845997,0.165660763597892
0.147629666168237,0.137172885656084,0.17900486291084,0.110916160301934,0.106876349541585
0.255874545326018,0.152789838990309,0.199675125653521,0.109968837929185,0.181981889777072
0.198435578147012,0.098798655377756,0.177150639697007,0.099137751320275,0.119395545519457
0.207181166372696,0.0845105423872219,0.180835329771237,0.11755290099342,0.0976857850450333
0.0959858791960219,0.123718604410983,0.172792414585972,0.105033590923433,0.0977405048711801
0.118726182442031,0.194182197429631,0.15127374790976,0.110257614214635,0.177818618498589
0.182428495284278,0.249141947528871,0.13400993608951,0.227044212305266,0.164195026277693
0.257669578606312,0.193225018750664,0.208697746204219,0.200599934918426,0.183683505094476
0.207424398198277,0.17949194497252,0.207756516392769,0.229992449761906,0.158022853012526
0.193288035298111,0.184263462168522,0.147216792201484,0.0586539291805691,0.157325527896488
0.190492317711354,0.257499443791655,0.158590217167352,0.149313124000223,0.172290890567807
0.152367104225448,0.111870363051338,0.190950796813548,0.122351335007384,0.198282947047524
0.190588680277656,0.17722348038554,0.110714780821559,0.134243000102315,0.134366647661588
0.233015554084292,0.210686539134224,0.224458849765585,0.132479498712129,0.159033707668063
0.0964233499231561,0.114244117942781,0.152072386443233,0.153724722489895,0.125702463606271
0.179850592897828,0.194668009268639,0.154807207048659,0.0855327922464741,0.146929737254781
0.153430571448321,0.203637331241207,0.145334571298991,0.107530245141205,0.125435544361349
0.261806452132495,0.190034264071545,0.187424392594209,0.180534817317695,0.170178334530046
0.241370258998542,0.215848282817755,0.161288234692673,0.213847660461845,0.151100144753168
0.19169891765486,0.200288600683171,0.158990390257934,0.119220326935957,0.153647765605475
0.203052475655411,0.223436455302534,0.15464716868765,0.115355101852948,0.0858719264694507
0.157833108709575,0.162074862690535,0.153030557960311,0.129714692889816,0.132257914249753
0.180522432707046,0.192580721644363,0.176410723726629,0.175661757959901,0.164291991769092
0.210529141857272,0.0927299869064273,0.158867191891428,0.187901782842997,0.145933963230829
0.167127054907738,0.0498575029615466,0.109872240310623,0.131427465531365,0.167596726909353
0.133387861285957,0.13185345741533,0.112986386540921,0.109485875036571,0.122641401048334
0.102569385390611,0.0805428722404422,0.0858221914253173,0.112131275759598,0.069196658829386
0.0941081931218671,0.072984548303436,0.0816169208348015,0.124668677541121,0.174301862294416
0.195830332107652,0.133069365583587,0.201265604694163,0.0997220024860651,0.111218797635193
0.213080200963214,0.167023693758378,0.251950810103035,0.145319198323528,0.206016875244704
0.109736157723588,0.136442744929992,0.132935042032409,0.11948980988927,0.120083087427051
0.176630338328342,0.140655950780329,0.137583458185503,0.0967163274229017,0.141677620821132
0.13101117900038,0.144564294014809,0.116222438760942,0.136840371015873,0.135843805377974
0.17391974688548,0.116046005328671,0.109456266364758,0.170234232159165,0.177707221944575
0.237689089634556,0.135404829788523,0.145490427893991,0.0978722710790726,0.102370822822946
0.105328933307862,0.171618714772307,0.192878550786472,0.134145296256285,0.131785656492461
0.23691262774105,0.135750506553281,0.138049322693754,0.0815943230910482,0.103574230147609
0.154815202601474,0.149086778865379,0.118101134943669,0.113915283622382,0.140648004250019
0.14934478846541,0.110281219701085,0.12441731970887,0.0593748910374727,0.147244999615636
0.15635373675725,0.228102116060111,0.130543204867006,0.133518941167278,0.108043580562277
0.167543579905192,0.16420629008677,0.20023728307724,0.106565961920078,0.192059503990866
0.13111077670724,0.144476981356466,0.138408887377885,0.105911205985925,0.128646411228272
0.164184839676074,0.143372175922202,0.167032429800489,0.100805002822604,0.122078179224159
0.169204721592621,0.11870674239752,0.196929420408995,0.154886890213402,0.125698252232521
0.222799879290357,0.1707119670096,0.206566353285551,0.171522542426673,0.132927160862472
0.205045860274681,0.115084803162259,0.173417503368478,0.151090278930362,0.10004323748282
0.189803774175218,0.216611737233405,0.187035739692565,0.148146437082303,0.141930720944967
0.0823313974926518,0.091684516244127,0.187665012286315,0.106626986663518,0.0834068626038831
0.17163451863969,0.168553697974157,0.125755258777048,0.126685024730782,0.191035948640627
0.159837153922556,0.122331929100051,0.164121894852941,0.125615037918277,0.0770930375789696
0.143096415082141,0.189907723373969,0.133909965205386,0.102572842051651,0.0862296854706356
0.184321225074146,0.126050345401933,0.109457497036935,0.121179630048247,0.131911669847413
0.150638807825445,0.263103027607894,0.157000273908111,0.236231988977432,0.187275856386053
0.17510810575073,0.136154782205854,0.190418509755714,0.146133235346329,0.0832074250271693
0.100031631676926,0.154475196339448,0.135439140901989,0.110702573074494,0.164170722770974
0.154356136216373,0.144951964554013,0.140185281557107,0.132532930907461,0.161873809313374
0.241351536352879,0.160579980171205,0.179362348792559,0.205987087509886,0.187568732872273
0.123311952420973,0.0403566761732651,0.0968708409946814,0.134033287584998,0.158931347063534
0.0680656801322309,0.119323694198955,0.149391955027302,0.0773966892701276,0.0593882588181526
0.218324063358179,0.16784405683108,0.0921800880984522,0.108791090171628,0.180683842328291
0.216839294154046,0.208942495596881,0.156092449258783,0.153762159966468,0.182797669506205
0.159335663630126,0.222089680143769,0.263274868263075,0.0742690156196336,0.189772883306085
0.135280575474496,0.109139485076429,0.126453520236167,0.0581576391117229,0.0991945245016548
0.216205347340961,0.106489287063746,0.151098205399615,0.0854165649314576,0.104077830692605
0.0986693774239018,0.128261626891312,0.147539940051334,0.118008404398837,0.120522373856189
0.169361352969832,0.191622780526591,0.235064376699583,0.0241338385554048,0.099679588737835
0.178217977726233,0.106310559817124,0.123645395011146,0.183247714538318,0.162387050901431
0.174701891105419,0.216210282901529,0.138555539716334,0.106450943497299,0.123491608453486
0.131354523753643,0.157198452604287,0.114516524307492,0.0923118432970732,0.163892281986438
0.205261235949213,0.179822555634977,0.163315559568548,0.125390409004225,0.119136782245663
0.23260590681986,0.191165883131764,0.19001674594333,0.0968464061179796,0.183187751163222
0.236483698445148,0.217859870867347,0.147696882775301,0.21249216875675,0.176332923057089
0.237370531722217,0.215400476308239,0.248174352213088,0.195087193552671,0.23254074509158
0.183520260085167,0.0866660468431536,0.104801170788713,0.113085260388949,0.141139135438912
0.215836282095735,0.185755631703026,0.180696097734706,0.20403383833864,0.145505513648044
0.158631067029366,0.0846446477419199,0.203100623466796,0.130273744574895,0.109806137413411
0.187168410399163,0.167657020454314,0.0874950310968056,0.142175721190382,0.260217474064194
0.137142876213336,0.0872518330854347,0.146384573350656,0.126845821237584,0.102151035458102
0.184219304995663,0.193943805937511,0.149296928282587,0.0414432297888617,0.162135247813422
0.194494012241678,0.180159314153272,0.110361362986198,0.111449663620588,0.113390349579962
0.22201151615583,0.174600991840174,0.1372407849578,0.129308596970583,0.189705755350442
0.16985308828724,0.230580747592628,0.168148797104736,0.139189613082939,0.149505915360711
0.175875542255233,0.236586582589086,0.0958481309642666,0.160862317743555,0.165541284933141
0.207837793856432,0.205374497549859,0.166039209666968,0.124224970069111,0.149362164909119
0.109018491832013,0.173250231333096,0.184291238229049,0.160585688608802,0.172413305728543
0.205517098952533,0.148154869756315,0.157657309801434,0.150434243717654,0.0721064046436272
0.156496620767839,0.14979919658702,0.12480291371305,0.120494382857296,0.128444317237064
0.201375813858021,0.158971389242437,0.1800469596466,0.137562998617703,0.157105607207721
0.204491586081827,0.198445087588407,0.216063616098455,0.227053812791816,0.188599321829511
0.0917643098011868,0.144194673324718,0.130987179826989,0.114891115959781,0.0695839139632169
0.192161149894679,0.265348781037725,0.131054715974053,0.161959972374212,0.18280862907551
0.228744760090101,0.146845860236458,0.167620949232517,0.158935685090063,0.159350121402673
0.148881403266948,0.234848468350363,0.179961781883828,0.182387332240998,0.173150946062592
0.174511137808529,0.146401568692138,0.12177968725232,0.160681199567758,0.14073327918465
0.16817236084845,0.172729104472368,0.158830586587541,0.135219565523883,0.130010460919265
0.244010897951794,0.169288113797468,0.156311957849698,0.132297381574511,0.13391289577187
0.160025342531437,0.14034875448587,0.170555039795751,0.175315462595384,0.102831229852723
0.148418924523826,0.0625022839802202,0.0498399210857779,0.0461741454594285,0.114103831335455
0.144929257237129,0.128778635888421,0.158354479431205,0.119005448825433,0.118047814580892
0.187964030725423,0.179179366671143,0.157058290178355,0.181757303381296,0.111100060269087
0.18715564654037,0.170507645046267,0.169856686431057,0.136569950156035,0.120063543132513
0.170826222092127,0.0888629721857628,0.126157413270568,0.0895202680553644,0.073990865838066
0.127686118159361,0.122549384730574,0.189753184036625,0.105937017829113,0.131267961873509
0.125204384184161,0.167088138351019,0.137635469880178,0.107201393956952,0.180219895143691
0.175907420201471,0.161301469736156,0.151404591032025,0.118347989878118,0.09082792279121
0.1399501723802,0.141553500297192,0.163494568650751,0.0766271164078394,0.122057945828859
0.218527778164591,0.0743348320185793,0.133196979050227,0.11710416059838,0.12135845644269
0.147768179216365,0.116611294291426,0.12032212527711,0.0742440397372557,0.102487982384991
0.167670866925006,0.18795915245502,0.127610075055289,0.112182509488796,0.164097592440036
0.165445825338847,0.220613239258616,0.15231457780121,0.119663365517764,0.135619610991866
0.159339181939066,0.200177698214401,0.124247419631255,0.121316402620572,0.0972448951998565
0.214491011214351,0.237273726599069,0.117881306955285,0.144450867585487,0.138783329255999
0.185948156905952,0.137423020859439,0.143438249786249,0.131348593957167,0.125120881720585
0.107459105868484,0.124980867067503,0.190985074370714,0.106735605879726,0.0407479741626583
0.123625058731261,0.165960205344488,0.248472061640599,0.0859469645894951,0.10115349250903
0.153178507649937,0.220460789166211,0.195965506020487,0.111505876143326,0.141516638217629
0.160013120045965,0.151202167817698,0.11098379090601,0.103462027590208,0.0562519253132516
0.208828694382812,0.171803841490467,0.224125497660252,0.128521599595255,0.168187172393025
0.126470133255423,0.117901590351936,0.160752891708095,0.140492989984498,0.100018690800009
0.154538956333069,0.240854423254374,0.0989390798574341,0.152793487037155,0.11012221186715
0.248641001127006,0.184613646186253,0.154452085116853,0.134083728816449,0.162405930086481
0.113241792054436,0.0896775356377376,0.135274278302196,0.0871153436109333,0.101190483303274
0.170513077406483,0.136084185317285,0.160538536972435,0.0825962887649056,0.202293623651238
0.0959353056117729,0.170495724696185,0.0901383176644536,0.120505385931017,0.145360425020055
0.180335461917595,0.202517268632432,0.190054996738957,0.184493860373106,0.151534517347297
0.205206641136703,0.29151132861086,0.204222101312325,0.123473423272942,0.115877680244887
0.192864817520062,0.188183355239325,0.144323520017002,0.11645525549951,0.111117943077714
0.161110580723491,0.191755563254469,0.154894894199579,0.17774526203573,0.137009497826417
0.162097228904042,0.151805952049668,0.13892179103931,0.133494444177362,0.0841040831444973
0.117089165160042,0.0292152566729045,0.14321446745219,0.117573762562337,0.0827316601806437
0.206610295635448,0.0751991982351312,0.13152759872861,0.101048162892504,0.110758340165609
0.209101380655867,0.157765657086537,0.125940637194116,0.0995094010159752,0.0863754953729595
0.206309848886164,0.205248783348883,0.143842445964232,0.0838978359790168,0.194320387435656
0.24425631261492,0.317916397824041,0.195432671714508,0.147024420707263,0.180033204948717
0.198348373985262,0.117702565702764,0.167797200963891,0.172308143258859,0.100167340696279
0.14748229611986,0.0991867288896364,0.0906223687814981,0.0848930680552714,0.109671558963945
0.185169515975784,0.119009664715895,0.163893323362786,0.176449738970564,0.104722492403266
0.148592952342287,0.186905940281235,0.146209389872761,0.181160523866646,0.110343724807716
0.248394801564727,0.16801134010143,0.177068310522835,0.150915056874099,0.134130081870958
0.14591156629384,0.181449086604354,0.144731264717744,0.136675617489308,0.120437084566221
0.0899007989065003,0.175483812792152,0.0510845234639243,0.107572908844191,0.0951379860561943
0.217948601161746,0.112091987084054,0.109292276953167,0.136147126001535,0.155791443014587
0.105701774797892,0.161714662645935,0.114279649280997,0.101653234995228,0.119329393378459
0.21041589493037,0.127213430874274,0.181531926029997,0.109501723036975,0.158441629103036
0.182877893060175,0.0909139767846979,0.155144344797356,0.0904821491137092,0.0619224254881724
0.179353400250514,0.157713786385425,0.154610259605239,0.134099560612294,0.11490138952843
0.187092791534881,0.187775997344408,0.0943207990197939,0.0905674840207527,0.136762494173025
0.233208289235342,0.177151881612621,0.201214020050941,0.258801910666486,0.186269138852567
0.173931318776934,0.119392111192502,0.125795984687212,0.0486305969970522,0.0441822264576848
0.21447226090409,0.216207690051423,0.249183197775372,0.113350493440228,0.206105421564334
0.15642511304369,0.152682404888289,0.142516109648887,0.104797800177243,0.157555355938414
0.153961749612105,0.158862153459024,0.141352099189752,0.11944752399941,0.158610746660752
0.141327814379436,0.205353494441996,0.177999511644869,0.150653540431907,0.243783177426854
0.139528211806107,0.124173171558953,0.122320201383229,0.135796916976923,0.122484242038272
0.121602413513589,0.129118682163218,0.119326232695784,0.099995568564442,0.146595359106614
0.210452512644666,0.186721422502877,0.134362105413016,0.16770293102654,0.110650951402464
0.200666707812071,0.177871312460453,0.130554516562722,0.20267739832096,0.167514494810424
0.241543108924507,0.2115821828185,0.134942352635815,0.141722368970871,0.148630360563358
0.242387439276947,0.174491277779975,0.133309794822013,0.127940441999378,0.070207385768632
0.186275009091837,0.156322312050597,0.156977948527269,0.0983249498342663,0.130392733680275
0.125037275670672,0.140102510909305,0.100630350593043,0.133627580002859,0.117253406768205
0.144626427210421,0.139306665895462,0.158852565288118,0.0979418838305257,0.0787160625789626
0.204133545006742,0.189971936967365,0.0935080116343363,0.190605120913143,0.138938261544976
0.179171256639808,0.134097332373157,0.242897462367834,0.183903237530304,0.152713664509002
0.14362532948408,0.137620548463501,0.136994831427809,0.03931153034194,0.0886372348471322
0.309469077397894,0.172892696996048,0.158517859977953,0.0922608659210132,0.144769654897479
0.194615638860394,0.161380984908306,0.129817277592619,0.145259588447148,0.120659760824237
0.158248910819806,0.115566782326333,0.130717206047354,0.0943353040771478,0.170341883271814
0.201529828451435,0.190105308711373,0.201492172788174,0.202267048920899,0.169885996095138
0.221243715281279,0.135302961744972,0.219030435124321,0.125958231489133,0.204468498946238
0.222172095092683,0.220544317472224,0.200530940640117,0.171054383305366,0.201291601950619
0.191950558578164,0.179830073692125,0.199193592026633,0.107444640215281,0.101799843213607
0.212934589315228,0.185804536737411,0.209850738572404,0.116710174255819,0.0951349143841287
0.208549883539045,0.244843598926423,0.131569790311343,0.102555274390432,0.173688279305507
0.193956129133679,0.123345267300221,0.228340438055696,0.0952557633444111,0.102862331771113
0.158636095091272,0.144685617854249,0.185808215613242,0.116755407640664,0.25139379592269
0.154482385508052,0.187524173077359,0.216632157485178,0.104646862057267,0.162041842797827
0.153474865220205,0.19654436312389,0.169521743218002,0.102223673684239,0.148561348696803
0.161806808394747,0.15696782629108,0.153752226062871,0.118346655284156,0.112802230063947
0.139021033374433,0.200197703040958,0.13416165138013,0.125716126603422,0.147224816430847
0.192426814503735,0.101569111409143,0.165229723948472,0.135474687164514,0.1069471501051
0.126907935540087,0.122670766001538,0.117854464435953,0.103074047267088,0.0876346321900956
0.287903697630599,0.212992924150573,0.0910995411686769,0.177316137107949,0.150019196940846
0.168684962193843,0.167739559536794,0.151447709132517,0.176253720824702,0.122087377830691
0.162734485951267,0.248821929155027,0.190137000266865,0.115866867123888,0.109655674955491
0.153897115931317,0.156800666677763,0.17885679740688,0.140950481509207,0.118950076630649
0.200602033558788,0.163869033386926,0.159039650219878,0.190416745190948,0.331888033364858
0.156050173974637,0.108471331221243,0.115847975236938,0.0904954497816141,0.0453946952429124
0.141404317826074,0.21528046992488,0.108218887470692,0.15814107081159,0.0829314565430017
0.113663461839975,0.0992626065193838,0.0629084441153202,0.115218948876777,0.149885923641497
0.136324443548838,0.111230479006296,0.116188852379982,0.138500700072043,0.126155862804189
0.269081615167658,0.194256489568192,0.198680162586723,0.22327570763604,0.13645985872858
0.166088131986591,0.126800201302235,0.158891419457624,0.144911773454606,0.171736901746623
0.173653543310131,0.0943137393558422,0.180728626743463,0.098946609045822,0.214128844362657
0.118739680673001,0.1815278989321,0.159403726715371,0.167021600060146,0.161674933656592
0.133197134673481,0.20446268905045,0.159028663040368,0.0875384358697946,0.152484574726157
0.219765976262939,0.0347550576954271,0.136534220212561,0.164524018550754,0.151852275065635
0.168067739504474,0.159622192548439,0.151190583275959,0.0874467189451134,0.128954842631241
0.225057032141621,0.104260710517732,0.164155371511728,0.193722050454877,0.144407141912553
0.185034076090634,0.166864821947057,0.130388142672133,0.14853589842881,0.0992608609410733
0.199928763272081,0.220547071932588,0.22638968574326,0.145281408831654,0.169850334241138
0.129899911885631,0.0827249335104289,0.12280526004421,0.10087162192862,0.0900027727461131
0.221665985909548,0.159944862479101,0.118308978059951,0.115804708848493,0.104384701719328
0.162703361564525,0.126868011603586,0.113496425713616,0.134780600995466,0.123151440221029
0.141923406502813,0.145101852253464,0.0745976429453921,0.167791473471653,0.139553450146087
0.210990438104037,0.130013579177903,0.214914038426502,0.147458916674289,0.0922592162727204
0.263012447883838,0.175025819659204,0.15783430084575,0.160001535664721,0.116932401368071
0.165839991287025,0.0522171879312091,0.137076985834451,0.0952324438437528,0.128092969634841
0.219346336621586,0.168201408175103,0.130539091762483,0.159670698205466,0.172609561252431
0.116157040841256,0.107533946445774,0.134542054918536,0.138128274440073,0.130964218258524
0.15351304563417,0.194571312167992,0.162423099239718,0.146461254135427,0.141726013056379
0.198681735820625,0.202287989559886,0.207949343659798,0.111697259291615,0.168114545401206
0.201222220642136,0.208711017204163,0.158485627457785,0.197880593457081,0.173897002794947
0.174069831917086,0.108146245030622,0.117658061061568,0.0583404760165839,0.114168729275759
0.0944677574792232,0.118371519642962,0.13605569260873,0.119563425075452,0.124841402657144
0.173178806940706,0.0577459619057188,0.145007982041467,0.113386931108863,0.158720556266265
0.128096054950754,0.0856408008235537,0.169620465553856,0.132385795437686,0.138346377693533
0.196636201545143,0.0822283231848898,0.127792780838256,0.110484780578932,0.143762826106706
0.198891443187362,0.162038541046264,0.169672376245971,0.110248159461367,0.147052123345064
0.267263179603279,0.167864306117228,0.17513338516897,0.171381224602146,0.206198211116811
0.165759956649261,0.12201815818139,0.17870958648173,0.152902652265537,0.149880007919482
0.138322938812629,0.120047399966577,0.190293566505661,0.0967025218951785,0.0913065413090155
0.141251274925079,0.114464252430065,0.0609759713761146,0.119677513144736,0.143387319102742
0.199719155345661,0.215009821909371,0.26717469681345,0.166149626259082,0.243628110957778
0.230093877409354,0.218603859185001,0.204824603991311,0.0884845552912457,0.137461987078082
0.237022080603362,0.184010267157973,0.149420149893262,0.0826017260938331,0.135751378294696
0.14506243420468,0.221320965339466,0.185829991461241,0.179989154678467,0.156527192474289
0.189980178735334,0.195623199261639,0.231165848998452,0.0937696080128465,0.207331144717807
0.219378178066438,0.0810009807834616,0.122347311316945,0.121392964123815,0.180904129147648
0.232842995051348,0.0894320019405358,0.182197819370506,0.100608513004545,0.184577663795086
0.0720773659008311,0.141029479032937,0.20285435919252,0.102766534665043,0.111258107531452
0.156511192743572,0.177870047084042,0.12350784140769,0.0738304406636546,0.0753964091464977
0.196345937668054,0.146974086606187,0.110235745151507,0.137844094389196,0.110428820764332
0.199582688196596,0.168181512512696,0.186869667646708,0.146294876751559,0.143640191721565
0.173350062464296,0.0825213817378133,0.180493421189288,0.121663659387552,0.120420083991285
0.218926533677596,0.163465299766816,0.142987854803521,0.127588277389005,0.126430436774733
0.143426479955985,0.180742313971724,0.251294301876164,0.131700051788194,0.134576369718566
0.171673520356019,0.159077040382141,0.0686148865325434,0.0805565186030009,0.14258732965834
0.173402090012706,0.168735293655365,0.136261971333692,0.148545869962747,0.167057885896275
0.138666110790039,0.151350216165205,0.168325317426947,0.151740270269768,0.128606624230671
0.108764462740983,0.135788747983435,0.157528192618543,0.116245350806838,0.133706236697215
0.155437957815758,0.172992981344761,0.133970297004507,0.106999855549715,0.119329518155188
0.22193885902506,0.130584278457398,0.130178312581871,0.180116071134003,0.041093275857918
0.15985703755511,0.174781295168064,0.145051304543231,0.151505106578514,0.120550836303677
0.151519548128148,0.141303413078203,0.128178170600172,0.109303533772168,0.150327915574883
0.116812496088566,0.106912332933036,0.180303265104765,0.153447604465881,0.114777230012395
0.22537238322594,0.218695355982555,0.21260716638463,0.222212907001198,0.215371498133255
0.177305186953158,0.152108466743977,0.205336472071556,0.277028921515425,0.158665432562035
0.159923706516617,0.100735656769867,0.114472841246029,0.108829652733295,0.141060401511145
0.277423586059216,0.241676239116719,0.22228966169473,0.151235368175234,0.223545144047411
0.125055346416259,0.0962754874912326,0.0996243995625943,0.0964119188282018,0.131204995341125
0.167730944626874,0.152119482901253,0.193636581494489,0.117986664132338,0.106763305627172
0.165528872165319,0.163013272532643,0.126795525548087,0.140141488641235,0.183294730997895
0.181927230556059,0.144647819341293,0.102588085747177,0.0993800055887704,0.18702284643249
0.140665450950908,0.143646786969338,0.166722339549124,0.12899761455131,0.11164261529927
0.152528612370758,0.184076452938488,0.239285924372259,0.150711023921166,0.17479535717578
0.138684623437369,0.127401217183747,0.129393392061201,0.153878005603742,0.119947503443279
0.222839742145504,0.133163719371043,0.166799274415059,0.13328757469545,0.134156390042753
0.181852893427257,0.150223539513119,0.211903471600869,0.15535998794729,0.0405981581193323
0.214072659049888,0.178764602286501,0.173370728451862,0.107901128825467,0.226433263310803
0.167714263188161,0.0980828041438007,0.120876335576093,0.107960764782967,0.127418999410964
0.230458035037092,0.13011133161119,0.109445382360553,0.0906506270880726,0.109789035525133
0.181937568226573,0.140021113493629,0.146954899882071,0.141749800703253,0.200134469790122
0.174293950205947,0.147167991995143,0.211957264026532,0.133436130082788,0.107295678918888
0.1366412732028,0.102820799123153,0.128840834108893,0.0865524371937237,0.189329474588494
0.14772579272717,0.151887506840752,0.135602857603211,0.123710419403901,0.135477258556736
0.171806596392367,0.145534353437111,0.139416907239067,0.106020757438425,0.209765321038546
0.187722628574402,0.118717284569605,0.114912165627148,0.113082047208259,0.145503855417707
0.085000272689856,0.112839575770145,0.126285358916763,0.115500814935353,0.0973746010654877
0.186823090996115,0.114322428638228,0.146530260929469,0.101922115013936,0.129380174993159
0.10485337536367,0.122722818668541,0.135237488015527,0.11784713731642,0.23100065860693
0.154560545003157,0.113137498667594,0.162878184332016,0.114447489495875,0.125075385230177
0.246629443250122,0.183217572596817,0.218550216479006,0.13704989543576,0.188586352857893
0.193666957069153,0.140038211668248,0.220010211053581,0.12645290611255,0.169315859483511
0.139797955843134,0.14948387289733,0.120433114170578,0.0757247166988618,0.120608611247982
0.163047968141211,0.239048252799285,0.108370552271286,0.240683954723357,0.176264487726277
0.231618133083487,0.188281444750241,0.172809393321942,0.207525781210516,0.147556299251033
0.0854553069625527,0.105430363048935,0.122797895578701,0.106415819905422,0.117824146454605
0.22290254346363,0.160590840049959,0.20678382836742,0.131716447571704,0.221479845394645
0.253450045765321,0.162655650618066,0.112001650197491,0.114245360085801,0.106112331041153
0.187536948092174,0.151827942022563,0.115155663188423,0.186710274166288,0.124636911189184
0.250875562470624,0.135770340131456,0.174384447149775,0.114058098540178,0.135124721942901
0.151491483160533,0.231404322683012,0.0944205060939382,0.109890212738749,0.153424223255895
0.145191091975996,0.184429931170754,0.126977370690906,0.053158913394409,0.187977601883154
0.115633921471885,0.175987407098548,0.136005553662505,0.109633051335246,0.0893232876666717
0.164328421964235,0.148682368150982,0.181923210178411,0.160719258242617,0.160710521998814
0.182889880048651,0.157170356002114,0.164351915121004,0.143325203168434,0.14397479986549
0.233539796700751,0.12456778373689,0.146376655574321,0.104156932225228,0.158827198791802
0.222325956814016,0.182703560831993,0.120523430343528,0.158927500351503,0.175863848087163
0.193180535542087,0.124707686051627,0.140683232145246,0.110447056548113,0.196181938397889
0.132226468101506,0.135631322797122,0.192221903168671,0.0526284707235904,0.132444779076556
0.152465239821588,0.020131238721394,0.173849792864454,0.103038151341327,0.0960095061042182
0.150393780530614,0.136803919241919,0.118370799267993,0.0872481734043082,0.135563889497162
0.185841885326721,0.197586051711153,0.172353224126948,0.117097488717415,0.152241512797842
0.178181748000908,0.133040458265787,0.158501444436038,0.119153002404295,0.150552526980567
0.141494940993843,0.0789301553950304,0.125942335345682,0.12971807364985,0.109656662425617
0.110245586811356,0.0877503769862923,0.130626488393829,0.0647552515234035,0.153720596504602
0.115255789759647,0.118674830419764,0.156327076205895,0.137648766176569,0.126423290289691
0.210516096397647,0.276760388348974,0.151131725534828,0.140556801185342,0.0868556859143237
0.169876534380675,0.146928681400931,0.127487437540444,0.110837217891237,0.0933685770989486
0.217983684841062,0.17310950436901,0.202821183406277,0.112274642145397,0.143777852679292
0.239888048073725,0.237609832385129,0.178078641525867,0.167399962466227,0.168832099231281
0.193951622356496,0.119882519165215,0.147690304652321,0.113242950362119,0.116249427639001
0.283211420647424,0.171908921078259,0.204819101387875,0.193342104150414,0.241128383238191
0.202622665967413,0.110744373954982,0.170485978958869,0.100697923137515,0.132176426079317
0.207668664226648,0.174240155901897,0.169555526506557,0.155409628528162,0.141677600776117
0.240157763624435,0.122514234841078,0.160801419838648,0.180227844325267,0.231189115196791
0.218288290959491,0.156584113487718,0.207770414039182,0.130842642637497,0.168865408949089
0.144243503939378,0.118574166113941,0.160010719520469,0.151550787712832,0.117701984223129
0.109467769459065,0.114524340831992,0.107238718834227,0.114628848883474,0.135106593332842
0.110157144439317,0.0500456946694756,0.134770529055828,0.07713668398993,0.117734727932793
0.190264990731764,0.142567676152584,0.166424052249326,0.126084721809948,0.153525378351012
0.174702322479974,0.0878469604479599,0.166734738311229,0.103023414305727,0.129552227145022
0.20835072250987,0.2345402601942,0.198244795911413,0.194098667673601,0.150434961137738
0.147038957306316,0.140472665915439,0.149744347721973,0.148914319164058,0.112980368736332
0.162105998618839,0.13448452915517,0.160430115299733,0.14236742850567,0.196918625201367
0.193442054569754,0.171581559164212,0.0964430971131986,0.0908963320298012,0.101649499666255
0.154207020169129,0.229935363738545,0.109862469167881,0.129217347592551,0.141866624043808
0.153766747249955,0.141719979969857,0.158306753521712,0.0942231854186487,0.116379096478074
0.120750375760448,0.177103826094538,0.175941082585136,0.203618833452818,0.136341065862349
0.181007073896403,0.127351994533817,0.207217555075572,0.10258617473724,0.151673648014628
0.140926382786169,0.115409992319569,0.208954428159906,0.106599890006428,0.0900765605058804
0.301606355050341,0.181877887662337,0.169918579218305,0.102032093742582,0.13303850749926
0.22399438245302,0.167302150592304,0.177232143373525,0.0903105153286932,0.155701360915984
0.179595162811937,0.164429347907376,0.103135181421515,0.129584587976857,0.150983492302814
0.180511397182955,0.186554506259006,0.186642236725988,0.140990750459895,0.175393435600687
0.194795318129941,0.16645883283402,0.209617450325985,0.14796441028414,0.104174663775951
0.177176622620423,0.127066412891349,0.128863722832512,0.0521548091613001,0.111233710518174
0.138913510126849,0.106968535369431,0.170980974607315,0.0992532669168616,0.118291022410492
0.205881971297609,0.192071934722929,0.16795425852666,0.102196244727846,0.162538598751258
0.190214858690074,0.168502050198093,0.177364161199479,0.194461638883458,0.123593266882144
0.180402865897809,0.158471647239681,0.175706036889492,0.161854108026561,0.146707897402844
0.16336446100827,0.143996681163196,0.115036314793184,0.10255901077609,0.157840002843427
0.155864121950359,0.204050090813616,0.151396570678612,0.149790688869316,0.155769755354313
0.0891893758332453,0.209756841205554,0.173652455276026,0.10703102378177,0.0916553680783167
0.16256312771277,0.215148318947915,0.182088926674101,0.154107655362997,0.124697296628919
0.225487316346595,0.175224140273726,0.140653172192752,0.100501758103973,0.122597917363026
0.143698391575532,0.223757115829714,0.179738071873427,0.106010825281778,0.0969396115320243
0.123399854413516,0.215663709370042,0.196966627793366,0.215520338693202,0.159232960481272
0.176446075556071,0.139063495798576,0.160739400660312,0.0995979094613812,0.115185064371923
0.178018776002037,0.155340178071445,0.066783709457085,0.0862357041234783,0.137109323987666
0.129058097279089,0.1768056120527,0.264449240118738,0.189077062326692,0.114511941838358
0.17758444991613,0.161437898844213,0.169375005738442,0.0925163807117206,0.1261612401892
0.174768716419443,0.177391007492333,0.127321652944604,0.096549630445701,0.16077601587202
0.145606680549075,0.078735515334334,0.237075852504668,0.168625315077575,0.111041051126199
0.187263065901369,0.0871563501800397,0.110052721743082,0.0644530413363287,0.0575138876802638
0.185843617939553,0.202598284234728,0.193096967168756,0.208636082162973,0.239747905407771
0.205975234239723,0.191593545970849,0.235983032144061,0.144818836407629,0.205455180711874
0.168114943155039,0.123841387187803,0.198669351603683,0.0913147509373106,0.121038335090191
0.149203245943104,0.136040632714978,0.133717456468079,0.15277043718983,0.179362697574268
0.184551765637526,0.14572409222355,0.145953104962151,0.131787477724112,0.16844805610624
0.16555791426323,0.147746023685288,0.154835043600178,0.106509781088436,0.139526501143907
0.187898401771985,0.252173787854673,0.134554306317403,0.154289954288914,0.089966119241806
0.27299744068155,0.207607465320988,0.18462400209041,0.128018134256437,0.0700491969567478
0.101048757378468,0.166223834179507,0.175027460480618,0.129587952953772,0.146063090474632
0.149982125044179,0.17814468905748,0.151840767121746,0.0896127419739219,0.117236942899005
0.195597628802907,0.13759055002569,0.146563688253571,0.121713360848557,0.197797435749379
0.133424154725954,0.148526724847823,0.140403687027879,0.165789346583115,0.0951819918527303
0.171692911386437,0.154237698681993,0.119011833029576,0.112357747110926,0.0938243115815599
0.188604605195426,0.153961915441421,0.141863327565981,0.134342234731751,0.166285554925028
0.178042084962729,0.0975150397788382,0.107872285209118,0.0985835227026227,0.176869447297045
0.173978770931905,0.0702862663669237,0.158355858911237,0.107418530860619,0.159505153203288
0.187034355088628,0.152439256353604,0.167506831686417,0.123228322467794,0.167391939601769
0.165534258877025,0.136185502275294,0.123888652553396,0.107777451590771,0.202398380782857
0.124487872511605,0.045534707216133,0.122473886443358,0.113021073059121,0.11341398011161
0.0519954741643715,0.0471849382779221,0.152979744004018,0.0567245506933766,0.0843246329586315
0.199793952389795,0.18877234050268,0.177259179383875,0.170842801602488,0.187504507521571
0.228097680981141,0.228772321560324,0.176700602272753,0.144318551132527,0.242375287994446
0.17767560798316,0.146114453114888,0.156106921907378,0.13964398779464,0.1721364365957
0.164748306644906,0.125155598222905,0.0679497273413037,0.0804003342490355,0.141814730673654
0.246364605904737,0.154144272088591,0.20107017536142,0.121070950795119,0.216999246030543
0.196723535279127,0.194447968186784,0.152819308361242,0.168506266547741,0.146855762432481
0.249759810948829,0.0843866617657385,0.139396965861671,0.11654312334471,0.191193231050401
0.208896667747622,0.131767310926698,0.191569382170263,0.164381840522268,0.236840885049138
0.129867954595858,0.114843212178226,0.172560567544202,0.125750781748654,0.175485180036907
0.180976513368927,0.165012026359919,0.126214666236734,0.142700547691567,0.185431676168525
0.22637855255545,0.183249137539737,0.149868691966762,0.13565766058055,0.197352682289535
0.154745679815213,0.17675566821346,0.160324896530063,0.127775432643748,0.135119913328364
0.173933856996877,0.130038128657198,0.12742372541563,0.106011493373636,0.100366029465326
0.164350058730587,0.185944224375215,0.148005738257339,0.12093169947599,0.19205920084961
0.179999932609992,0.153038713804842,0.114365405307894,0.134088808168174,0.1333869899568
0.200083355326167,0.253610835944324,0.183504910187413,0.0973399385906678,0.113763663117325
0.221086606269815,0.227433287671818,0.234001602805995,0.12359297328417,0.208953030904105
0.21496905995037,0.129903010292355,0.13048174268557,0.112034463268394,0.143480755957805
0.06439065980543,0.118192892524404,0.168541845084855,0.114829403441715,0.0977020502477966
0.182844343126146,0.177663961688448,0.142589598657586,0.128862267144,0.146572079983747
0.197638599318478,0.181344504202533,0.190018383086949,0.180823085802464,0.155536128313185
0.191723553501975,0.160524408213188,0.148104984089056,0.144456628976277,0.165129867143451
0.0977956575551619,0.0907132319026943,0.140543453538993,0.118344758186356,0.196444554125918
0.231579122162047,0.157226226605247,0.199387261246998,0.275204400021728,0.311083659667154
0.122011012867942,0.105244089261543,0.182150407829357,0.082706320309881,0.122944917143545
0.111272151114324,0.145963819799731,0.13690535789223,0.109451136401463,0.116097982230471
0.171400036533945,0.128197612270231,0.124105498028888,0.1151387532714,0.121490383850857
0.164923720589205,0.159836087613975,0.176740902417882,0.218001281884616,0.152967986753417
0.138668119978637,0.0988462403609421,0.130187008986797,0.166409760407956,0.0816539321418573
0.156848265153913,0.133751120461794,0.145373128668086,0.102783454651558,0.157635926696978
0.139862824266045,0.0989113403773894,0.139951428213384,0.0497843069515567,0.111611461492762
0.228058414555767,0.198927075672074,0.190273407113836,0.134508703591502,0.125398182743457
0.230326460554964,0.228955838175593,0.194363955691643,0.176758882457949,0.134381939187223
0.152715050964789,0.0640555436703955,0.174875938989051,0.110355089106856,0.117553146121549
0.185561836201202,0.134871373350825,0.146376786934756,0.118167558420168,0.152478243950594
0.158131692311129,0.145518057346044,0.107234916918142,0.185274285205299,0.10634977323538
0.0641755479941619,0.0893991686607977,0.151866146961328,0.208177718911757,0.186791689205314
0.232949308887507,0.106069193700276,0.158764577022205,0.0908345167446616,0.155945434039235
0.109577704514683,0.122276693748427,0.118601847878159,0.157496845906072,0.084947152896375
0.158446704713496,0.120574298467656,0.14790125805031,0.0878232993919757,0.121197468627964
0.117869956844953,0.159285116862458,0.131976366978623,0.122242461305674,0.135310651946199
0.184839854191944,0.160684553423506,0.215687569861557,0.143822290851716,0.138491159353218
0.103026567930507,0.104813191176513,0.114411381230782,0.0919152720231129,0.108479926847011
0.149775347896908,0.113628457302884,0.152998957300005,0.083469483983195,0.136026631617874
0.138605986104687,0.0988637347099544,0.213064719867509,0.090188977598091,0.148431657094337
0.200395863752067,0.202690367195111,0.114692601558009,0.161042170844663,0.121250559661268
0.15109057634786,0.123677686166222,0.167353954607026,0.111344119307224,0.0457039299035571
0.104766568729311,0.1093121381185,0.129518158405288,0.127688039986399,0.116722702710891
0.187942520305191,0.147978618017931,0.185712889366628,0.158200084478512,0.109896338493067
0.221530675530623,0.179526438571153,0.210587562246923,0.162529661738197,0.217486778078834
0.118973219365041,0.0782122385634136,0.11744199041866,0.0371534880222123,0.0586856908034836
0.0988960122474187,0.14583918041594,0.105205093403828,0.132654347496789,0.133440263989591
0.282483354834204,0.126320280381884,0.226232737589488,0.229901265477834,0.131298203031381
0.147589684381158,0.146643294943846,0.0867515516183907,0.115694264959849,0.129857759535019
0.170819736039653,0.233547298423604,0.172904884236936,0.294264361858396,0.272402563261703
0.189408057646439,0.233568838487346,0.135318225541355,0.114539205143762,0.159775730789406
0.25463692739954,0.187353688032792,0.176827624717577,0.199049999770235,0.279245769562348
0.198904055489506,0.117512591565261,0.185206279153465,0.172489132121243,0.133965126068501
0.141108711271001,0.0982835597788116,0.136137057008007,0.115535631261735,0.137096819072137
0.253834788608777,0.156292710412383,0.23072229448585,0.145566331962501,0.122686274958102
0.141696188912402,0.163074485461065,0.213148671530028,0.116733830281644,0.166096453689048
0.130305391438435,0.163738537617759,0.163639888280465,0.144691402444148,0.109139877869399
0.168509405073122,0.151554017158329,0.209188620571656,0.19570549930813,0.140589523707432
0.244060283393111,0.199988643690224,0.1556141889822,0.200240027563999,0.216331637728021
0.138047171189704,0.0749232234435227,0.166354593356786,0.0976378713065822,0.102347645410383
0.173240469625387,0.157918426951129,0.133266939501732,0.183520762545983,0.144509410341114
0.242005796813359,0.112396210740348,0.171826246241013,0.144067572928492,0.141063010609091
0.13031776329915,0.172096130312792,0.190354900189147,0.131507505108826,0.0950366697447098
0.17601261567579,0.107899817684597,0.159824526908151,0.124277351968778,0.146731728930993
0.195247746985858,0.0937629192057583,0.127518987715713,0.152720463368054,0.122522336279964
0.203612945709581,0.183573771167204,0.0862605004037379,0.153847287619995,0.183211961495418
0.199462275209497,0.116106561873262,0.142761452987367,0.136403618492463,0.105684292333471
0.166970676311581,0.120788875398489,0.147515298376332,0.154779891750921,0.176593859007121
0.174302246807551,0.1924899254169,0.148025811365681,0.186733151373669,0.189035386099251
0.170765008963787,0.178304311580204,0.175214980500352,0.11584314651546,0.119266209005304
0.140826925801648,0.127831206978651,0.124538500335485,0.1020975247631,0.11512805535644
0.255424998567132,0.121865825926465,0.194147068651262,0.0932829152035915,0.150324343656936
0.140774090721604,0.166381749634474,0.130895214629526,0.161264941896125,0.105061090731911
0.125238832734612,0.120411845082796,0.0911880783881633,0.108808765037085,0.146177344718712
0.11083254244038,0.0367177372999595,0.158740699996211,0.123449406728472,0.0978703779573432
0.14047012554785,0.159513875899478,0.126319533961155,0.0785812262201148,0.143513624655102
0.161441928449579,0.124031384339544,0.132100414539301,0.0904371454757529,0.178261942462598
0.172926537960647,0.138508001261846,0.155885797908066,0.126887498820135,0.123143004048994
0.132998538402951,0.177941696244215,0.140259887592706,0.12798849319446,0.11046739930079
0.206696286834645,0.203388554483485,0.137016915054221,0.175516912022906,0.0931717277411753
0.266048442747622,0.214376414698908,0.208303621984914,0.225682066490739,0.182254823823385
0.198897195318376,0.217554394738482,0.173896851954542,0.121841443839356,0.145662198232879
0.217036262897941,0.173657633544937,0.172367448989602,0.217163271559084,0.174825138758561
0.118452442514633,0.140574662033455,0.195995304875861,0.15322310832266,0.175526199951984
0.175913457511102,0.173644617902474,0.145325847947922,0.141732960567415,0.130225358854216
0.221022333955188,0.150047836611081,0.140348230518337,0.176031330453384,0.125410349201139
0.0967311257488289,0.122390424524406,0.0710078693521896,0.0909410808315431,0.179083692065027
0.110015873685407,0.136029552741715,0.134417849883853,0.117349346478142,0.104350098727872
0.0953542760108376,0.124608607411297,0.114387635060511,0.130896490857916,0.165962922281498
0.18765258597203,0.170452206090881,0.145043601067207,0.140223311271401,0.135355120901898
0.149544211795473,0.191946355798555,0.15087224185072,0.106348315989084,0.108936756843474
0.214877913532808,0.156693989549772,0.165135491993813,0.192014729478903,0.154294793365756
0.200887802457188,0.106985345183816,0.142357171476418,0.168993914062248,0.125201158400808
0.161065933505391,0.198978831848723,0.138325676625788,0.135495714094296,0.156506391381477
0.168954418412668,0.136479421069416,0.179595847528623,0.1286232787819,0.127723435463958
0.190621401832175,0.197246325614107,0.129846882422753,0.0995057645689826,0.135668718694239
0.162665281017461,0.217631397194624,0.193420312479238,0.118589157137034,0.114739376433263
0.12891970505319,0.0948355889248847,0.188274273768829,0.0930494350835553,0.113771578968465
0.206016504548716,0.206983543013446,0.179074175107286,0.158640896501664,0.237205434030329
0.107614746287221,0.107707388634577,0.132378922698974,0.111964534414862,0.0968873609127624
0.200342507773853,0.163174302621305,0.160979451072361,0.127064731221052,0.0928864861784495
0.242081635084242,0.176533015536807,0.158096509163767,0.136506504196862,0.149619268709434
0.226041674788909,0.220085404279026,0.248325882890085,0.151791399258584,0.200168591267939
0.156046970513439,0.101088804023678,0.14996174890749,0.111254305281459,0.105375652493473
0.234938846784316,0.29002216735878,0.145562612835934,0.150595672564535,0.156923100623088
0.122644461639669,0.107349844463557,0.126517093900302,0.131958320827601,0.11009249624254
0.171533045613792,0.154669487972925,0.152858620502014,0.0778100290567286,0.169307461483257
0.0614445500932783,0.140694080430143,0.141378075926189,0.115035729621319,0.12862924196238
0.182118242207337,0.155992040862865,0.13910532562836,0.121038441290611,0.0772804709049635
0.160749503059122,0.1212040556963,0.13011604675458,0.115148145863448,0.116165481924875
0.201982519997533,0.169995264975704,0.0868133421968971,0.124466348326777,0.178634768248365
0.225627422706426,0.086450266328375,0.150323933133249,0.139140857597398,0.132033512126061
0.138871338654215,0.0789780420006151,0.143661854046648,0.122245306469966,0.14254806490872
0.141380971245741,0.166230916338735,0.200241335088924,0.10785762034551,0.0894395691017712
0.149582944137216,0.14383429311522,0.150300117108366,0.125595374284762,0.105091012618746
0.230475001409792,0.259041151175997,0.160792862897718,0.17913956590545,0.199698319488232
0.154903025903972,0.196750684354981,0.20267438055073,0.112769786541722,0.168230113870379
0.160005795503115,0.182999699010628,0.127112381924176,0.11406082401937,0.141004735245202
0.18890757141001,0.182155407604951,0.0974014158683577,0.118756191532188,0.132712768093427
0.168148559618258,0.143765258879235,0.181613970661906,0.121484823313482,0.146905007800017
0.205878154741305,0.128170889934331,0.144375140524748,0.165714600070144,0.0973894489634907
0.156558981831628,0.139957580055698,0.100123777432508,0.131958398877526,0.127401270386036
0.0962027608014891,0.108747491995208,0.175925099600645,0.0595456507540855,0.147784400188042
0.131476940142266,0.105861230555982,0.131767381161804,0.117846063447425,0.120148726693402
0.231027340401356,0.166091287093089,0.203397263173875,0.121521885288844,0.146556666642971
0.195776549801041,0.233495979013404,0.16258378045928,0.139908737598813,0.187168062514073
0.24705641699359,0.167774798389857,0.0737073560028061,0.106416656599783,0.137724954182422
0.201696653844973,0.165167468587237,0.164308675536439,0.0877825790253582,0.15769259991677
0.176384789174978,0.107991846749548,0.17525720663369,0.0969947653856179,0.110841225922158
0.121847420287412,0.143698162723298,0.150534719432428,0.161690343945791,0.0880057335795627
0.255124423189507,0.137128470401073,0.257335318086262,0.150664862420958,0.103767702901201
0.209585315750322,0.116972863543734,0.143216890250943,0.139210968304691,0.120516697068502
0.184644060610602,0.250849682955182,0.192211872186261,0.164855053162256,0.196307925854507
0.2430139851921,0.178987328064713,0.140643996110166,0.245700557001934,0.175753388554583
0.21582941815662,0.186566294361749,0.178797974008363,0.149328216644469,0.172711236753418
0.274990177140375,0.176423495850824,0.174065805104891,0.109044841704402,0.177429017534431
0.185254025693096,0.0648768446344712,0.145197129647822,0.0271670888636648,0.0766407411706013
0.149114866882405,0.0986184505032515,0.097545646036504,0.195284830859424,0.0723023284260634
0.154664055509887,0.14897711383963,0.118994611504126,0.0938637277161327,0.117829190598216
0.210289705271898,0.184705007559125,0.124267284445615,0.102793139439481,0.152174326316577
0.154194689023837,0.102157454583491,0.208300851685423,0.116289771007936,0.130316151609366
0.119409999387637,0.159920150419273,0.158718733983311,0.134458810713784,0.131764961147426
0.102667562994039,0.131076656817989,0.126030107556031,0.113930791655215,0.156692112079773
0.167281594304782,0.150257800683935,0.157384270683044,0.0979731251320693,0.180306862346631
0.190029962420994,0.0584067521538494,0.175651038621072,0.0928122594987873,0.130695460397826
0.186295717505584,0.173630140079806,0.192508889077335,0.178367726038329,0.135535260603454
0.187868466190317,0.208608065537556,0.202290949172588,0.229749009126388,0.128438323651784
0.177602214567365,0.132173970842938,0.0759711093710427,0.140360667764418,0.122501770114717
0.215271152619566,0.17973193135089,0.172227075356333,0.109113966252533,0.128363890356812
0.176033738132677,0.199260237784137,0.115549481780314,0.163899969536091,0.158287130493717
0.191161152589733,0.168778237434946,0.114969648022961,0.102451576580979,0.168365785328528
0.0865082214460985,0.175064117780572,0.171361342061185,0.112663376379761,0.129864588698602
0.187761024083283,0.216539016791725,0.244895955152111,0.108581310958741,0.115305038997732
0.24627223016831,0.137684343061441,0.13616283080497,0.121786768830468,0.175831941105988
0.23177585399072,0.12477660020668,0.133677432109443,0.0860538605265738,0.0716267560398172
0.0958579963964965,0.131809895449532,0.147787383448269,0.0826553369114978,0.119231140006602
0.158708029708971,0.151121799368722,0.198641298987979,0.105897446552971,0.136178946088553
0.157758256103432,0.159660541789902,0.075462054959629,0.0801359233286173,0.133117204325756
0.267263791401133,0.168774615965222,0.168569713862758,0.228026933597982,0.171602208630607
0.110318321858978,0.252725709588867,0.187324416967772,0.171909692993801,0.103978211600757
0.164097916920848,0.174499856156293,0.158384333786529,0.13811508760308,0.102826420923011
0.203348762015133,0.0753867329791718,0.187181354415034,0.059602593855788,0.168281726668857
0.232502464019491,0.251141696056198,0.21117338857093,0.177602771603377,0.187272646181852
0.200901739641737,0.12705317863848,0.146780507028264,0.100436194681255,0.0823140545738544
0.286012692528578,0.225602864738695,0.16384195984313,0.193966291443915,0.195775041025884
0.177900539846524,0.132647962660341,0.182809681731303,0.072376480481089,0.126001095555721
0.15279912329488,0.0874943264736607,0.141430975941147,0.0988176337977477,0.122734291206488
0.151803717282393,0.0932280771024543,0.116232052321172,0.118198815009891,0.14750126365237
0.160193511745946,0.131919487762949,0.115061319957232,0.125992272566967,0.147671774716836
0.0996228748450159,0.0842859049692559,0.147116879686166,0.123006611027017,0.129457126447776
0.176318288358074,0.118704993695543,0.152566109496649,0.12489837004805,0.100660144965699
0.12957913006919,0.137649591160753,0.118153547938512,0.118870542270655,0.106099293831906
0.138068463605817,0.10123902299506,0.148637575275653,0.170981294160202,0.114141220636511
0.122829770221686,0.099285858265317,0.18025504752073,0.201550734519841,0.108745047762061
0.189019535940497,0.251428543910544,0.151414254869894,0.106686950521126,0.140287643086581
0.204717076305466,0.175172538233281,0.177089174393351,0.170499301031181,0.229153867049037
0.215478228736455,0.173070608384744,0.234602899120445,0.166960114818326,0.180532965545168
0.191612605286154,0.142483046222093,0.155392260196599,0.07389907755614,0.0845672228024524
0.164339589785651,0.170938320883986,0.162617581163727,0.193720189872564,0.159357950427091
0.158747614915762,0.139444399847416,0.134897666029271,0.0919185645339869,0.176608906786682
0.142960820924978,0.118016040822304,0.219067098042913,0.101901391867703,0.14369827886934
0.311620889498125,0.190288827171153,0.206326941835511,0.227361408998076,0.206389458094498
0.21082267614141,0.211726744199887,0.133498133996154,0.179733596433258,0.195398634832421
0.185355056827826,0.113214244701634,0.171685151255203,0.160815366054396,0.0721445498638129
0.13953075713714,0.13723968076762,0.160470438934835,0.0887495528674916,0.0989494519923573
0.132258567989719,0.125997487715579,0.123044333090673,0.109620837761393,0.0969776753753481
0.161922160770355,0.189733081169539,0.171292670132691,0.13492727718162,0.154381935975564
0.150367598356713,0.146637061750871,0.151523433306682,0.115229672561539,0.123458598477769
0.134259869662903,0.201073973255657,0.163630797976897,0.103563183589324,0.197173799084438
0.221800619485021,0.278729431456224,0.256299582720387,0.140852445138438,0.206995072389351
0.158856227894074,0.17752436185639,0.195747334016353,0.139458700617387,0.137513659447053
0.271907876971733,0.18331476350628,0.188098304588701,0.0802367693586588,0.15888566984545
0.1575700927874,0.120964190786321,0.12588754948956,0.125555997639325,0.122449876339481
0.226914020508884,0.141130433068977,0.190168591330885,0.0808082640249049,0.156336265979845
0.171583284405912,0.199892251795172,0.134014362971784,0.101890908860438,0.0892489895142072
0.143822034418033,0.14097368225575,0.127980474474081,0.13718180513731,0.103096796274151
0.116026504749043,0.062074760829045,0.137476412005536,0.11568242227497,0.0983403103157035
0.171502951038717,0.137060887941997,0.124111838824755,0.0950171106861835,0.0736304943721487
