"Africa","East Asia","Eastern Europe and Central Asia","Latin America","North America","Oceania","South Asia","Western and Central Europe","Western Asia"
1298,16625,1036,4460,4479,928,6401,1437,834
1659,12866,982,5083,4437,814,7379,1483,735
1199,14464,1082,4997,4333,1025,5856,1466,669
1577,16068,932,4814,4595,1060,6504,1784,594
1336,14732,1050,4653,4338,921,7294,1810,655
1474,14541,955,5351,4356,1059,6981,1487,662
1269,13436,969,5140,3941,840,7161,1347,744
1264,14285,981,4871,4875,922,7774,1674,905
1417,15120,907,4726,5186,897,7966,1572,659
1266,14385,973,4379,4651,848,7327,1551,838
1144,15045,1053,5016,4857,1046,6546,1339,762
1282,14528,986,5034,4300,958,7645,1597,611
1312,14481,958,3964,4091,687,8038,1449,824
1429,15552,1038,4177,4199,911,8883,1940,793
1484,13702,944,4665,4529,852,6378,1557,708
1580,15547,1002,4161,4617,796,7533,1614,670
958,16891,1050,5235,3601,950,7788,1639,876
1432,15872,965,4569,4381,1044,7817,1548,536
1142,15425,1106,4618,3995,869,7391,1382,778
1223,13121,1052,4720,4714,1032,8153,1758,958
1398,13034,1045,4483,3885,760,6771,1563,702
1349,14777,1021,3615,3852,989,7209,1299,756
1109,15876,1017,5215,4319,863,7373,1650,616
1101,15595,936,3499,4281,781,7669,1677,468
1271,13986,1018,4083,4719,915,8286,1698,493
1361,16406,1019,4279,3364,970,7426,1706,792
1089,15704,956,5235,4841,706,7486,1416,786
1389,15381,1092,5144,4514,973,7872,1534,473
1195,16618,1119,4063,4133,1245,6525,1898,728
1320,15381,1083,4018,4545,1169,6588,1663,689
1177,13644,1023,4949,4878,796,7654,1599,623
1391,13483,979,4781,4378,904,7388,1604,678
961,12295,1052,4791,4187,1084,9241,1477,856
1632,15580,1036,3932,3893,986,7352,1451,691
1167,14551,1010,5029,4385,1096,8211,1386,654
1206,13341,1143,4601,4904,960,7734,1343,702
1575,14297,946,4953,4408,859,8094,1411,612
1100,15460,1061,4662,3635,633,7353,1632,757
1533,16009,902,4795,3836,955,8028,1538,742
1307,13499,1025,3562,4225,890,7693,1750,770
1384,15247,1042,4873,5194,1199,6841,1620,695
1410,15229,1035,5277,4283,652,7249,1610,761
1345,14847,1092,3981,4273,780,6995,1403,552
1361,14727,987,4275,4998,771,6092,1922,657
1422,13968,949,4862,4610,907,5843,1638,846
1506,15037,961,5302,4284,836,6584,1412,572
1212,16138,925,3787,4468,785,6982,1395,731
1212,13783,992,4973,5035,1070,7004,1595,491
1099,16457,877,4530,4319,849,7071,1728,604
1390,14249,983,3963,4409,591,9039,1515,562
1202,16659,971,4098,3929,818,7209,1354,774
1074,13326,946,4444,5018,823,7200,1655,697
1159,15422,957,4916,4703,829,8720,1482,719
1160,14288,1014,4635,4729,951,8762,1605,644
1323,17206,921,4281,4460,799,5927,1721,790
1239,13941,1027,5310,4122,874,6279,1608,658
1173,16223,1055,4994,4296,943,8014,1522,799
1128,13548,977,4285,4209,719,7902,1480,760
1106,15048,964,3976,4645,644,8148,1634,582
1275,15216,1022,4431,4810,888,8263,1568,864
1124,14421,978,4658,4172,869,6580,1863,541
1374,15355,1057,4634,4284,825,6980,1689,641
1294,14687,954,4575,4486,956,7207,1503,588
1294,15819,1118,3889,5167,1024,8211,1493,598
1545,18855,1036,4927,4428,834,6452,1717,664
1340,14114,975,4548,4471,762,8124,1632,860
1156,13878,948,3861,4159,994,7885,1669,835
1255,14622,958,5164,4091,931,6506,1792,766
1138,15455,971,4374,4597,994,7641,1500,651
990,13849,948,4117,4271,947,7707,1347,639
1242,13212,1071,3970,4231,757,6438,1516,610
1587,15182,1000,4811,4799,857,7100,1736,599
1392,15729,1082,3267,4216,895,6614,1478,450
1272,14533,979,4403,4902,880,7049,1575,773
1328,13326,1035,4977,4666,759,7303,1620,556
1404,16399,902,4876,4192,1110,7246,1402,788
1149,13583,1002,4291,4853,871,6231,1433,597
1443,13680,992,5026,4845,929,5803,1582,689
1382,13075,940,4704,4841,986,7731,1785,900
1480,11831,963,5067,4485,881,7661,1722,870
1333,16574,956,4494,4892,943,7569,1181,749
1059,14154,1012,4182,4927,929,7937,1710,534
1272,14008,1041,4639,4384,675,6236,1667,659
1486,14806,1005,4386,4248,876,7505,1826,553
1043,13803,973,4017,4053,958,8155,1417,590
1194,15133,993,4668,4169,857,7158,1387,583
1263,14925,952,4033,4522,854,7975,1419,786
1335,14874,1051,4629,4580,861,8024,1273,657
1517,16060,1013,4774,4514,854,8022,1599,550
1573,12786,970,4721,5007,1112,6079,1357,716
1218,15959,1132,5274,4739,688,7129,1837,651
1339,12973,988,5025,4367,703,8587,1738,652
1271,14062,1056,3581,3772,948,8214,1788,717
1350,15560,921,4171,4735,1006,7638,1663,619
1454,13937,1008,4912,4286,914,6469,1488,783
1240,15008,1054,4921,4439,956,7499,1464,700
1016,15552,961,4204,4343,973,6827,1589,735
1242,16222,950,5291,4134,916,6343,1408,531
1333,14164,989,4594,5169,994,6387,1393,580
1113,16150,971,4976,4410,1018,7739,1727,937
1311,14446,991,3789,4401,733,8923,1417,828
1218,13725,1098,5053,4415,911,6601,1521,642
1278,14125,996,4407,4113,1018,5818,1729,744
1257,14271,941,4186,4813,949,5862,1765,684
1278,15918,1027,4280,4684,777,7994,1429,593
1184,14473,1010,4405,4929,865,7626,1417,889
1320,15203,1041,3611,4418,768,6887,1444,648
1468,16509,1057,3978,4846,868,7719,1273,802
1689,12537,975,4086,4152,961,6824,1370,725
1162,14826,1033,4070,4308,1083,8150,1740,746
1294,14678,1095,4828,4368,906,6579,1645,561
1653,13837,1041,4664,4022,724,8778,1591,710
1463,15250,1015,5122,4882,806,6088,1510,897
1092,14504,962,5735,4989,723,8753,1485,723
1333,16530,1070,4934,4668,1025,7121,1615,724
1444,14072,1076,4377,4030,769,8144,1525,658
1311,14220,979,5196,4347,643,6903,1610,760
1076,14565,953,3943,4110,828,7227,1761,686
926,13796,1057,3588,4680,811,6843,1694,761
1262,14877,946,4927,3484,730,7505,1505,693
1554,14463,907,3907,4693,1024,6252,1684,603
1399,13264,1022,5047,3767,913,6494,1361,863
1159,14744,959,4228,4593,1085,7668,1641,709
1310,15088,972,4471,4059,802,8117,1480,632
1308,15161,980,3306,4889,802,7233,1445,609
1410,14595,1127,5050,4316,951,8014,1522,767
1312,13557,974,4221,4268,1025,5609,1369,717
889,15019,994,4142,4213,969,6512,1344,713
1362,15846,1046,4304,3870,892,8116,1508,744
1476,14656,969,4286,4112,975,7465,1600,815
950,14568,1004,5100,4442,994,8272,1593,613
1345,15258,913,4258,4617,943,8457,1717,647
1159,14424,1022,4626,4050,907,6902,1822,707
1492,15686,971,4351,4420,764,8252,1443,744
1050,16025,991,4267,4499,1099,7830,1566,761
1068,14271,991,4339,4821,1014,7336,1791,717
1214,13747,1083,4197,4735,771,6544,1664,703
1452,13613,880,5193,4129,1005,5775,1587,531
1079,14300,1049,4572,4336,902,7380,1744,689
1449,14303,1059,3862,3868,797,8025,1680,851
1155,16842,974,4953,4134,897,6525,1732,763
1259,14089,978,4864,4612,771,6698,1533,641
1435,14496,1049,3853,5170,850,7479,1678,756
1381,13916,967,4491,4848,864,6700,1434,486
1514,12884,998,4478,4243,714,6916,1874,651
1217,14006,909,3775,4469,951,8877,1733,579
1124,14453,1045,4934,4243,843,8172,1455,514
1291,15149,996,4412,5370,968,6617,1551,601
1166,15485,967,5546,4333,1008,5512,1465,588
1253,12879,1011,4981,4633,819,6332,1477,671
1357,16173,971,3991,4354,880,7236,1373,714
1387,14152,966,4768,4303,637,6326,1692,470
1348,16774,1059,4993,4283,1083,6948,1700,692
1103,15237,1021,4023,4524,1038,6804,1517,822
1184,13074,1062,3535,4305,908,7443,1823,663
1526,15005,979,4584,3882,1006,6026,1394,647
1289,18134,1057,4037,4747,878,6817,1456,671
1169,14307,985,4270,4273,698,6420,1497,522
1398,14581,1039,4108,4005,660,7484,1651,604
1449,14868,1012,3798,4253,987,7119,1535,765
1216,13942,1054,4142,4152,643,7514,1701,657
1265,15521,1024,5586,4365,1057,7619,1609,694
1209,16772,1110,5364,4615,984,6416,1399,583
1335,14475,971,4790,4819,900,8400,1623,646
1133,13089,954,3717,4261,455,7220,1762,854
1152,16608,1000,3803,4700,801,6884,1772,746
1330,13302,1032,4080,4494,711,7542,1867,679
1335,12408,995,5109,4428,1029,8572,1473,625
1290,15371,995,4201,4067,676,7635,1402,725
1374,15501,1026,4769,4179,1071,7569,1672,729
1117,15628,1002,4936,5114,922,8497,1549,643
1474,14766,1000,4541,4677,879,8648,1592,788
1129,13920,950,4360,4450,1033,7214,1484,682
1273,14400,931,4302,4068,884,6549,1620,679
1163,13329,1036,5012,4630,1017,6493,1699,702
1361,13760,869,4842,3944,986,8129,1338,632
1256,14969,963,4385,4036,930,9249,1772,858
1344,18568,889,4703,5126,857,6855,1599,806
1274,14959,967,4483,4512,862,7702,1428,616
1227,14895,968,5338,5248,712,7957,1330,807
1222,15303,1049,5126,3995,812,7214,1416,744
1268,15507,902,4395,4521,821,7417,1300,598
1585,13044,1079,4651,3867,933,7895,1911,500
1142,14063,1014,4471,4042,834,8149,1699,835
1361,14820,954,3851,4730,950,8071,1529,653
1067,14693,946,4628,4845,951,7864,1452,684
984,14973,948,4144,4715,852,7233,1723,809
1362,13238,933,4070,4437,1021,7786,1777,756
1321,14549,1015,4758,4129,847,8362,1355,773
1163,16057,989,5013,5008,949,5928,1456,698
1455,14105,968,4473,5286,950,7133,1171,883
1435,13936,937,4725,4608,990,8458,1778,648
1366,15259,1040,4998,4627,794,7785,1443,722
1190,12964,890,4605,4397,886,6997,1664,679
1685,14959,930,4708,5299,1084,6673,1578,796
1328,15456,904,3950,4614,804,5971,1449,815
1181,15292,1043,5084,4299,991,7050,1505,831
974,11925,959,4523,4560,830,6628,1496,582
1358,13843,1016,4356,4577,1009,8147,1564,664
1325,14713,1039,3817,4911,718,6462,1626,680
1411,16397,925,5079,4655,777,7020,1720,806
1579,12902,917,4151,4275,833,6218,1587,661
1017,15450,995,4199,3801,983,7639,1632,483
1376,13269,1018,4354,3828,900,7984,1675,738
1480,15785,1010,4874,4347,885,7913,1637,609
1350,11894,939,4026,4792,1033,7171,1622,564
1151,15248,1013,5062,4630,869,8041,1717,867
1447,12215,917,4052,4361,775,6413,1313,813
1245,15101,1044,4904,4286,701,6362,1362,820
1200,12751,1072,4695,4948,952,7617,1379,472
1026,11974,960,4854,4419,1008,8329,1433,717
1196,14680,974,5361,4831,823,7304,1777,571
1365,16691,977,3673,4229,880,7997,1868,610
1396,13573,1079,3914,4993,975,7171,1584,651
1200,14063,1014,5128,4357,1003,8344,1402,677
1309,12444,1016,4436,4736,815,6651,1735,638
1263,16563,979,4272,4853,896,7371,1748,691
1410,13684,1009,5178,4777,1123,6945,1384,651
1480,14823,986,3849,4147,841,6415,1528,780
1199,15245,1024,4848,3761,906,6944,1400,647
1164,14418,993,5009,5454,1014,6690,1585,881
1147,12924,947,4860,4336,846,8323,1838,631
1348,15026,1017,3988,4242,495,6883,1390,652
1367,15269,1017,4145,5357,961,7700,1563,690
1283,15010,999,4207,5171,980,7183,1491,745
1203,14670,992,4378,4503,938,6462,1675,727
998,13838,1067,4321,4345,1010,7369,1554,705
1115,15037,958,4793,4539,952,6835,1425,707
1428,17083,973,4655,4101,792,7053,1775,696
1309,14083,1085,4499,4370,846,7263,1552,573
1381,18006,1037,5215,4861,637,7591,1706,709
1155,13462,1019,4437,4202,825,6415,1271,591
1296,13483,920,4881,5285,1012,8363,1384,562
1161,15118,963,3884,4531,687,8276,1785,712
1369,16441,938,4819,3986,774,7265,1363,805
1126,13513,1061,4448,3984,915,8132,1473,883
1575,15198,1007,4745,3788,961,7135,1801,674
1181,15092,977,4739,4150,971,8179,1559,695
1103,14103,1047,5386,4055,1007,7203,1728,717
1427,13591,1012,4131,5200,727,6950,1648,804
1458,14766,962,4754,4631,925,8173,1490,697
1113,14761,973,3690,4114,1025,6109,1739,732
1411,13940,1097,4847,4045,948,7859,1469,669
1183,12943,989,4945,4267,955,5966,1422,815
1231,13402,923,4593,4829,855,7519,1294,811
1374,16039,1021,5063,3895,853,7529,1610,641
1143,16058,1031,4816,4401,822,6884,1748,753
1261,15861,1006,5195,5177,988,7266,1765,677
1345,15034,1034,4735,4628,717,6372,1765,535
1176,11236,974,4060,4908,947,7534,1888,925
1369,17153,965,4721,4315,859,7734,1613,661
1456,15444,927,3800,4443,1111,7662,1517,786
1491,15709,996,4874,4285,891,7514,1800,429
1311,13338,979,4463,4396,829,6583,1685,715
1180,13597,1007,4742,3576,997,7307,1868,764
1114,13897,1016,4208,4702,905,6812,1592,788
1110,15916,917,4945,4330,767,8146,1701,623
1360,14349,960,4430,4513,1000,7554,1544,576
1154,14019,994,4220,4147,915,7095,1383,777
985,11571,930,4358,3766,1154,7109,1490,627
1455,15288,1022,4622,4203,740,7369,1617,754
1256,15294,968,4640,4859,999,6304,1515,765
994,13658,1062,4276,4760,1101,6959,1496,729
1202,12443,965,5086,4903,910,8390,1421,646
1305,15260,959,4965,4679,912,7719,1578,723
1398,15497,1088,3649,4024,896,7598,1566,790
1329,14287,1082,4418,4218,755,7132,1509,701
1149,15250,1017,3756,5181,893,5439,1592,609
1282,15972,1065,4359,4269,1074,7459,1596,593
1399,14731,1022,5340,4834,1061,7248,1653,733
1305,14481,1044,4656,4369,901,8478,1444,679
1266,14354,974,3864,4744,957,9069,1441,665
1249,13731,1016,4584,4448,959,7045,1391,658
1190,13180,1016,4475,4712,914,6634,1405,589
969,15525,972,4552,4226,1060,7408,1598,588
1393,13431,1039,4886,4347,958,6702,1523,734
1353,15292,869,4564,4681,828,5495,1900,505
1219,15956,1009,4813,4462,773,6901,1698,626
1254,15145,1040,5066,4186,584,7413,1853,607
984,15126,958,4284,5087,982,8433,1636,748
1369,13793,1045,5063,4253,969,7405,1653,615
1156,16236,1009,4905,4714,1090,7769,1489,797
1216,15306,913,5058,4624,813,8520,1491,580
1381,14639,1030,5010,5044,747,8460,1315,754
1653,13762,1039,4341,5321,720,7443,1722,491
1149,14827,1006,4541,3940,1160,6965,1517,599
1469,15005,1016,5336,3907,846,7720,1493,848
1289,16190,966,4634,3995,894,5837,1503,737
1208,15893,925,3923,4583,718,7984,1472,789
1079,15373,1062,4348,4863,855,6825,1585,609
1329,15103,964,4605,4502,883,7822,1349,461
1627,15002,1038,4242,4541,722,7933,1494,605
1162,14657,1055,4501,4768,923,6486,1600,833
1450,13883,1018,4642,4955,894,7419,1326,522
1573,15335,1042,3894,4673,723,7331,1536,797
1331,14680,1039,3741,3920,774,7438,1376,647
1134,14208,1050,4015,4323,978,6054,1868,661
1364,15669,1036,4026,4228,776,7619,1554,684
1392,16528,964,4319,4899,661,8273,1371,476
1272,17187,1035,4931,4459,855,6374,1764,660
1298,15390,961,4244,4624,687,6698,1513,708
1415,14583,941,4500,4494,844,7412,1663,1013
1173,15246,987,3831,4777,914,8328,1687,750
1109,15954,894,4543,3819,840,8100,1347,698
1343,15579,1056,4165,4008,871,8012,1227,756
1305,13933,951,3587,4696,1060,6362,1698,649
1599,15334,1017,4655,4647,634,7560,1660,483
1252,12965,1003,4406,4737,755,7553,1727,774
1460,12324,1119,3636,4661,889,7931,1713,875
1008,15165,967,5103,4400,877,7611,1345,589
1336,16007,1016,4448,4586,897,7421,1893,576
1457,15610,963,4018,4459,915,7171,1017,805
1378,15262,1013,5245,4089,828,8033,1701,629
1300,14530,942,4733,5298,725,8700,1283,885
1471,17268,947,5002,4336,1200,8815,1863,615
1085,14517,968,5449,4835,924,6726,1718,620
1299,16616,1012,4888,3884,900,7592,1439,706
1226,13999,983,4777,4685,929,8077,1730,732
1368,13879,950,4863,4684,900,6483,1734,612
1097,13541,945,3827,4940,1037,6885,1536,670
1232,13407,1023,4622,4800,912,7654,1619,883
1223,16044,1060,4033,4362,829,7796,1547,470
1324,12899,1018,4735,5591,1073,6885,1456,624
1010,13495,944,3983,4442,909,7338,1382,712
1356,16617,1057,3849,4203,987,6527,1437,730
988,16174,998,4051,4555,1068,7326,1446,557
1381,15487,1043,4301,4552,1296,7682,1758,549
1454,14498,960,4694,4516,809,7887,1629,733
1241,15873,920,4074,4679,783,6135,1646,747
1345,14771,982,4305,5125,965,8738,1265,522
1240,14450,1031,4427,4608,852,8745,1584,843
1186,11653,1048,4118,4173,895,7006,1614,727
971,16433,1107,4438,4618,841,6820,1624,773
1678,14716,1028,5270,5001,835,7358,1554,693
1385,15296,887,4708,3950,679,6288,1784,672
1365,14971,991,4763,4191,880,7965,1495,693
1305,14738,1081,4513,4703,922,7556,1675,529
1098,14456,1035,4348,4761,980,7274,1637,688
1190,13872,1041,3756,4575,892,7295,1610,694
1232,13919,990,4148,3786,931,8266,1401,541
1119,13754,1051,5283,4627,902,7437,1757,589
1313,16383,995,5290,4470,878,6468,1568,396
1381,16668,925,4996,4702,862,6295,1276,825
1358,14859,975,4578,4817,808,7269,1645,761
1410,14975,1050,4365,4318,723,5674,1674,744
1299,12857,1054,5338,4121,950,6982,1669,839
910,13115,948,4343,5039,896,7110,1350,686
1226,14232,1067,4560,4803,791,6407,1596,750
1140,14335,924,4751,4256,852,6774,1524,830
1184,14194,1050,4652,4546,990,7168,1366,661
1282,17257,986,4589,4332,1126,7236,1593,726
1481,14695,1040,4430,4966,738,6132,1773,603
1273,15198,950,4906,5008,721,6599,1350,718
1463,13064,1040,4865,5379,912,6333,1563,565
1271,12754,1023,4170,4474,1040,7341,1658,603
1212,14690,1005,3701,4805,738,8707,1755,672
1126,14425,1008,5087,4471,862,8678,1474,551
1403,13363,991,4536,4167,920,6452,1553,714
1227,15788,1091,4518,4387,844,6342,1810,727
1299,14249,1050,4751,4569,1005,8592,1499,777
1058,13616,980,4810,4868,671,6510,1424,591
1013,16477,936,4047,3747,1056,7322,1707,669
1127,13788,999,4876,4823,872,6641,1516,765
1234,14244,978,4270,4348,880,8002,1606,475
1133,15122,1067,3792,4059,1033,6939,1452,681
1234,12945,1074,4567,4940,920,7513,1465,809
1045,13486,951,4623,5111,1200,8557,1338,713
1221,13754,980,4012,4448,783,6616,1659,737
1136,17388,956,5423,4319,955,6111,1333,649
1522,16005,985,4820,4406,717,7805,1667,790
1510,15485,1027,5031,4610,687,8880,1579,708
1514,17853,989,5228,4492,835,8268,1620,683
1448,15134,998,3597,4237,751,8495,1860,681
1260,14088,1033,4194,4884,957,6243,1383,622
1463,13780,935,4430,4445,973,7134,1520,771
1408,13279,1007,4458,4162,1027,8290,1512,608
1416,16247,1034,5091,4299,894,6623,1201,886
1299,13036,932,4320,4438,843,6822,1291,645
1502,15912,950,4723,4436,698,8260,1702,450
1266,13139,1056,5058,4560,1040,8491,1543,649
1221,15478,948,4127,4620,1071,7838,1438,744
1289,12573,1106,4800,4524,813,7931,1381,692
1153,16798,938,4310,4176,867,8133,1685,659
1149,14361,947,3649,4131,923,7042,1381,711
1366,15679,978,4531,4554,747,8612,1783,632
1419,15487,975,4742,4245,914,7081,1440,742
1284,14736,1051,4999,4928,750,7051,1440,673
1050,14603,946,3837,4382,988,6798,1277,812
1290,16025,1000,4488,4272,944,7899,1788,648
1254,16755,1070,4223,4681,780,6628,1269,626
1595,16383,1035,4149,4637,861,8252,1433,687
1096,15582,974,4878,4300,822,7322,1384,566
914,12782,1011,4575,4690,873,7321,1664,875
1215,14467,1007,4440,4521,831,6974,1482,734
1448,12087,1030,4978,4460,1001,7515,1646,463
1350,14648,1047,4908,4442,894,8572,1658,761
1233,14639,976,5136,4792,739,8134,1696,553
1056,13581,1019,4519,4587,1042,5014,1551,631
1015,14726,998,5295,4754,1174,7443,1423,504
1439,14231,1082,5128,3908,1123,8304,1480,645
1440,12904,963,4191,5069,792,6266,1747,656
1482,15074,1080,4486,4715,996,6610,1755,690
1344,12353,1008,4272,4280,894,7444,1555,617
1391,13368,963,4844,4746,761,6531,1587,825
893,13719,1096,4618,4596,826,6677,1791,619
1093,14358,912,4189,4797,832,5566,1659,745
1410,13621,1020,4902,3992,949,6772,1347,638
1047,13854,1006,4961,4941,897,7598,1805,660
1343,15738,957,4992,4647,740,7660,1803,525
1444,14941,927,4906,4023,1034,6252,1467,564
1110,15960,914,3824,5051,900,8539,1783,589
1303,15427,961,4629,4696,873,6280,1521,833
1144,15504,942,3879,4589,977,6410,1458,581
1718,17601,948,4870,4712,975,6678,1757,707
1078,15932,983,5311,5086,970,6693,1884,834
1326,15527,967,4800,4512,730,6960,1541,781
1476,13910,958,4976,4328,1084,6668,1387,724
1511,13555,1019,5045,4914,1116,7731,1584,587
1155,13015,966,4607,4519,890,6552,1536,537
1067,12493,1038,5240,4719,704,6983,1774,582
1382,15287,963,4240,4331,1010,6417,1466,644
1301,13993,1074,3695,4574,845,7919,1506,682
1388,13184,1028,4169,4725,871,6751,1433,672
1282,14414,1000,3810,4532,940,4945,1374,668
1115,14685,1116,4800,5451,1028,8248,1802,771
1442,16053,959,5204,4718,867,7448,1588,761
1447,13622,1012,4109,4311,973,8112,1371,670
1470,14431,1031,4847,4777,798,7091,1817,837
1087,13205,1054,4940,4564,747,7253,1571,821
1494,13291,1020,3899,4634,835,6607,1561,852
1084,14099,859,4163,4610,947,7742,1610,782
1336,13667,953,5275,4124,1297,7449,1549,691
1246,14040,1114,3816,4787,1084,7102,1595,727
1371,13553,932,4085,4282,1163,6906,1590,641
1186,14328,1004,4926,4467,746,8475,1714,644
1028,15892,1040,5504,4323,954,7694,1507,707
1244,13791,1072,4730,4968,934,6964,1492,801
1020,16503,1111,4110,4294,968,7461,1636,699
1218,17693,1071,3978,4528,1226,7382,1571,731
1198,15462,917,3596,5026,1076,6592,1497,786
1078,14223,1020,4571,4632,780,7102,1295,725
1261,14525,1027,4214,4189,874,7805,1606,616
1333,16621,910,4332,4286,658,7412,1596,769
1227,15679,986,4309,3882,784,6848,1224,785
1031,13965,1016,4578,4376,948,8281,1654,715
1216,15136,990,4496,4532,1017,6787,1733,688
1198,13708,978,4357,4484,1041,6755,1524,537
1054,15475,1022,5201,4439,828,7539,1401,699
1266,13919,970,3920,4714,774,8321,1429,684
1139,12953,1094,3635,4126,719,7605,1491,701
1650,14958,960,4141,4820,830,7628,1464,688
1313,11096,997,4497,4621,886,7243,1700,634
1011,13468,997,4659,4589,874,6545,1495,738
892,14433,920,3822,4534,688,7900,1704,662
1239,14769,1023,4296,4775,782,7333,1871,624
1491,14155,951,4813,3501,1066,7710,1998,677
1085,15708,1043,4792,3975,742,6559,1277,657
1567,14474,1003,4774,4483,874,6956,1738,637
1417,12500,1001,5573,3996,843,6896,1662,659
1335,12706,1018,4475,4540,736,7823,1737,541
1319,15223,936,3823,4346,939,8068,1323,583
1287,14961,1006,5157,4869,1103,7685,1525,639
1143,15428,1027,4824,3607,1156,7416,1739,918
1416,16040,1067,4669,4659,930,7122,1573,607
1057,14360,932,4710,4310,812,7028,1294,730
1542,14023,1023,4363,4208,943,6550,1488,813
1422,15633,1052,4743,4434,735,6632,1193,634
1318,14221,1006,4646,3915,949,7762,1797,677
1388,14625,951,4895,3893,1062,6789,1395,680
1254,14535,988,4437,4521,1113,6239,1441,821
1274,15871,991,4465,3909,1065,7326,1566,743
1206,13955,1031,3742,4640,851,6702,1426,478
1176,14529,911,4977,4203,766,7511,1592,810
910,15178,943,4262,4203,985,6955,1809,744
1401,12979,970,5121,4504,933,7784,1341,1011
1277,14743,1067,3972,5335,1062,7484,1326,680
1261,16223,1038,4423,5101,1125,7640,1613,694
1138,12982,945,4212,4311,1055,8686,1590,640
1595,13169,936,5158,4772,603,5555,1598,715
1214,16168,966,4242,4698,753,6485,1537,718
1289,14525,1042,5130,4880,968,6179,1538,844
1335,14493,1012,5469,3960,838,7488,1600,838
1116,14641,1109,4990,4312,987,7535,1752,637
1262,15633,995,3690,4819,1069,6731,1538,574
1208,14099,968,4772,4714,1008,7275,1539,718
1480,13587,980,4437,3986,950,7409,1638,643
1444,14802,1042,4739,4704,981,6986,1758,687
1322,16202,864,4090,4842,737,6767,1547,766
1310,14803,1000,5095,4797,937,5980,1612,636
1098,14967,1030,5072,4516,713,6084,1477,736
1108,13883,1053,4363,4383,826,8274,1304,793
1089,15654,1024,4376,4320,1086,8144,1349,813
1288,12401,989,4218,5158,809,8669,1831,703
1463,15299,937,5284,4247,816,8526,1695,628
1551,15594,1087,4311,4168,1027,6024,1328,678
1317,15274,1010,4498,4763,1163,6154,1594,675
1418,14129,1031,4908,4164,1159,8745,1901,499
1572,16002,939,4158,4976,1065,6605,1666,746
1105,11722,1013,5308,4553,997,7227,1758,717
1411,15020,1057,4665,4224,856,6975,1613,648
1368,15097,1007,4247,4699,863,7675,1596,742
1357,14619,1004,4310,4868,1043,8556,1627,642
982,15139,985,3969,4224,917,7045,1721,783
1156,15187,991,3364,4873,858,5866,1602,630
1418,13539,987,4666,4573,861,7748,1885,739
1141,16751,915,4259,5216,868,7994,1469,909
1305,12004,1007,4499,4656,807,7304,1523,861
1362,15837,994,4706,4734,955,8373,1357,753
1130,13668,972,4181,4644,1063,5868,1823,687
1232,15253,968,4890,4722,911,8496,1511,778
1432,12273,1057,4152,5239,1119,6102,1721,735
1146,14731,1106,3955,4412,1083,7732,1490,564
1369,15704,1115,4292,4960,809,7785,1615,765
1443,14850,1057,4554,3709,976,8870,1609,818
1204,14726,991,4430,4843,799,7997,1448,794
1182,13780,1050,4318,4602,799,7785,1890,708
1679,12899,1025,4895,5345,881,7928,1809,677
1148,15541,1030,4928,4323,1017,7256,1187,751
1063,15236,918,3901,4540,916,6871,1385,556
1345,15964,1030,3582,4610,895,7148,1404,919
1321,15160,1086,5117,4469,925,6843,1382,759
1020,17919,1080,4129,4688,881,8659,1869,853
1125,14674,929,5614,4536,971,8336,1745,588
1266,13642,1046,4390,3840,821,8557,1417,737
1145,15036,1033,4037,4139,846,5706,1694,551
1004,16309,976,4622,3896,910,7297,1558,734
1096,12727,975,4044,4377,846,6774,1855,646
1120,14985,1037,4188,4188,816,6088,1804,930
1373,16066,1076,4994,5187,819,6473,1650,727
1358,16060,946,4279,3708,923,6165,1631,673
1044,16450,1015,5198,5216,1029,7486,1864,589
1262,15843,884,4284,4721,965,6995,1607,568
1338,13766,935,5422,4362,830,7439,1645,690
1500,14647,987,5342,4803,961,7652,1587,844
1157,12567,943,4480,3967,740,7511,1546,724
1175,13330,1004,4388,4242,975,7098,1328,788
1174,15880,973,5432,4079,673,8384,1550,610
1225,14814,990,5328,4074,954,6622,1703,719
1587,14668,991,4506,4457,1250,6457,1445,709
1297,14962,939,4707,5494,1103,8840,1672,705
1316,15470,1046,4398,3995,981,7414,1407,639
1376,14203,967,4727,3646,951,7308,1657,730
1377,13531,942,4031,4262,957,7493,1174,560
973,13051,1084,3968,3901,874,5945,1483,698
1508,13621,945,5073,4704,723,8010,1447,795
1218,13445,990,4489,4208,980,6534,1944,597
1441,15207,1058,4861,5015,808,8504,1750,649
1315,14611,954,5390,4379,1125,7897,1807,594
879,15569,968,4557,5067,1003,7996,1521,661
1378,12749,905,4426,4366,907,6870,1749,569
1323,12702,1013,3842,5102,710,7254,1451,615
1107,17658,1019,4606,4364,945,7018,1410,780
1372,14443,967,4273,4280,731,5298,1640,714
1014,16344,1017,4893,4357,1142,7688,1581,830
1101,16392,1025,5587,4667,802,7069,1471,627
1250,15154,991,4191,3850,1026,7556,1577,577
1166,16362,988,3774,4826,887,7168,1452,797
1066,15001,1089,4933,4199,686,7675,1541,739
1105,14982,1002,4044,4161,998,7278,1395,665
1488,14946,1028,4760,4878,799,7776,1578,664
1451,13888,1041,4706,4299,732,5609,2018,854
1277,14962,1004,5480,4936,1084,7053,1694,690
1390,12985,1100,4358,4553,934,6959,1634,582
1111,12881,1057,4897,4810,859,8579,1677,878
1184,13849,906,3787,4897,837,8013,1694,789
1351,15626,1012,3945,4584,900,7869,1333,726
1347,13127,1070,4801,4246,745,6933,1621,889
1463,14882,942,4033,4626,685,6136,1589,647
1237,15130,932,4045,4073,599,6441,1674,625
1258,14269,962,5115,4561,1063,8084,1461,763
1300,14575,968,4820,5099,938,7837,1401,522
1351,13196,987,5117,4209,696,6802,1496,660
1300,15590,984,4256,4291,961,6256,1500,861
1298,15466,878,5125,4212,995,7651,1634,623
1075,13443,1009,3689,4722,727,7404,1572,576
1318,15876,1053,5173,4325,965,6040,1599,690
1063,15858,963,4892,4565,1049,7703,1452,623
1363,15849,1034,4178,4301,679,6785,1501,704
1201,15521,1047,3703,3861,831,6930,1933,780
1437,15338,1043,4685,4671,826,6768,1639,784
1140,16617,1059,4029,4393,847,8270,1465,789
1168,15428,1018,4783,4341,769,7234,1387,679
1119,15716,1091,4611,4599,1083,7959,1765,589
1348,15277,1017,4323,4399,799,8481,1214,807
1325,16877,998,4799,4387,869,7203,1471,758
1585,15305,1141,5012,4434,1044,6312,1589,675
927,15616,892,4357,4962,782,7110,1501,521
997,16338,928,4224,4524,861,7782,1477,645
1359,15008,1027,4675,4818,983,8838,1685,541
1143,12996,891,4781,4831,1169,9037,1482,530
955,14458,1036,4874,4606,976,8069,1634,834
1059,15806,1076,4796,4565,826,7173,1470,850
1246,14115,955,4370,4780,701,7350,1743,707
1314,14008,1013,4032,4474,1006,7795,1684,793
1186,13465,1063,3539,4005,1048,7186,1640,687
1214,15278,1020,5047,5231,1021,8506,1508,644
1223,15179,977,3919,4542,748,6522,1637,712
1255,15545,917,5180,4889,1012,7855,1421,667
1400,16278,1124,5231,4883,790,7700,1554,658
1475,16942,970,3896,4728,962,7521,1534,790
1085,15232,943,3899,4436,964,7095,1406,670
1091,15060,964,3744,4467,693,7898,1638,501
1443,14497,967,4187,5164,972,8432,1724,509
1134,14699,1057,3973,4678,796,7499,1709,688
1120,16214,1042,4923,5513,1040,9007,1463,613
1338,13957,916,4714,4437,722,7397,1399,669
1006,14860,1001,5162,5206,907,8316,1576,724
1390,14290,1036,4219,3890,732,7815,1422,912
1400,13697,1046,4594,4271,803,7528,1749,640
1403,11846,1010,4415,4450,772,7376,1602,700
1164,11277,1087,4812,4629,810,8853,1414,586
1210,13181,999,4224,3943,743,7471,1534,621
1357,15216,933,5254,4709,965,7234,1620,510
1105,13503,1038,4056,4055,800,7768,1518,671
1096,14903,1061,5437,3908,932,8315,1460,724
1293,13268,972,4157,3998,831,6775,1587,857
1143,13897,963,4625,4133,934,7156,1707,549
1160,15969,1006,3647,4443,915,7524,1399,703
1621,14617,1017,4551,3975,1155,6133,1749,766
1318,13827,1099,4148,3912,1007,6324,1629,654
1197,13125,1005,5117,4954,924,6966,1513,758
1208,12572,949,4203,4723,1126,6238,1556,781
954,14569,888,3590,4652,913,6710,1827,786
1052,13558,1015,4385,4074,1132,7964,1603,727
1099,13705,968,4638,4057,987,6271,1357,708
1622,13274,1030,4138,4744,961,7658,1409,718
1447,15161,1065,4000,4951,876,7540,1398,711
1222,16283,1016,4796,3875,935,8133,1531,810
1370,14042,1028,4005,4197,925,6484,1549,733
1377,15255,972,4541,4627,870,7930,1641,662
1337,16027,989,4407,4575,923,6963,1313,725
1051,12504,989,4401,4338,870,8231,1274,827
1497,13858,945,5393,4680,901,6127,1758,773
1228,14374,985,4934,4747,676,7522,1462,694
1173,13120,936,5285,3705,808,7053,1461,722
1459,15663,942,4370,4126,936,7331,1361,797
1282,12241,1012,4393,4313,714,7321,1556,649
1231,13496,984,3809,5208,927,7668,1481,574
1201,13885,1014,4512,4454,1000,6778,1516,648
1114,15241,988,4373,4145,991,8394,1435,749
1273,14186,978,4491,5053,618,7287,1771,701
1059,12993,1007,5073,4755,881,7916,1330,671
1124,15487,964,3871,4576,904,8368,1424,633
1252,15285,1009,3837,4258,958,7338,1603,688
1049,12816,948,4577,4606,634,6379,1443,707
1488,13497,992,4677,4133,990,7639,1567,912
1420,13674,1034,5086,5472,746,5918,1288,885
1371,13930,1040,4170,4468,870,7478,1347,662
1049,15243,941,4970,4729,851,6100,1709,655
1091,13942,989,4965,4739,1019,8057,1595,663
1066,15778,934,4056,4825,898,8145,1450,596
1604,16472,967,4254,3828,932,7280,1764,723
1298,13728,1060,5338,4797,667,6918,1730,788
1555,16083,1039,4903,4705,855,7860,1633,744
1190,15637,915,3890,4070,572,8347,1829,650
1194,14731,1002,4385,4202,831,6286,1636,817
1390,15456,937,4346,4572,1044,7558,1540,767
1109,15709,1001,4139,5068,892,7413,1850,850
1454,15740,1072,3745,4110,834,7678,1798,718
1155,13149,989,4606,4466,1098,7696,1532,800
1126,14027,1012,4440,4405,888,7049,1415,629
1367,16128,991,4839,4455,834,7565,1498,667
1443,15959,1047,4426,4097,763,7168,1480,707
1342,16218,1007,5355,4581,832,8109,1489,495
1256,16419,979,4598,4320,951,8333,1595,495
1100,16324,979,4690,3982,1078,7268,1785,741
1049,13290,988,4488,4265,846,7120,1782,704
1289,13622,993,4056,4677,1168,7675,1841,573
1056,13948,1006,4691,4231,1066,7278,1099,625
1254,13182,884,4034,4419,759,6804,1323,691
1061,16120,1064,4718,4938,728,6327,1417,524
1155,16320,1065,5323,4585,792,7412,1443,711
1246,13640,1009,5020,4461,1110,7701,1714,842
1443,15515,1026,4323,4338,787,7668,1630,616
1119,15188,905,4587,5613,895,6214,1544,742
1264,14914,1014,4558,4452,674,7979,1284,735
1631,14022,1096,5227,5119,1089,7041,1671,892
1439,15757,997,3471,5325,879,8265,1342,831
1623,14266,1116,3571,4240,989,7758,1423,625
968,15122,925,4680,3951,786,6455,1749,625
1157,13846,963,4732,4691,866,8496,1358,668
1380,15611,998,4905,4089,774,6006,1765,709
1411,15896,1012,4159,4600,1026,6622,1631,813
1266,13765,1003,4159,4703,599,6856,1662,697
1285,15618,1018,4391,4970,1014,7436,1656,610
1261,14324,924,3970,5157,939,6504,1752,697
1323,14876,974,3720,4827,995,6003,1896,699
849,16994,939,5562,4305,754,7449,1396,674
1161,13279,1026,3817,4328,1051,6063,1612,637
1078,15462,1013,4333,4656,1013,7605,1756,716
1356,14197,1078,4232,5133,848,8433,1321,717
1311,14999,923,4143,4157,883,5373,1492,692
1401,16446,998,5323,4049,905,8292,1565,698
1315,13328,987,4491,4668,826,8245,1688,720
1428,15699,1021,4450,3836,779,8566,1787,820
1132,15643,917,4587,4473,821,6332,1423,813
991,17807,1046,5173,4180,1093,6135,1598,789
1381,15526,1045,4505,4848,963,6440,1432,633
1116,13217,997,4505,3696,702,7043,1697,878
1459,13752,957,5019,4457,919,6282,1564,627
1695,12443,986,5132,4088,933,7201,1524,579
1076,15397,983,5383,4133,928,7754,1331,626
1429,14254,1073,4183,4456,1085,5888,1934,682
1091,16170,1073,4128,4396,790,8757,1517,734
1150,14779,961,4123,5074,871,7481,1542,892
1255,14668,1021,4157,3822,946,7182,1493,884
1380,15252,1069,4756,4846,940,8557,1707,634
1293,15533,1020,4693,4750,974,8871,1519,723
1284,14228,1052,4912,4406,898,6145,1455,613
1384,16054,1049,3772,4695,812,7830,1883,835
1550,14580,1049,4158,4655,1153,7600,1564,628
1233,14292,1020,4935,3776,777,7737,1597,642
1257,13357,977,4648,4694,731,7353,1735,728
1163,14067,967,4304,4700,893,7571,1422,897
1456,13569,1057,4699,4174,1119,7063,1403,603
1321,13654,934,4659,4274,900,6619,1598,844
1354,16700,955,4385,4293,939,6816,1624,709
1541,14255,905,4265,4637,850,7984,1401,785
1451,14850,856,4461,4930,875,7644,1574,622
1354,14398,965,3817,4425,846,7869,1516,711
1364,15481,1055,5140,4876,922,7202,1659,770
1276,14707,991,4675,4995,725,6913,1674,782
1092,12511,1016,4213,4770,1144,5625,1389,553
1090,15866,930,4749,4318,818,6469,1519,524
972,12863,1087,4773,4712,864,8875,1686,681
1367,13516,983,4865,4932,873,8314,1680,871
1464,12996,1017,4265,4187,936,6461,1435,830
1283,15039,1008,4333,5294,746,5082,1500,708
1154,13386,951,5199,4381,790,7963,1374,823
1362,15636,991,4117,4458,960,8572,1342,780
1087,14654,981,4804,4253,738,7068,1477,669
1158,15224,959,4429,5464,700,7288,1738,703
1077,14021,908,4046,4524,907,8092,1499,757
1360,14625,1041,5060,4821,979,6958,1653,585
1196,15565,1001,3612,4734,938,6788,1537,743
1171,14641,1038,4665,4681,865,6095,1719,826
1192,12699,933,4735,4586,935,7137,1489,592
926,15054,1055,4328,4806,715,8471,1598,787
1152,13539,925,4107,4846,980,7808,1487,695
1242,15265,1022,5167,4529,1049,7533,1655,694
1215,13338,1041,5303,5117,956,6661,1642,574
1443,15098,1030,4869,3849,1127,6853,1756,670
1425,13258,980,5055,4939,880,8488,1529,600
1298,15261,1075,4959,5036,735,6908,1508,573
1295,13973,960,3310,4902,920,7384,1491,680
1277,13257,1071,4183,4867,901,7505,1571,743
1279,13997,952,4789,4655,1189,7444,1731,635
1386,15167,1063,4373,4895,995,7114,1530,640
1190,16220,1016,4585,4338,937,7455,1862,913
1512,14172,1012,4392,3842,926,7251,1740,753
1088,14692,1058,4201,4274,1018,7756,1549,675
1072,16084,1045,4650,5389,828,7403,1352,741
1388,15495,929,5012,4410,911,7473,1772,663
1108,13904,1049,4291,3819,728,8576,1773,769
1441,14509,972,4414,4687,936,8653,1564,631
1384,14716,970,5007,4396,828,8024,1628,558
1604,11555,1006,4099,4266,1083,8479,1702,792
1136,15369,1104,3764,4805,823,6810,1584,848
1505,16773,1012,4723,4032,1022,6522,1452,678
1095,12777,1066,5100,4718,939,6443,1454,807
1440,17510,1016,4036,4610,1093,6331,1446,842
1287,14806,1067,4352,4809,744,7605,1499,728
1255,13199,949,4113,3501,921,7413,1304,756
1456,12990,916,4201,4277,1015,7159,1765,592
1040,13416,993,4704,4473,911,6879,1594,794
1440,13456,933,4854,5243,770,7670,1594,664
1345,14273,997,4174,4537,574,8280,1727,783
1277,14445,1046,3947,4360,1012,6926,1763,674
1309,13878,1016,3907,4327,990,7798,1508,581
1126,16576,974,3906,4584,1004,6333,1668,558
1315,14195,1028,4507,4395,868,7403,1530,802
1180,13659,1056,4893,4364,1111,7771,1646,667
1321,15034,945,4035,4252,1028,7742,1676,521
1169,14461,1027,4718,5542,845,6749,1398,582
1209,14653,917,4490,4271,925,6448,1500,560
1099,13511,949,4764,4842,1099,7457,1294,663
1313,12943,896,4397,4800,1124,7101,1389,613
1430,15208,851,3382,4467,1046,7767,1635,806
1261,15401,943,4319,4402,1043,7764,1557,606
1387,15551,1035,5166,4609,906,7378,1261,656
1103,15191,984,4946,3922,970,7736,1879,713
1176,14612,1040,4222,4624,1020,7492,1408,949
1357,14637,941,5270,4327,927,7711,1455,658
1433,13001,928,4325,4801,952,8393,1483,625
980,14581,961,4166,3996,1071,7797,1677,683
1246,12791,999,4635,4782,770,7431,1934,550
1081,13111,1089,5154,3714,797,7450,1564,464
1086,13368,902,4192,4611,887,6342,1645,671
1438,16199,1001,4796,4638,584,7670,1608,736
1193,16212,961,4476,4797,1007,6983,1442,581
1266,14469,1035,4324,4660,940,7426,1569,685
1368,12632,982,5042,4171,641,7200,1553,853
1318,14598,1013,5013,4846,989,6754,1667,567
1352,14632,928,4428,4904,1013,7954,1676,581
1205,16010,994,5479,5118,703,7796,1618,605
1406,13635,1006,4742,4393,1021,6743,1496,690
1272,15158,1047,5227,4697,999,5363,1611,506
1441,13973,968,4260,4394,808,8982,1501,863
1400,14057,977,4338,4474,773,9199,1331,746
1324,13956,983,4773,4591,851,7388,1597,558
1323,14002,1123,4436,4192,934,7112,1793,820
1293,14047,966,4238,4660,1035,8371,1424,546
1398,16958,1094,4261,3973,807,7619,1508,728
1165,12959,1073,4376,4717,933,7225,1575,765
1150,13247,1064,4441,3958,750,8471,1526,534
1072,14043,909,5337,4660,1003,6683,1610,636
1252,17140,972,4983,3925,1057,7391,1592,703
1249,15418,955,4071,5020,1065,7010,1460,711
1291,14083,939,4405,4514,981,7762,1764,643
1360,12913,1006,4736,3639,826,7174,1490,756
1081,13499,1022,4274,4502,993,6505,1702,538
1364,15189,1045,4197,4570,977,7145,1633,718
1298,13266,1021,4043,4572,795,7023,1474,800
1201,13004,964,3839,4576,1001,7475,1589,744
1540,13100,1015,4304,3539,834,7876,1215,598
1237,13687,980,5462,4321,686,6921,1615,658
1118,16890,941,4298,4221,868,6858,1681,726
1133,15568,1040,4277,4598,1029,8923,1380,862
1029,14150,876,3824,4585,1080,6663,1389,808
1199,16097,1097,5127,5292,960,8041,1608,582
1467,17809,1045,3798,4775,984,7604,1401,657
1233,15530,937,5152,5234,530,7269,1463,704
1415,12444,1044,5117,4803,824,6307,1780,718
1066,15371,1053,5120,3947,751,7333,1393,671
1484,16113,1001,3979,4924,1109,6650,1753,664
1400,15087,1082,4926,4388,1058,5926,1843,682
1008,16041,896,5040,4804,898,7511,1619,564
1194,15758,1131,4499,4449,785,6692,1590,625
1307,15564,1099,4125,4381,723,8151,1423,702
1327,13055,977,3936,4510,834,8301,1637,712
1296,13092,931,5488,4738,980,8093,1638,726
1160,13712,949,4256,3986,844,7354,1555,685
1303,17309,1047,4770,4527,903,7583,1723,559
1436,13872,1008,4973,4835,769,6314,1479,726
1150,15557,959,4569,4865,730,6912,1342,659
1159,14113,991,5029,5013,938,5256,1679,807
1296,15654,1012,4332,5501,1039,8406,1367,589
1328,15171,970,4732,4863,894,6605,1522,745
1130,16543,969,4226,4139,886,6813,1578,534
1312,14893,972,5204,4289,1010,6158,1541,569
1179,15870,1004,4881,4464,887,6273,1551,628
1279,15864,1028,5309,4038,918,6416,1619,832
1098,15537,1057,3787,4878,944,6246,1573,683
1367,13846,1006,4909,5326,840,8274,1451,769
1063,15464,977,4528,4753,888,6342,1181,603
1224,13995,918,3727,5091,775,6448,1712,824
1456,15784,1105,3440,4667,661,7087,1664,645
1181,15227,989,4927,3754,860,6344,1793,712
1272,15143,971,4861,4913,957,6514,1481,589
1338,13192,1044,4373,4463,1115,8479,1434,792
1432,16082,1060,4221,4565,860,6571,1474,765
1413,17796,1079,3741,4369,816,7447,1661,767
1332,13935,921,4181,4322,983,7867,1784,744
1484,16379,957,3752,4085,797,7695,1473,796
1334,16028,1003,4160,4237,1009,7203,1226,906
1148,16258,1024,5215,4112,942,7166,1301,745
1418,14863,1002,4506,3841,869,8860,1597,743
1246,15724,972,4166,4356,836,7569,1398,621
1350,14629,933,4002,4642,731,7956,1566,713
1392,14479,994,4113,4878,1120,7945,1611,711
1456,15559,1071,4236,4469,1057,8460,1742,770
1282,12902,1027,3824,4988,805,5071,1444,699
1393,16280,1089,4266,4502,822,7934,1659,508
1086,15390,1094,4870,4304,892,8100,1504,762
1309,13564,1006,4353,4795,953,7277,1362,796
1310,14092,1020,4732,4684,1067,7346,1675,633
1001,13985,1005,5146,5190,786,7031,1625,605
1152,13284,962,4402,5022,858,7564,1449,609
1316,14381,984,4860,4540,886,7625,1656,602
1387,13644,979,4628,4288,916,6868,1479,667
1436,14432,1015,3907,4046,802,7711,1458,811
1398,15183,988,4350,4789,1037,7616,1655,553
1272,14077,1060,5765,4325,967,7484,1715,572
1079,16226,948,4201,4147,753,7227,1532,665
1157,13551,926,5125,5052,919,7057,1466,670
1357,16276,936,4862,4959,845,7345,1472,529
1212,12230,1003,4719,4500,918,6843,1347,750
1310,13671,1116,4427,4647,970,7119,1331,837
1409,15362,977,4055,3855,947,7344,1424,619
1585,15578,1026,4928,4691,781,9223,1568,749
1617,12247,972,4685,4833,850,7543,1603,830
1415,14099,899,5571,4735,682,8301,1659,752
1193,13484,1009,3522,5301,923,7902,1660,547
1230,13879,1012,3841,4836,725,6944,1768,649
898,17796,958,4372,4957,846,7823,1624,648
1206,13832,1011,4879,4900,703,8428,1396,791
1013,14760,1066,5093,5214,1013,8119,1828,706
1138,13164,941,4427,5330,1088,7343,1482,640
1491,14846,1053,4908,4505,1045,7055,1392,647
1066,14432,980,4361,4864,888,5998,1481,627
1614,14439,977,4587,4890,652,6911,1446,666
1451,14364,930,3854,4504,782,7488,1816,808
984,13829,923,4344,5387,678,6792,1632,761
1417,14076,1023,3871,4321,1115,8463,1530,724
1296,15826,1091,4333,4826,643,6425,1684,739
1411,17461,1063,4531,4463,767,8585,1548,637
1237,15923,1079,4789,4990,886,7898,1357,580
1125,14178,1031,4646,4366,916,7249,1693,689
1244,14132,1093,4380,3868,1099,6923,1525,916
1420,15939,879,4429,4652,959,6362,1804,792
1080,14740,1012,4047,4759,1050,8484,1589,595
1231,13906,988,4387,5066,1154,6708,1672,863
1158,15528,973,5171,4828,942,8080,1743,797
1557,15256,968,3799,4370,1098,7406,1420,658
1322,14449,1000,3984,4351,978,8768,1580,464
1210,15215,945,4624,4919,1006,6949,1576,909
1436,14036,1026,3812,4692,966,8244,1417,686
1287,14690,939,5408,4205,1048,6949,1571,663
1287,14292,988,4345,4445,942,7245,1771,610
1394,14476,959,4828,4656,1035,7169,1670,692
1108,13252,953,3785,4174,950,6268,1539,870
1251,11859,1062,4303,4465,857,6477,1442,591
1468,13305,1019,4527,4565,1155,8092,1457,681
1400,14510,1055,4824,5106,801,6895,1609,832
1388,15389,943,3968,4512,840,6132,1355,592
1158,14578,934,4462,4708,762,7240,1553,593
1420,15749,976,4917,4462,724,8367,1787,1012
1297,16545,1042,4175,4997,1175,8700,1341,823
1284,14670,1046,5251,4897,840,7879,1448,605
1220,13854,951,4109,4351,937,6682,1611,496
1200,13959,1025,4404,5132,909,7655,1425,779
1157,13083,998,4665,3969,1057,8085,1529,843
1520,14577,1032,4608,4163,913,6733,1396,731
1459,15184,1072,5413,4054,891,7788,1624,740
1162,13044,1077,4577,4500,926,7139,1236,709
1417,14585,968,4900,4446,1137,6630,1723,733
1433,13785,1060,4966,4492,889,8943,1317,746
1341,14730,939,4208,4086,952,8238,1684,600
1371,14450,939,3938,4241,911,7552,1775,717
1216,16055,998,4225,3836,954,7382,1772,760
1586,14846,1007,5044,3867,1187,6551,1651,552
1335,14225,991,4725,3481,682,6876,1527,627
1466,15199,1061,4055,4634,806,7721,1767,781
1337,11864,992,4667,4563,672,7342,1335,795
1287,14685,1031,3609,5214,785,7245,1376,675
1232,15048,967,3940,4347,792,6286,1545,612
1533,13436,974,4168,5606,1014,8587,1475,473
1029,14095,1004,4713,4668,816,8934,1757,726
1404,13501,910,5352,4314,974,6539,1815,909
1478,14907,1057,5088,4525,943,8184,1648,758
1565,14441,1086,4756,4764,712,7877,1872,731
1306,13847,918,4338,4854,850,7566,1608,634
1326,12269,1039,5218,4105,726,8270,1635,743
1538,15816,1082,4764,4243,955,6198,1474,834
1243,13842,1058,3878,5073,1082,6031,1495,737
1563,14863,929,4909,4826,762,8686,1511,593
1316,12572,910,4545,4386,1136,7430,1415,767
1364,13772,1035,3943,4390,747,7886,1622,696
1353,16074,889,3836,4615,891,6614,1479,643
1347,13704,1107,3925,4762,861,6486,1543,547
1247,13570,1011,4266,4461,1021,7399,1608,621
1158,14628,1071,3930,4590,769,7934,1451,520
1288,13907,958,4468,4424,822,6585,1638,537
1458,15115,1023,5324,5138,946,6854,1594,657
1140,12350,981,4732,5052,942,7478,1341,537
1081,13668,922,4854,4267,880,7329,1641,739
1264,14847,971,4127,4445,1026,5304,1772,656
1259,13793,1001,4521,4946,935,6782,1648,612
1028,15568,1001,5037,5017,979,8339,1697,636
1405,13226,1039,5189,4201,758,7913,1687,851
1003,17392,934,4248,4849,1025,8591,1478,518
1050,13216,1095,4714,3849,863,8182,1921,734
1223,14167,967,4700,4600,1180,7122,1863,657
1331,13988,948,5253,5041,982,7000,1394,707
876,16039,1057,3816,5022,794,8375,1679,635
1450,11550,1065,5213,4192,1067,8226,1294,618
1234,14731,1013,3946,4078,1003,8519,1686,696
1449,14034,1002,4342,4309,947,7132,1467,665
1479,16222,1016,4953,4164,717,7647,1679,541
1377,12431,974,3854,4422,789,5824,1555,587
1278,14317,1057,4037,4172,759,6350,1502,922
1334,12333,998,4837,4758,956,6464,1296,636
1115,14763,1020,4416,4721,896,7214,1810,488
1304,15130,1018,4812,4590,1130,6582,1730,840
1122,13865,1003,5579,4075,683,7630,1659,719
1120,16010,1011,4352,4421,860,6044,1907,710
1062,15292,1016,4100,4750,1057,7118,1715,751
1235,16272,966,4016,4159,840,7334,1187,578
1146,12438,1027,3732,4408,816,8048,1600,619
1134,18419,988,5071,4147,897,8807,1454,744
1193,14669,1000,4740,4207,929,8431,1559,923
1218,17439,979,4774,5157,731,7163,1554,601
1498,13383,1058,4709,4323,667,6333,1308,767
1205,16782,1046,3945,4674,1082,8628,1371,634
1232,15250,1040,4002,4228,819,6930,1459,762
1547,13593,1033,4153,4456,860,8198,1583,778
1439,14964,1031,4690,3689,981,6704,1765,745
1367,15284,934,4953,4397,879,6469,1810,817
1523,14422,1037,3966,4884,897,8694,1418,646
1213,15472,1029,4777,4174,863,7606,1673,692
1386,12899,907,4665,4614,924,7089,1526,855
1105,15691,1037,4097,4225,1094,8196,1629,924
1238,15874,1126,4292,4818,635,7517,1450,614
950,13624,1085,4230,4719,1080,7897,1518,621
1493,16488,1002,4739,4351,862,7162,1654,885
1269,13389,936,4016,5222,917,7734,1484,610
1294,15588,1084,5074,4963,951,7845,1804,537
1499,16230,1022,4744,4804,704,7573,1634,628
1286,14287,1040,4302,4394,1120,5672,1652,604
1689,15541,1111,4389,3419,907,6956,1576,765
