"China (export)","Maaden","OCP","PhosAgro/EuroChem"
0.142974085922524,0.175205946907849,0.130778615358994,0.154985167922539
0.141691615325881,0.151407070253147,0.11607384543506,0.149068000897698
0.115900697409453,0.128725658062217,0.145388292513161,0.124226469746459
0.127204714375041,0.167888612800009,0.125419139027132,0.157392536840526
0.121871588447384,0.22470481733029,0.156182151803135,0.115669569071362
0.17029712921819,0.148592625720638,0.155728394675013,0.111804067449447
0.170296423216648,0.127117734672337,0.103971243969215,0.10502478672149
0.154014134927432,0.132446281668234,0.116527720440076,0.135179198753368
0.148555950577219,0.201336015263667,0.187532993198023,0.123854865098409
0.168929917536685,0.178418862212657,0.148240046815746,0.16473995259486
0.0861464183481399,0.121239080366633,0.123478350348368,0.118473040801125
0.182989896870355,0.154042866717056,0.148592071802944,0.168098637619527
0.213274887299468,0.192892965060112,0.139352130892497,0.153066547308986
0.30718973232409,0.173844081451697,0.178243614911561,0.192953398341166
0.13882326651661,0.187720139300252,0.158389251523769,0.155295400203339
0.200168163439509,0.16420082204423,0.187252995278469,0.184279450383626
0.14735996632724,0.146558999050412,0.120626376777088,0.138640697297262
0.200459214564309,0.186752009316826,0.122293531042751,0.155675358137083
0.11934504917472,0.15463022537268,0.121952752715556,0.142824125314393
0.218596950427745,0.0841622824383046,0.129687094507468,0.0770937347349977
0.146354001530537,0.11500525727546,0.140530417004249,0.091292535348268
0.220677175142292,0.204649103212956,0.183011562843533,0.125218671408529
0.125162765325215,0.111264428845337,0.162228441014771,0.116781068169008
0.300862611166029,0.243668406193269,0.25688782934992,0.253355478188641
0.211198862500939,0.199298164736322,0.203679354096328,0.161796575111875
0.173375287606174,0.241649244640376,0.205510343571555,0.213011818351159
0.162483100896508,0.176576856475926,0.0943126308531197,0.126928254120361
0.175989958970302,0.161356046151958,0.0964086640456676,0.0784382772954753
0.231662792713225,0.134633449478045,0.187611891155583,0.196234553870414
0.25093905838046,0.206481489160756,0.165877006333079,0.115996986251144
0.158998032538852,0.203305772817905,0.194896939268323,0.135223989830774
0.152449066379902,0.185395301982346,0.136890345708704,0.151928991324962
0.13431678873803,0.13155453839899,0.151071095561866,0.162270069148962
0.214030263366837,0.230931267721755,0.148684549050348,0.175379633701605
0.168646232938651,0.197070471853566,0.141581083457394,0.100993554575908
0.241134620120818,0.136839931836705,0.118318383503485,0.157986234739146
0.172625001369427,0.11323942118035,0.0792216294635972,0.136489493327248
0.192322487902743,0.130598160610532,0.124641149860839,0.134613410325066
0.139413733606944,0.141991848342578,0.119953302671748,0.127350065212629
0.283443527571889,0.187054232793022,0.159555951640045,0.164636805280135
0.0834993564823761,0.109027223190763,0.179293285991468,0.124998147172018
0.189689183761054,0.143749853888276,0.124476920881192,0.138431741269044
0.190094504096327,0.166706685059484,0.234844463475656,0.131613179934162
0.170096610672884,0.131372908417004,0.1082380354168,0.07518384429074
0.136889501615009,0.0762803355909543,0.127717080224916,0.092515477278966
0.144424160729382,0.0983208290863108,0.125422399896255,0.100555758252402
0.265304526840985,0.23444677749088,0.130675314638416,0.195663615186391
0.105953233576853,0.135771849785128,0.125654067504503,0.109155416538823
0.18323306002236,0.143252766519334,0.118864331992084,0.117311912358435
0.186410756951431,0.302119245925697,0.205796491986284,0.196944646234816
0.188824671958387,0.199880647176994,0.202076806326571,0.183992788343934
0.202910449712386,0.188284664220662,0.117857380997281,0.175729614237294
0.221936160852298,0.202159719690523,0.141861898409889,0.165967841324801
0.184423078023375,0.233528137220106,0.192530261407942,0.151905287084341
0.11125193577736,0.167359908319974,0.174817952915234,0.186962315928313
0.155840478341863,0.0980275413048061,0.105289606787074,0.142981521367121
0.144852684206917,0.223872360748919,0.118917609578383,0.12964060552695
0.145634111452936,0.180121537472003,0.127710592890857,0.156607157465106
0.211999412265975,0.163982600375667,0.223190351022449,0.198915421502103
0.116132055701663,0.203337056090441,0.163023756123605,0.166650820793212
0.141905117141817,0.134845059239973,0.123083877992933,0.148272792363559
0.191754291592178,0.188970338094155,0.10763589859507,0.138692087482659
0.130526560339802,0.188908566938697,0.169356566832004,0.124761455045045
0.237105631419797,0.248129470173117,0.172381364373011,0.239484108396813
0.172739016451457,0.111573604638618,0.0859464586047023,0.200121534301523
0.205581625857439,0.109555823900438,0.140694681070467,0.112333254426779
0.226419582070279,0.160614824175252,0.192233460702959,0.192334830506724
0.14041033305017,0.113882601409006,0.126878367262212,0.160206986600736
0.174781436062616,0.12761881432105,0.116184356306043,0.111656334465912
0.223012673935863,0.151782857016196,0.19126455277087,0.169929440767049
0.18977830167993,0.15297023784678,0.168499692531545,0.163462833123633
0.133900385216852,0.177624115039467,0.142627645645965,0.121365886538311
0.33835684572543,0.250004882622533,0.25535245759828,0.197112432346841
0.20122729395118,0.156779446224945,0.134479854043641,0.12519765171356
0.0974374763836549,0.220063520748039,0.171006000104412,0.0750617749308794
0.126089551622948,0.0931810584338528,0.0917260325159177,0.112145161882726
0.137659634393193,0.193665560432966,0.172835922280134,0.0936329053652319
0.160098185789461,0.158185279300464,0.100181998533188,0.126715651159922
0.18711511728926,0.130687391932878,0.10763682942076,0.151219117377537
0.141133449899266,0.162077971887881,0.150177950689174,0.113454708190037
0.126923941620894,0.145445856810729,0.14781690473459,0.181707976029087
0.171508740961377,0.181551953541922,0.11804938574507,0.214293126585447
0.144334619963749,0.130828673527266,0.172904651676643,0.0562335388320677
0.252214408808768,0.192734763456432,0.116331176719412,0.151335691106598
0.140570424544665,0.181621397316341,0.126427606059518,0.20708418409988
0.241836291832977,0.206146164965069,0.113665080147194,0.136416993847939
0.26773108319055,0.147458130309135,0.156340395558034,0.149514147682556
0.165372708364427,0.18709329315542,0.162234585151852,0.160937603474674
0.223819134228382,0.211674823399054,0.138434349747926,0.197376208629211
0.119660689306537,0.17731813650315,0.158401312479042,0.0705989612864026
0.147168692479807,0.13252562690786,0.0848918469034502,0.0931810976563811
0.183732792316327,0.151954383597265,0.190576288269007,0.200725683827923
0.224326232733914,0.216122987710289,0.177564468460797,0.185738132308727
0.241230017929563,0.127849887781048,0.165894860463933,0.169660158477903
0.127306896925119,0.107818439300144,0.0929703691200057,0.0968723109777524
0.172998535401425,0.14502296651794,0.121269347956135,0.0790020229827818
0.216854653535073,0.183562269892228,0.147444406168451,0.154145364540467
0.139397925438506,0.123028967024974,0.11490934076267,0.0977340007844386
0.200791790539295,0.166820437658387,0.124933599410481,0.104430910594089
0.16891608531163,0.158344995157702,0.16687062853663,0.148113572413331
0.275303631325697,0.291497476684571,0.225395816642496,0.211177593933826
0.253668225919498,0.109849387241954,0.124474644008911,0.125725523244156
0.171663680745882,0.121607597931947,0.128308132478031,0.142262243202838
0.171676256741451,0.133578492703528,0.13236931223637,0.158375206679316
0.218017365628844,0.194715732172734,0.160759900235493,0.22612275003002
0.213278663539662,0.19861029515537,0.243757726698294,0.107321756876972
0.178913740197374,0.254107782222042,0.225234313438915,0.186664459228745
0.230412832518864,0.171026833677463,0.165186053423312,0.169753518199591
0.189368478914629,0.196192509987816,0.101401019102372,0.129571419123879
0.21750486603263,0.186077436470333,0.148480092657663,0.124799505277557
0.139502122443463,0.206326542177826,0.133261138761364,0.0746455744839126
0.202902272430004,0.196152843112112,0.0638504180169153,0.158361718931664
0.11812425108591,0.144732521290103,0.12925937705147,0.104156052784881
0.157722552681849,0.150189853260097,0.11003916596194,0.103323465582698
0.159181808336009,0.121747732795002,0.211398202476071,0.15720047686198
0.229661754979003,0.176655512255658,0.126351720659443,0.159408719419725
0.0856885064614047,0.137432012319685,0.125068038173831,0.122118742430439
0.153871305878106,0.19353316252885,0.198153508237283,0.144114796316617
0.261418694741169,0.18158419106808,0.163818148412222,0.149112529664109
0.184554753696246,0.105439753965366,0.122859119994146,0.0842035771207619
0.183479721901864,0.141621247381732,0.233132513718352,0.132753636334076
0.137340977031431,0.137701641116362,0.109757100694262,0.111516070129505
0.192929932280507,0.204330165750061,0.164529839145885,0.0685169106220711
0.178728998342865,0.15315043834934,0.175249708045863,0.175296532874731
0.227296343804972,0.245262045439033,0.240869740513694,0.245800354675025
0.20966795206236,0.127506669541254,0.105256183377636,0.150289260723952
0.132251563179527,0.132328831682538,0.186385665526598,0.122857817048714
0.189313779080935,0.163142314392327,0.145845091461901,0.195915961045913
0.167093893205755,0.259754400634826,0.149592197139057,0.143622850276399
0.210402196429695,0.0649148505069071,0.207287472566691,0.221901941729057
0.192038433136602,0.149692111011074,0.114313506419577,0.167384733359658
0.234549216054659,0.228329147332384,0.147305417333523,0.209120625255332
0.164554695696625,0.164680689037001,0.126487918247649,0.121894570226099
0.209314550675466,0.196312097038404,0.141025328545701,0.13818423798331
0.209827709736678,0.182707384554163,0.124308982678685,0.0671433642907262
0.213532580037738,0.147517250800533,0.124141058960055,0.153237589867989
0.153095064798063,0.149434495864891,0.179824510837557,0.171506796630707
0.114635796264171,0.0748380020501538,0.174112385114979,0.169639571229202
0.202942455236543,0.183836553673838,0.113124049893691,0.124340428955355
0.251410410640132,0.198624975750778,0.117224599565235,0.217053174496948
0.166708782293827,0.149996135519023,0.103599299898501,0.117693650204382
0.180596950077331,0.174069606606811,0.12759704648263,0.0776825894798217
0.240230422623621,0.163191092463667,0.223429043755376,0.254721400269398
0.132746176215443,0.134206726902908,0.183671354622457,0.144965294527729
0.150371824142384,0.153495467871382,0.139106980186423,0.129041338997999
0.253823344785282,0.175282380056783,0.207842931566147,0.0932863970289577
0.214102836705677,0.171827638609023,0.141446108502816,0.102135654611665
0.126245913939456,0.143321553991162,0.153440650892066,0.141939390056177
0.0879037892544675,0.0889535764212342,0.121029188983834,0.131834033807342
0.142562035437588,0.085461543356586,0.125441089449422,0.0962207860495865
0.191242501193761,0.202870276874649,0.0826589902814449,0.17241982255845
0.155438448867422,0.176072342300543,0.177463186699124,0.129897964012149
0.131686648840558,0.107624237536179,0.140661287981299,0.0994334011850782
0.142854392883363,0.194500821864505,0.223201735168224,0.131358203844533
0.244838752071078,0.238412110403233,0.0942407629077484,0.166197372864913
0.0661678661272269,0.135472251393131,0.088240064440367,0.126031534301955
0.31735775513681,0.253884572726833,0.211607400853871,0.230950638347959
0.223353612357026,0.14040172935756,0.118670299805498,0.127322856114456
0.188419521549377,0.217139328966154,0.151823346055138,0.166312554556976
0.215832139542208,0.195523260786982,0.15269435449111,0.172141186160738
0.197717325668902,0.18091019005534,0.0853274391473836,0.163259965528901
0.0985741746283974,0.156210826533947,0.110318349682541,0.131053582953972
0.132321963254919,0.100291867656237,0.0783522476674647,0.108453230331364
0.109585990132278,0.281441231460615,0.139516508882368,0.177145308521853
0.232491650504466,0.198969839639946,0.214302402753753,0.176580604091922
0.19966540875959,0.147103494654505,0.19284052039755,0.156073206020063
0.187067924062198,0.257313858080278,0.20269013291812,0.167537654947029
0.188558182309203,0.161028717360933,0.176493793502351,0.118239266544684
0.219794377165159,0.167446507081157,0.152149405728773,0.14030550998535
0.230111731678977,0.153664358063887,0.168969308016678,0.0911238033914856
0.161913461628137,0.184605930281833,0.142940473589362,0.157484158403768
0.172955481579739,0.156917587378508,0.150448885855879,0.153277596594561
0.15487576824539,0.166264762288207,0.177997569320973,0.0985830479617916
0.156795872042144,0.139374947045278,0.0514695047017975,0.189239256578121
0.145698169755095,0.07383148683175,0.117145066480697,0.128442348123579
0.177906657538271,0.256450429773024,0.141258716349752,0.234676810739337
0.214426816346166,0.224117760599512,0.185594126713276,0.207423361961099
0.186019270844637,0.215593130360636,0.141914081917136,0.16609417440987
0.166438191323594,0.188915771657194,0.0833765086999317,0.226316051096704
0.164688768625856,0.0777333546896786,0.109904194659034,0.0956248408336396
0.161703570683588,0.107294731758712,0.124370615881473,0.114023865861157
0.165691129599815,0.140766982906103,0.140633655349634,0.146900355569959
0.214775701489559,0.218169967785843,0.146974062917288,0.18021585123551
0.214239303924312,0.2131375396542,0.120726382784408,0.115846134642063
0.169481349025991,0.22045650327088,0.148309401404935,0.207248994459139
0.271428076153007,0.179011914965424,0.100680064775284,0.135316727585128
0.163361789258397,0.125157102107545,0.128063225837333,0.160283508813515
0.195043162035759,0.153862886340832,0.206608832444444,0.133676539873787
0.191524222123778,0.171508196145308,0.168096110452368,0.197012752013712
0.163075375270243,0.121979334121096,0.129510930773009,0.116353054283115
0.192313701888476,0.124488200304613,0.126637850052169,0.131166167751717
0.218737735372243,0.134093055697979,0.130420360707104,0.126579874145366
0.214779161353904,0.132106078274801,0.127320713555748,0.201689192953929
0.199399198741564,0.161150896633397,0.141859938518204,0.119226122515634
0.147941120911991,0.105742045835396,0.110309066827567,0.173414007963627
0.175534025177564,0.144817031933762,0.117928777015774,0.162464779649203
0.120281737703579,0.136333647619935,0.13019728848151,0.143255432715902
0.171345425484682,0.115673573874547,0.135726873454092,0.114584089507452
0.217216472306116,0.133942655804087,0.12668114691574,0.140940860014832
0.194374007902513,0.185278053194277,0.165679584863146,0.178872552680161
0.171439885855315,0.119274053848832,0.0811800484995029,0.127245131108037
0.115780713232748,0.155567466578513,0.092774081731286,0.133924600895937
0.147402287558295,0.197864520496933,0.160829582886981,0.236986732963113
0.187686724475828,0.204318502666434,0.199721320044685,0.115007790130309
0.194284577686059,0.126035092918122,0.151569900978436,0.0918664773843696
0.23176626561294,0.208447128894503,0.119602531889902,0.132485332391905
0.199510236713331,0.216019285120332,0.115455918009884,0.127757454927054
0.160857816950142,0.138774730649371,0.0534491611020165,0.176847343460315
0.17547260934893,0.151367798290277,0.161740355212363,0.123057260155692
0.165829304071525,0.174381063946751,0.13921379135232,0.0437831535621119
0.14318799772749,0.132578244455096,0.0970119656832333,0.182467576724376
0.158170322127024,0.138741491357645,0.157293969891375,0.141866596623615
0.274995351143411,0.206351661757046,0.213015114920686,0.285307052277205
0.315507964167633,0.308663275958787,0.142930427956953,0.168912638616359
0.14190758209989,0.130617906814553,0.138007501913502,0.11933288901278
0.153587099868303,0.117973494404709,0.12143039389354,0.0926306616288208
0.165422622737767,0.135627579661863,0.166510630086783,0.177574760706963
0.162392104245845,0.154859242607144,0.0965980773034333,0.133593217927295
0.180986374356251,0.119070486883721,0.220510628995667,0.130897047786529
0.226389696004527,0.100726955099874,0.128721975114279,0.0628044689006419
0.16978371665201,0.117293038804765,0.173082999433345,0.154735682737391
0.225916783532368,0.169786144675377,0.186601352956217,0.128734020062313
0.15480328614624,0.166937043120105,0.152690383452202,0.191564288408005
0.223699726100937,0.135887579221819,0.18160720706247,0.22755938118324
0.207707740425733,0.172297330195228,0.153845703434873,0.107529404288007
0.150496806122986,0.11041041727487,0.149076280723094,0.100236736273023
0.214559134443316,0.189735590876288,0.14701986553087,0.157875754266498
0.150530079885227,0.149200444076718,0.121808247274346,0.105824125808596
0.105990500573125,0.221786029565296,0.126481402207089,0.159730153829499
0.201345547569405,0.150060781169704,0.12797329705324,0.182886150930346
0.113634933493275,0.112411396507979,0.148262980317943,0.0740023015250401
0.154629280728533,0.0814625091883676,0.137980353430026,0.118800689538887
0.165753178763428,0.111767792691016,0.156766278214,0.145014711611304
0.205121919607883,0.176755782893716,0.153483560071995,0.180283200756699
0.127762437396927,0.148908778671881,0.0878403133650359,0.177566842683614
0.173455306843388,0.164313062692798,0.146332608379213,0.185363420028819
0.154142763080903,0.120961924008959,0.123290707288909,0.162646323780183
0.174818983576089,0.161333148701531,0.10067691379298,0.141298746545683
0.13669048083211,0.0718415569347079,0.144050926573916,0.110238213152228
0.158947145484386,0.166973806732654,0.11284681501991,0.155838626123093
0.173028859702206,0.152857865876187,0.120384293739657,0.175244298870548
0.21053727424684,0.214850471253661,0.11547885472675,0.183112264227622
0.0894742186126095,0.0968722904298517,0.139385013277004,0.144038659949652
0.094832874664315,0.136475029588552,0.145223520068962,0.113284144973504
0.197575639708921,0.149750139602913,0.202164665120932,0.117614906791611
0.158220149734583,0.162414236209561,0.0913935769770403,0.17569079641982
0.0363261555149332,0.112206904288469,0.156153317748134,0.125342994415371
0.13386412110377,0.195005853087457,0.168901032501972,0.12049429529363
0.135935375142879,0.124154034405949,0.128865043989537,0.115813937726915
0.204438684046446,0.116145106850654,0.10313313893486,0.166231081961816
0.203972393684999,0.217375719467585,0.154099442976614,0.121922293902472
0.299438038557536,0.194235478083548,0.158296658714617,0.199647483208872
0.167880596129759,0.147681548255055,0.122575952945916,0.115748697826526
0.177982928941903,0.121321634719829,0.188726398441415,0.105478732738044
0.174477201565725,0.174547915043039,0.179137961312385,0.20120205507956
0.189404603284058,0.112244192348566,0.0952239190144302,0.0649198594026728
0.172569980349378,0.201418224554883,0.129827976844278,0.119355650485439
0.196932307107977,0.142588976348667,0.109658465206858,0.139502526205003
0.165131905632952,0.175033121996991,0.148695685562885,0.135354426158904
0.168883157827816,0.271975840102352,0.107316163812767,0.125806316621745
0.218461238793864,0.13133905906792,0.12029945287486,0.135728914834086
0.115148101827164,0.107227972630968,0.134822989498438,0.141932772637315
0.218561428843815,0.139928725099882,0.0928875298441021,0.074258920475581
0.171874380057346,0.182035600472384,0.110749826254377,0.173189666815225
0.186075934226285,0.251449701448068,0.136939328500707,0.147134538078893
0.229357757801603,0.148070400749911,0.235850011892646,0.150070479052648
0.229849110237249,0.178179544454187,0.127293848745355,0.144897517872562
0.258270043519862,0.188782613394381,0.148576723012515,0.190775959240211
0.251693927523608,0.15099576274393,0.175410302534858,0.157043683088996
0.174200075250308,0.106488595716982,0.174533790044179,0.114922571167144
0.2727302212269,0.152381473504678,0.113601974986009,0.137564222755309
0.304523559806569,0.265864255625443,0.267829291765836,0.185218503438612
0.158410013031466,0.145823347759115,0.116888501149997,0.11892066152307
0.107903072761116,0.138268012790706,0.153536869339826,0.0777013506305206
0.169795240780144,0.183612653022025,0.12120927309184,0.0940546323900537
0.17855871067971,0.121298289153135,0.1129390891068,0.110243225613562
0.152365691261122,0.111251991729201,0.131301014907452,0.122829757170281
0.167818212405742,0.126552321623903,0.103241809111811,0.152691995689802
0.145367588747808,0.142158386922324,0.0728064628758343,0.12060782176722
0.201919845146815,0.194628142171083,0.148215672097043,0.226442272741546
0.185238853171262,0.125605289963005,0.127897353283993,0.115949374322738
0.17676535901884,0.155384285704766,0.141559140321511,0.129052313044799
0.227113192058895,0.199999363267663,0.126005799822925,0.145102239159296
0.257197427197221,0.123708783250952,0.184520694266585,0.144283891726089
0.201759914073811,0.180577289460173,0.123903136220996,0.169354997301051
0.18646209042435,0.0901299522606392,0.169701072849089,0.175578886117524
0.174139710679243,0.192644935077845,0.1272201241231,0.120866477306685
0.177596260137351,0.161823979662607,0.0920188134985833,0.121011216016571
0.203357401563913,0.212420358155245,0.194865785871468,0.189233949572546
0.220246207998995,0.138095923733708,0.147073322888562,0.163391446069348
0.182612921568669,0.199509387131174,0.178671464395219,0.157567279164918
0.207389424815256,0.146124742786689,0.115776035922535,0.187421517553976
0.140576568542022,0.0939222774860461,0.0927045781283558,0.0791356757653789
0.179327085224934,0.134600891513664,0.11058810099242,0.112828278661734
0.235761415152834,0.147316089513422,0.113474078430162,0.179845305235514
0.222511829508926,0.218810531233543,0.173636423370287,0.214996452645811
0.196944762342104,0.129582841788379,0.0942426055239815,0.148379626469579
0.198495452170046,0.167605434708314,0.161519296939504,0.201841301412074
0.257841964590763,0.103858194542242,0.168851338196279,0.170043645927073
0.190614477692815,0.179531119738117,0.147382860552459,0.205314968449386
0.255123166070789,0.166128821136,0.137910996258611,0.124568039536244
0.17909393492138,0.19457569398423,0.086495633063863,0.095573058817603
0.177642773479482,0.225032750732479,0.193601179422347,0.301011231132423
0.209965327834514,0.205798555010876,0.146192104615191,0.138935191894802
0.174139688213469,0.183962304231926,0.204750160002333,0.190037615140639
0.111995850851033,0.264541390402195,0.150729370616832,0.193434635876959
0.165580597995792,0.167775185185943,0.139705238031367,0.127217473214014
0.170923863115607,0.231432126327758,0.127546496319901,0.187358888675845
0.235122915716322,0.175900955151285,0.196119951151838,0.126321036942087
0.185430573761084,0.107868203408154,0.125446499013326,0.143816167468537
0.248441837861072,0.101315611905374,0.201908342423056,0.105083050839909
0.207412199349513,0.174631764785199,0.171558529204341,0.186843519614769
0.171440509807914,0.169756669537414,0.141876622797017,0.0729846092922796
0.192471040643826,0.121177193002803,0.143343449770448,0.226188077933627
0.183789194096255,0.21186136819176,0.132702075713902,0.210223882146065
0.136552315787046,0.0595253910063429,0.175727899635009,0.0998919255917098
0.182566701077499,0.199081345499402,0.177185805158952,0.129923370717119
0.241934980361872,0.124513860242901,0.110522869818116,0.159016637295097
0.0949726516174633,0.07677556534413,0.112001038192222,0.0905630804424763
0.206453116924238,0.183431892596084,0.134490495473356,0.161705635586682
0.189004616883248,0.198215229331106,0.198582297410238,0.141993660775221
0.198928388505998,0.184579307478555,0.170115805592177,0.199076820966491
0.196279112730293,0.0955070073661266,0.0908025631626473,0.129387009380162
0.173475109458242,0.194971863138382,0.124225095771341,0.148703199562356
0.224141478834764,0.233742758215596,0.230607272850333,0.174885929094116
0.178543357120532,0.204720360617791,0.1732051108982,0.186220379191068
0.190639805353878,0.212593018518419,0.182036400924721,0.129571325720865
0.20790955096089,0.156829831043878,0.208088073823472,0.0825102534756967
0.173169151389306,0.117142772646853,0.164189606462832,0.166924652180706
0.113695388596971,0.135124095351734,0.120102477696477,0.160668280553644
0.209071897631065,0.212531594487428,0.122475786344725,0.164079536171255
0.219401730523959,0.210335089929915,0.192926772661153,0.164784899646061
0.17809209449868,0.17369306945132,0.136182444803792,0.111626616781336
0.10948643822615,0.0489576124202201,0.0964353356358906,0.146936739290219
0.168295800402246,0.139547292453333,0.107715457001344,0.108558611629842
0.161885902932767,0.100877865543465,0.117427681729658,0.117850195140028
0.179467565124788,0.166674331140876,0.179984532802944,0.145084032391167
0.203223380705247,0.102878907371819,0.117322921150795,0.194227709778447
0.228969432069365,0.173152944352979,0.120700712987958,0.176436804483532
0.227081868451094,0.226350205938713,0.172466756496216,0.163846073036956
0.153219219014497,0.16049923825142,0.155376519416118,0.141775968486395
0.135970254300675,0.123057252772047,0.097297841900748,0.143601998319076
0.143904268093487,0.170220267015014,0.0977489733821583,0.179056570549577
0.158919685371059,0.137533938484383,0.162790515144139,0.115960820047417
0.137533156081746,0.0930095068685209,0.109475060725072,0.097963826336257
0.0603164928903289,0.13312996634781,0.162357984885841,0.12648997443266
0.220287932871558,0.134541653060601,0.119431999119804,0.201063822373283
0.120052365508525,0.10126466701465,0.114041050842974,0.178642551142145
0.208881602930411,0.107751710139686,0.115016905020909,0.150818577353012
0.186824742511968,0.187841956619822,0.0690295794832967,0.132843570905927
0.19821081148501,0.0890323877056635,0.121810194386775,0.168512754123595
0.159793460864658,0.162571747121034,0.110829332769375,0.108227252006424
0.141790340184908,0.191108835653744,0.102729864153898,0.107523580643689
0.256604858379331,0.129980900994165,0.0732266616309159,0.0959339002418226
0.117243384865338,0.141110792821344,0.152229986261452,0.182723676296641
0.235573694734153,0.254409924840414,0.216941883394909,0.15445419187863
0.145254827970504,0.13286659782978,0.127239969795839,0.200919169063936
0.124781951149429,0.139785815675307,0.119635608097653,0.12336912375791
0.146974418955852,0.120289984496003,0.10891994732886,0.13670061746575
0.20840554874961,0.203596984019646,0.140844843283887,0.193128844396852
0.111566706318895,0.142241884137029,0.160259355877831,0.173186039801637
0.224501415460713,0.184313656212133,0.223256933267767,0.22454147543424
0.135185159477179,0.0994667742723084,0.12861799985142,0.0971592309407224
0.151045190985521,0.146249797654554,0.186660340403191,0.179715461560241
0.204102566211697,0.149893301935664,0.197215961111967,0.150988524503211
0.201019151334043,0.185292516719745,0.181845741901505,0.143624086738487
0.19190111640028,0.204756762197003,0.120156419100641,0.127968390986279
0.204483199496457,0.209775694942933,0.0992683080826005,0.123634849963897
0.242898178133654,0.125574009625529,0.142655126559154,0.125154235082714
0.150940914307918,0.132842290481334,0.18786042267544,0.140651832893488
0.166857326213034,0.177348303480401,0.130156570373525,0.149397594516568
0.182091706048471,0.147544152751577,0.109587709740676,0.133038843148032
0.313422979023856,0.225708030642122,0.196622769699096,0.205469692285477
0.183885385948418,0.102997500285306,0.111140041019848,0.13768235400302
0.159994707367412,0.130417750262667,0.107237912380159,0.177312424645352
0.195952756349807,0.186266400219393,0.158347532355414,0.138062918064889
0.151619028103523,0.118966100832408,0.0537205943973329,0.103901137426401
0.191613322640845,0.168381705433779,0.111251986671716,0.0961369021872176
0.237898320860281,0.164685835269606,0.170093057588366,0.154786889158057
0.162938515846437,0.14502688321713,0.0833756663783363,0.133888581414026
0.224149514922007,0.183515654114374,0.137595895154388,0.173687860117401
0.211572059619983,0.10455982441621,0.0952251290743084,0.156690813687216
0.22825540070081,0.256192998269745,0.164243729209092,0.216236149118019
0.249534878540486,0.165221311771567,0.221156180920393,0.172762785986248
0.241959244057397,0.287980205857904,0.133990831922765,0.184885255338957
0.149229939420737,0.216263734940936,0.0900405863330644,0.113188276267689
0.148920998727264,0.127378287128518,0.190406313669135,0.0999932877645604
0.15385925864062,0.163692065928919,0.179889226388044,0.175257056073876
0.206511344653142,0.158358610848637,0.195780168432029,0.207215879700347
0.157789108746321,0.217432053284766,0.184523894147809,0.139885171218828
0.227257162740506,0.13964252252977,0.150664158917169,0.187368874776392
0.241035683806082,0.136593355901314,0.149304535088433,0.151110393673387
0.180170539615949,0.0943606778052372,0.104365201123382,0.173154118077775
0.221230384293545,0.127487712985719,0.203284360505915,0.146698033833274
0.171921104020465,0.154870968421374,0.146722211869747,0.125294647209806
0.182793898617058,0.152071460736905,0.17313841292433,0.173677860925126
0.124468421319418,0.149136991446779,0.141235197534296,0.132687413295753
0.0949192736463851,0.124384491387688,0.121466830123279,0.0967986136650553
0.135943997670947,0.148003377280218,0.0723862195924029,0.140974177245282
0.178149351575381,0.190338916080487,0.134888211463414,0.191170781395276
0.161701803650608,0.172897928274066,0.0686181502775385,0.112725233044004
0.211073136212379,0.146716648773362,0.133625736564864,0.0945676045927459
0.187014804197539,0.213712591146423,0.156878837824006,0.17713746281705
0.099386511975188,0.11239600922703,0.114759024583433,0.101969594497566
0.201991887935036,0.151608378588187,0.194386466428172,0.146230814240401
0.108976508115982,0.147483601832855,0.125530829504599,0.102910951195272
0.156599743983466,0.171494844078639,0.104511782418456,0.119132413437007
0.166267246608841,0.132522584325079,0.173201336164036,0.110088908468586
0.157955557172349,0.161098357090878,0.127845743221708,0.133563930706412
0.135925720522181,0.110961027842865,0.166705066539145,0.150963658389021
0.238218154652803,0.191689296998907,0.20819343567793,0.20249069882971
0.1405264167316,0.145345202721604,0.0931019801124059,0.133486832459443
0.194207444299029,0.205590517237363,0.200374945610565,0.174631836357704
0.121056430859305,0.103903945301822,0.195080537071011,0.117923221400418
0.077128923296502,0.14386569088571,0.13124452010859,0.102080551626505
0.0802834611936567,0.166284833516806,0.134506005319439,0.12292750656973
0.138068367696136,0.0959252241463955,0.0746919111444645,0.157646568567271
0.28459150398269,0.104372538532238,0.127434164938202,0.128879301421077
0.283802159170736,0.10831907824618,0.140065060085985,0.14822515735807
0.138812285851984,0.16887629358449,0.200498368994405,0.136600630047395
0.234385308617626,0.13492083436073,0.185618298698861,0.0923364303090256
0.2146062358375,0.166617735649607,0.141257227127429,0.207689881459215
0.184639913226899,0.108723182954827,0.0935265001008466,0.132510403904923
0.203376276796762,0.110360416933582,0.171055885082612,0.0962547135918547
0.171764728783159,0.172505642722873,0.151266677874213,0.178665152065412
0.137762173605255,0.121826265619273,0.17929779882393,0.102578049946462
0.167223361513211,0.228878659267834,0.0985644576351704,0.240929043274339
0.214386568401064,0.172238047888546,0.127867501650995,0.108876537139702
0.228061058356316,0.095235042733238,0.0788782415807943,0.125401801536964
0.164973490077291,0.177547516486205,0.167799514176659,0.132053031651904
0.268627352404639,0.261828682604898,0.0758580028041625,0.195541965027824
0.170265340881433,0.212300971872186,0.117050086940496,0.11118107426081
0.201061329390481,0.145725665414355,0.135613299531602,0.194121042526835
0.228527539722048,0.152895205313918,0.119993226194368,0.174957081308044
0.201974141611048,0.118408982571505,0.121228477603853,0.145749332870796
0.104020287756656,0.106509455690927,0.125062937964009,0.125740973774507
0.123350581146338,0.176092526680597,0.123024607561295,0.118439669057893
0.195023541397257,0.162654999850116,0.210568636491585,0.187024750907726
0.310168363932154,0.233627965007786,0.217659614784886,0.204239148371259
0.245608094412214,0.16196464696516,0.269063011508412,0.198772806516872
0.235458722904253,0.177811158275281,0.132563443058797,0.124441543925393
0.13687031320266,0.226568566418352,0.174806040857614,0.219878419444117
0.200214374608313,0.157607114681844,0.170814445615784,0.200279994850538
0.170683692636247,0.133331414104043,0.117671543167635,0.141322423827407
0.217937616319949,0.136778980091949,0.123111032280911,0.170007091382187
0.153629189593359,0.156533425683381,0.151597342722258,0.128422519151356
0.162999717415021,0.207509083696494,0.108733517700723,0.153819997418494
0.153746500620838,0.121446334750685,0.197327486743801,0.139162224939896
0.282285884461332,0.202980727346269,0.194204004644869,0.180798025048173
0.238416683583305,0.218917739583965,0.154007054838575,0.230119830204459
0.244901861960939,0.168138405831713,0.153940733183716,0.163762797962026
0.224228093713353,0.166443243623828,0.0908142330875118,0.10767210053162
0.147158258715529,0.135514578580095,0.111543721919422,0.143273934726004
0.208040096307648,0.194507849456326,0.170021016183017,0.114373903106388
0.202770565851925,0.166887482593956,0.0955010332825619,0.194850958903451
0.199835369493456,0.126791875023577,0.127753958270402,0.154452177304298
0.138927469183651,0.147830312990553,0.0901956758217471,0.125849008876993
0.120879654072382,0.122754429523192,0.135934637930722,0.0400294338154806
0.121614413283582,0.121281679059439,0.11912664650089,0.101862037942358
0.226420017874857,0.210212762454208,0.150670998146073,0.119060843869725
0.253903248016473,0.194212834195374,0.181632682550352,0.199334137686693
0.0517039311192982,0.192262839741601,0.125531803400385,0.0587206641963285
0.182457088974783,0.14616059587061,0.13752721004765,0.146525178697931
0.118279973147823,0.209138644088951,0.104594821063387,0.140057393758677
0.126186591087147,0.0688208018861268,0.190346179701797,0.132982993594567
0.259081242561543,0.124240490073678,0.0945623014910147,0.132758054948093
0.159616862080906,0.125779964777864,0.126810008793025,0.161470621997496
0.140879879406424,0.153883856519192,0.0821999349534767,0.146383193947097
0.127064013849611,0.167421037877513,0.127952885114954,0.132701157271478
0.10865489984286,0.0711728756163744,0.177439259525978,0.0791396750653299
0.135367509903157,0.20300391392439,0.147947184443209,0.112039478824401
0.206759043003782,0.193503743895739,0.123500167136283,0.186560831379439
0.0979121682121693,0.201325308065223,0.124064052473863,0.136578035706385
0.178725644724624,0.136430481774968,0.129068620969599,0.181359046816498
0.155342653580651,0.128994494599194,0.220161325827704,0.132440871905914
0.165054005837513,0.227819794059365,0.185400843301005,0.112407408695586
0.199292560141514,0.088029685154107,0.190086019764194,0.17191047649699
0.201782458915179,0.229831751635441,0.0993204956755541,0.165286324283486
0.0426012675897147,0.0914303134875695,0.134900911830333,0.120536481232029
0.191626998009636,0.13914763464054,0.167949404483564,0.164000308795843
0.133838217957029,0.124630833626569,0.113277137713964,0.121625355144913
0.144375968951603,0.188785701266645,0.13323418256135,0.14318295694999
0.179368803554296,0.193757415060102,0.0955960074140275,0.198802021055582
0.222299478892804,0.2688069394859,0.237179412663255,0.27857392817547
0.176828856178686,0.14106630162712,0.105905684187538,0.0654781724201051
0.13118558990464,0.18262216913028,0.115506400226729,0.121955048765602
0.138443725375379,0.155009733292025,0.0503779723351924,0.168928916980928
0.189848830042743,0.164730141548481,0.225053193252725,0.153437239544505
0.115360065788216,0.0231195268073853,0.161463122327874,0.144016846584459
0.0967551131676369,0.12004836865602,0.0864135434150985,0.100664970893816
0.190527553696638,0.163018886103705,0.12052807479558,0.110297000118057
0.193649072329735,0.173112919320608,0.113384659357317,0.176972091472756
0.213538760793677,0.154924928685827,0.0968069851508649,0.168397186436152
0.19057164667875,0.145023684694336,0.13036530605073,0.197163939569003
0.147765015726022,0.147901917757645,0.125052960472662,0.0529595006598838
0.110167766809449,0.163044214806576,0.208770996198253,0.146823987576926
0.257900659197591,0.196691294531248,0.126057212436875,0.22018732908319
0.178879954475312,0.162357595919797,0.16051315501963,0.188958041403759
0.113472659312445,0.177409736481344,0.121507004772925,0.114936425507953
0.10843120383887,0.214059540931167,0.10593021044385,0.12977963780876
0.206475712201169,0.15606203992961,0.155675385321816,0.122804266844961
0.256875822514446,0.171277790751308,0.0819059391388716,0.214898011472634
0.191269031303559,0.25062104412205,0.164020674615644,0.148217525905058
0.272723492242856,0.228302116021811,0.208246861005038,0.232518088801795
0.181094176235237,0.0835320220765228,0.108504325181035,0.152594927882027
0.192551636621245,0.159562793161515,0.129210796826014,0.140168690149217
0.14641100875659,0.0399873115416531,0.134004804859648,0.163405405071285
0.195034996377428,0.177483422002061,0.176954219558409,0.206616958671707
0.163564633134117,0.0940534943407672,0.154589075441339,0.111944980484728
0.184404105434159,0.177984821308902,0.167626141731133,0.114999842968704
0.184985195140693,0.137725241938929,0.0924617144042827,0.116170678852595
0.154966652880642,0.173177344048915,0.165904576463171,0.16128297501991
0.162079075074603,0.1639502363801,0.125195745496248,0.171130890938677
0.172126764560466,0.231748252937343,0.199310870125106,0.179237444554033
0.145705776526026,0.208345851893494,0.0986021541082621,0.139968264922579
0.170086179877109,0.197109484390651,0.132772372149519,0.181387246091827
0.0969519988229286,0.108276029633659,0.111957810632102,0.105073958087695
0.245144510169425,0.129129059258116,0.115419283969782,0.114876104714355
0.225095036623217,0.199467069322918,0.175820780071721,0.190789537972667
0.237753698296943,0.241552028785096,0.341625584082771,0.178277290131204
0.128405836912139,0.124595969144853,0.124151559532515,0.128704551185097
0.203739976061486,0.229385005900435,0.16552888877239,0.188008264504368
0.188762093485942,0.194732637350028,0.184144319976691,0.202902482165616
0.156165017040817,0.241804798950307,0.117362356376714,0.26198107343997
0.250468159134436,0.119936934093815,0.24024651471173,0.210620310289485
0.153788312929876,0.121029606739928,0.138090195904886,0.18163442651816
0.253012490827378,0.163209388381932,0.123166507081689,0.149537937586193
0.159185146332524,0.117784439553245,0.157478842784796,0.135198419529155
0.156027889702004,0.138256956277044,0.172007517129061,0.122656489121953
0.191848458101229,0.157378207601529,0.128882396002851,0.120879236885204
0.188221599767267,0.185383912716973,0.143920671390702,0.126228885636405
0.199285269277381,0.200588238668818,0.13488636806343,0.164265447640761
0.13272043058171,0.128781402497625,0.0843815142812306,0.103941666525688
0.148364952308961,0.102859903301984,0.170812442996969,0.113014936124049
0.131428030825724,0.150313032387989,0.0732196310175519,0.185674993856085
0.173780253034765,0.182487317714041,0.0757039400343728,0.137769614621133
0.194137317107144,0.145591817439481,0.0861627147991227,0.11788013266821
0.184497952888146,0.12823586968517,0.101193032855598,0.126095014423401
0.168740915394616,0.103850153511423,0.143206975665052,0.100883080849577
0.180263247843389,0.173806772695353,0.168833107666592,0.0993402099838199
0.18216278539516,0.186228309341338,0.144467611232295,0.197122891915168
0.222657550928862,0.203136509068614,0.115200624233574,0.0818212696090471
0.18944204869393,0.224786901351626,0.222890074442173,0.112798740215457
0.154377233270012,0.163710119826049,0.114856041834323,0.11630509676915
0.116531277544414,0.142247511533802,0.119728813950774,0.133134112005525
0.17904016146533,0.156139400075898,0.166582964124291,0.118323830421769
0.175301372671922,0.165513855074805,0.137170884880019,0.142992195866624
0.167065228471933,0.159182948529619,0.11949796439249,0.104675279626172
0.208778581291134,0.18641585246863,0.133716142524197,0.191560358153038
0.157428591877726,0.132776717507218,0.14621513844163,0.118709988327118
0.229307120210164,0.18417894145752,0.126904713071354,0.169505953232155
0.280877762732417,0.151188055176939,0.148773615657626,0.188277941398182
0.174248479891423,0.108901928597426,0.0916259885019848,0.138416412700335
0.174172821294593,0.149890548191567,0.0969271144095916,0.184608633041298
0.123992905225136,0.135091557109669,0.110268423616716,0.144315612321506
0.203002391643505,0.226796573806607,0.26218764474223,0.16736649155804
0.226597417656335,0.265447261277782,0.167936010112091,0.182953014011316
0.220002767679503,0.276880103229289,0.18867422434473,0.113255932106061
0.157102799206426,0.226923537342969,0.176157447726815,0.143276024358692
0.19207738963762,0.16185269488982,0.151378210803074,0.132654927467094
0.138071205162036,0.10465399604376,0.111866897427741,0.106907754674522
0.171277116444068,0.105074478028575,0.0925337685594227,0.125675513446863
0.136582166299922,0.18047612815254,0.0515291838247756,0.137234899957486
0.19986301804239,0.150270462198104,0.126857835308986,0.186524259357346
0.277649361459531,0.235150981039756,0.155654374626512,0.266712719590502
0.210684182412253,0.207339933561338,0.145084092411911,0.183498779766682
0.173912080299069,0.133587121881144,0.130047810917546,0.114740677339244
0.165193272126938,0.115542892388946,0.0794306673666886,0.103376743865215
0.141063164796153,0.219152220094059,0.152003119988183,0.119351827450858
0.172422683126729,0.165546432834496,0.103459870335625,0.192276990082252
0.177296501935431,0.22974978819666,0.140028836241011,0.123655323342545
0.115247552157024,0.113143338143843,0.134524515145895,0.102532745315566
0.219158660040187,0.138442977721312,0.159807584018464,0.214056361682771
0.0862980945584406,0.175947696981315,0.138723350679934,0.151783792729535
0.201709957728704,0.199818300619746,0.151297643051903,0.121980644387379
0.131016365558886,0.0994649224185142,0.117588272723887,0.0851825832688872
0.168158234337984,0.0985677078588888,0.167300168755898,0.0876652445362289
0.178063305153448,0.175678868875732,0.166595970598182,0.154870170182454
0.185019054649787,0.154969005736538,0.260993085380997,0.172224415026892
0.257751505819995,0.205859280079402,0.124423837275863,0.137236679977604
0.223087962556414,0.187549344601936,0.192918543398368,0.206782040592278
0.156221897616619,0.213665909438433,0.110734958227805,0.158578379666049
0.191759996212491,0.189240931545636,0.0974146580459697,0.204050832306977
0.166782553694874,0.27665719887826,0.105758390556936,0.222207188751165
0.184688489420219,0.181488162445636,0.0854743969561699,0.119195377398573
0.160677700416169,0.109657304005805,0.131152623382593,0.130152776727955
0.173729929153272,0.196691507435708,0.14251461329312,0.0610314626511591
0.216237675300038,0.176852583575273,0.211058712399675,0.190992944630007
0.226861939842792,0.192720579438176,0.16248199890989,0.231936679562609
0.150851338694272,0.199649261253434,0.159392063371362,0.117436602886733
0.178059440714494,0.17027228623271,0.0473948672966196,0.15334971305857
0.143157831403941,0.0761262051679757,0.117159751915572,0.121690615866382
0.161452016424205,0.151624836292975,0.111973372127617,0.127144713006567
0.229053718540553,0.187430199955763,0.136163401648828,0.140400901970281
0.198523222094899,0.179255400915862,0.160619368116507,0.17954503282948
0.17099098873017,0.121795505475701,0.150349396539171,0.14201000440659
0.205558738494395,0.166745448898671,0.150363425860395,0.125489880824467
0.192267172079227,0.134320643087057,0.150945550967409,0.123086010416796
0.220678040861136,0.168642248069562,0.105076077169004,0.145315877929262
0.225140389279148,0.223655847795618,0.202138232449267,0.203029779010743
0.222040047154605,0.131160523959225,0.164479790665737,0.191783882607933
0.230233081494823,0.23406316916378,0.175928150208298,0.200042452842783
0.288546720583158,0.227880983674633,0.159385323674774,0.189779312823222
0.185987367442058,0.197322764070911,0.159207072528959,0.156895895906773
0.240684832604478,0.185660512265955,0.129995506385503,0.15716342328979
0.229450658904273,0.0949359761115571,0.141970283565251,0.13841138394937
0.194022240258423,0.15239979482105,0.143637201383282,0.251306442157831
0.186403080581478,0.184946414712572,0.136707190930555,0.145193842486939
0.190540835946708,0.133096949442637,0.135484374234219,0.160820560869781
0.179080233971174,0.146625253461403,0.130590663925919,0.15882521912248
0.152711603194973,0.213571736280289,0.125909895417093,0.160563251483525
0.204121234213094,0.0972511890089361,0.121016583935716,0.124126815198254
0.110656440601009,0.157903854552127,0.0877506379806784,0.103280717690462
0.252128065940688,0.240858505262113,0.155538203891954,0.163806866257948
0.108545833921972,0.151922559667754,0.148834919722698,0.0952386321091531
0.160565733358283,0.160570352319023,0.168111505424132,0.163682762418389
0.148819502291468,0.144853447072507,0.187199642769323,0.116980577399877
0.216081951271029,0.187678928231499,0.210538623371035,0.287732550455816
0.209165615412405,0.10199073904576,0.113245964519407,0.111379920420985
0.192894671153298,0.231199287086376,0.0676709698974853,0.117582340920913
0.105377963545965,0.110537399122111,0.1156546595405,0.112334956543552
0.132700144727735,0.0851287807263527,0.0962082870138061,0.0911671404537558
0.271006154522143,0.155639136710843,0.223603732168289,0.153234753497563
0.16987419223156,0.246618854669028,0.151675249440113,0.149666847296443
0.140531686855616,0.109296576967878,0.0778359865466634,0.147002175201438
0.184007951540439,0.177937436382242,0.196299733171301,0.235330711702616
0.133726631923846,0.207427127081467,0.153813832686145,0.147183662463618
0.237499645282706,0.115885355813134,0.166096710684515,0.166010374444619
0.13052369829538,0.201020375295996,0.191808636455272,0.139860820413557
0.189207693098714,0.162858430523587,0.173380614233281,0.179774912070327
0.161917995678716,0.185723518427263,0.134418118189746,0.147045852549114
0.201210931399684,0.256583917808194,0.167179353578713,0.160241763888799
0.0972664476774117,0.102107091440838,0.0914046522731905,0.0952370134460152
0.224901846219898,0.12907031358226,0.114030847785114,0.142485654988082
0.152996260929537,0.150310025932359,0.11191380091468,0.122174328384334
0.192200259114174,0.133202296308571,0.220710757024682,0.18357192096014
0.171173045510892,0.171317016021922,0.149356037041594,0.110306018450227
0.267168638928183,0.220063986516726,0.174431337934746,0.159659499084274
0.183608345599058,0.142797468303567,0.123458753391139,0.113399770957113
0.133967896438668,0.172623568021939,0.131919752690992,0.170351698218535
0.153144115893821,0.0560180474544457,0.136771697844604,0.105262430098769
0.218599549246052,0.157281726507259,0.128579623904202,0.146041422150346
0.258393292611676,0.200144311038268,0.162126068797114,0.184777665388659
0.249916512585346,0.244279576248516,0.141449449120513,0.17065008307011
0.171705622781544,0.0798379424983581,0.0930668077461141,0.0650209785315179
0.100318414247243,0.0676953655422775,0.123103835635409,0.086069377623777
0.153206253745796,0.080416138704979,0.062406512828969,0.16171956504313
0.140619889179709,0.139024079021988,0.14846932140131,0.130308111502293
0.201238790264799,0.0748323875326061,0.117505824507742,0.115888125494284
0.198598378357903,0.170444677942806,0.107475772170983,0.181033459248912
0.250767863661525,0.161637713635216,0.158349081677847,0.217640434089871
0.225816755563064,0.110127294706872,0.168791422843006,0.144639045716599
0.16557354438806,0.0781394793966172,0.132639481013079,0.12355382041999
0.17646577886685,0.155199149021665,0.117636203558412,0.175562796845708
0.214004053923451,0.163212407618063,0.127019664904956,0.243055464533004
0.127970214914269,0.171711235503622,0.0845804336647203,0.125742542820874
0.289828659801644,0.182381849073446,0.122160777500342,0.106080534526423
0.231314829672547,0.219249091075413,0.149301236789326,0.174217043737835
0.2141553721326,0.195816706210593,0.100955000490693,0.185132683165278
0.223729488353638,0.11851464510755,0.133871239720912,0.129659904901832
0.196927845094643,0.11260180781553,0.13600763044087,0.128842244564698
0.152363646658547,0.0798332504063776,0.127481142234795,0.129521537869162
0.180054736754999,0.149563574131119,0.0852703480125749,0.133189925407134
0.219437520834852,0.162804170837762,0.139716633147703,0.143833124208227
0.182032761031076,0.200287635081423,0.180582733859876,0.149675572740407
0.183424162610673,0.115707980523113,0.135052864378607,0.185532091550149
0.19101772909419,0.132063536133117,0.106531614644838,0.151625400498937
0.159125597457413,0.229146134227327,0.136928397545211,0.154003133094272
0.165298463555514,0.186455358279933,0.113721038346807,0.161421159591361
0.131509316096852,0.223406289940773,0.149740523737202,0.180079656313503
0.162098449678277,0.148853226523301,0.173086210055374,0.105344057398633
0.119289613488708,0.160467377596221,0.10876112049853,0.118804275757031
0.0879377895779366,0.155211080310506,0.120581439751158,0.103889376425048
0.233997550766958,0.129734222700876,0.1470848329204,0.124665365289201
0.157691525950317,0.171624670032037,0.15182168924686,0.104615309018847
0.172878001414843,0.154372442684084,0.126060014220532,0.2077661706649
0.134830869504266,0.150379049132524,0.149511859290932,0.133130170803631
0.246823838017909,0.226420847080514,0.256444374833194,0.20595160491627
0.180247428755879,0.204483737726346,0.247811067428615,0.214003791676813
0.128421642815389,0.19098833570652,0.144002537213428,0.173628784337284
0.185266813756751,0.212707205749965,0.115362983754755,0.237872717542392
0.138043296430403,0.0380579555200232,0.179073784834619,0.0559494416639842
0.113760295458056,0.238118650348566,0.143536890944868,0.0486000275697174
0.154673664419136,0.231975978347055,0.173963278796341,0.203068864136753
0.180337468197538,0.15380576886671,0.118022125075091,0.117985905905531
0.177179640164255,0.177669697515518,0.136282483068522,0.148349555738878
0.154982777953126,0.169153227210563,0.189557279467631,0.120408053156525
0.173629211548554,0.144619512032041,0.115514871828538,0.110395694577977
0.209885693049172,0.162367641509574,0.145960969269396,0.161650306986513
0.172227020662047,0.178936322714649,0.22709674031252,0.120061767672916
0.247428175885839,0.197978929636342,0.100182580420029,0.24362746813027
0.169317940679052,0.138866174597855,0.121737120602518,0.156358844786346
0.217990312295261,0.200778325892181,0.145702211008139,0.182536739809948
0.217204192223365,0.166867387614066,0.1517553257836,0.216485690828764
0.20538522824109,0.200197605057353,0.0741789277965154,0.137365914375492
0.168434888131548,0.101387656474747,0.130952590491181,0.144626020114832
0.121570461402071,0.120715041002172,0.0495159012627137,0.116579803592182
0.183905127131557,0.153925629754988,0.122044032057605,0.136963335575982
0.155862588125263,0.129294413879705,0.124281794028436,0.135212237145329
0.145788218223113,0.117292707444317,0.169498583748709,0.137889363314125
0.18804293769761,0.119882160401037,0.115487596034494,0.0992445895670553
0.11091523732111,0.120803787735734,0.0479631318588309,0.131685650734657
0.192142678372028,0.116359301418098,0.131897830126504,0.11216442682345
0.202271706252697,0.215857377021363,0.169874339931263,0.199233855404111
0.19240620654775,0.164147247632218,0.133987683961726,0.168923075224081
0.16787257245959,0.162811525213348,0.100437980457819,0.1557246127334
0.17563770160337,0.322179763327399,0.16923744872445,0.127239451960148
0.177024268856964,0.249186598459242,0.227897109518502,0.189142124372214
0.122732442890401,0.102949556952131,0.112121051062376,0.0984914243066708
0.235255231190982,0.241331444217387,0.145052092089133,0.171416058741911
0.267650291622393,0.154763046173483,0.126681950347234,0.123818612221119
0.111883501981851,0.166701863910635,0.191801574844242,0.128339552362296
0.238821576831019,0.148582955508797,0.175135812587951,0.132763291203719
0.146111267593898,0.209493556187913,0.13000756482555,0.134255410949666
0.127446859867862,0.174928874011879,0.119295699465122,0.172871707619051
0.115331990861381,0.182730062115071,0.0668330526528297,0.126154173192623
0.180203796695515,0.164873276190746,0.208279510370771,0.123177319257768
0.209594509433023,0.189277772315749,0.179637610843319,0.136230162229092
0.207342161375448,0.174991984758947,0.192677548320582,0.139071030512126
0.230474733713219,0.210683078820059,0.090756365558572,0.183805142693926
0.157085844244105,0.150249249730889,0.137284750415969,0.137916759612421
0.11423362461815,0.127851345560589,0.101057587447837,0.116531941146582
0.111413862464847,0.100606770726353,0.147678002769328,0.0476811799227504
0.167862315564652,0.192271551980075,0.11945944546588,0.167339478439501
0.108196155372562,0.161863930810369,0.116700268426543,0.224158671623894
0.146375335603943,0.15764776594463,0.154403635509003,0.152085443499924
0.121153197054014,0.112454931547237,0.139763350231225,0.121854926270398
0.16223285857055,0.0637170489043938,0.127647483453,0.180526284770283
0.136427330434192,0.136578430471177,0.149508944814496,0.110777685045868
0.201992619388479,0.302903364602772,0.16699076894478,0.164438109180184
0.173928296522613,0.136374526695829,0.118850591542128,0.0565527357119305
0.147349257278435,0.179705533840909,0.0871284128428683,0.133912866425883
0.244368635009259,0.231424952430894,0.144538134528238,0.186255009013034
0.251407879342462,0.150166043736939,0.132631718861228,0.0775895921921351
0.216700937918954,0.216232545449977,0.191350575786992,0.28394054483157
0.171063903973319,0.115816448169764,0.133161860980441,0.110146052393064
0.24285605533067,0.219226847018379,0.143971300243661,0.12154089292761
0.234063989578391,0.11813917783436,0.137177081905358,0.176791431704753
0.195069856208459,0.177166718145572,0.142891305389698,0.160223438913235
0.193066693551525,0.12239220604954,0.0990806243127393,0.11319664985449
0.111091530831145,0.114241016776868,0.101578024321615,0.0676883451082988
0.119814832100519,0.117446978640607,0.0832010455266255,0.118786873759644
0.184820024557046,0.199271902260111,0.137605535285266,0.143392792077489
0.178735350771498,0.170462142887182,0.133335268594952,0.190482401820247
0.214849387758634,0.222116679297423,0.19024132921273,0.191606704980406
0.157189643535874,0.162140837453147,0.156474089637682,0.169869552861771
0.160876727827064,0.129786373319109,0.163560170649357,0.168696331933779
0.178836499577928,0.147201187595283,0.107089732954756,0.174703301260932
0.186416975501639,0.186815657830921,0.0685728375115335,0.0544299844665773
0.1855778669509,0.175182615305412,0.133647543798812,0.124967386764326
0.128664052959125,0.191053047807643,0.189891174883368,0.178032056853506
0.210741928590581,0.164838488017937,0.0995105172888082,0.130665602832903
0.169696908691516,0.131276384331776,0.127904262412175,0.110826538111905
0.240274499542017,0.191755294906722,0.11215898817471,0.155949899760167
0.248100630627473,0.175195302517823,0.134598907943446,0.116050959261534
0.182513000842883,0.089391073590961,0.135839063321217,0.130838449056396
0.218642978493476,0.19727691909512,0.138120421143131,0.207507052681364
0.235085768419845,0.154452348157618,0.155421719480027,0.187109275202418
0.191465963972725,0.129976109282387,0.107039453331622,0.115126329341562
0.110087687183992,0.107342542365225,0.108013303762056,0.136271760379119
0.287842554422904,0.272079038060737,0.1261173888903,0.185661304021479
0.171936761582637,0.113165822207705,0.194292689161215,0.100176737395776
0.196201760250847,0.130434286113974,0.175712903842873,0.137260317471934
0.177912295667113,0.151067206468518,0.0726825292146049,0.165562862601932
0.140287103565898,0.20033066200607,0.103452871897289,0.130498163082187
0.0988900303825522,0.201124537560599,0.150213022404267,0.181384216019385
0.256338635211693,0.185339441375738,0.143227988373284,0.196452754245869
0.192904682808412,0.153261710507526,0.135420524339523,0.11718543619737
0.148838735754696,0.225891091936467,0.124757116450909,0.165137475995173
0.23728112106846,0.140738839062597,0.152847775955266,0.196541636363087
0.201069625055172,0.164417531896363,0.114076918149656,0.144625243481716
0.152887858271569,0.161156965760545,0.101525932546964,0.118039628997949
0.191381881581169,0.141998478526668,0.201150784269919,0.17038738707553
0.136203932227537,0.135988315159946,0.123308199408987,0.114062584467352
0.213897074785825,0.0746699572226118,0.115849033343579,0.120048367545807
0.172638656228678,0.0966627912409859,0.118940119930004,0.116210137003729
0.225082343740795,0.121718764594672,0.139787489354126,0.119081604227313
0.27207570886286,0.220482444866929,0.222012669693158,0.19776071381771
0.203147117568115,0.164895516178939,0.0859971184178137,0.212054554151955
0.202823735233268,0.143882175742771,0.145955226752442,0.150439909877604
0.141657713675548,0.112537164781416,0.153975688841811,0.174944133632676
0.206695010419713,0.144985300967842,0.118525621617838,0.158085643400532
0.184609077975284,0.16253220083143,0.139388460030795,0.10493762837775
0.214789500405449,0.192778426997383,0.175449331130224,0.121741499261262
0.263307357638097,0.268585603997942,0.141483703891058,0.171213174641914
0.143313774942147,0.110976868466987,0.178991038360963,0.156875886070621
0.182327364451221,0.164492543615245,0.131903504311362,0.13359678137343
0.18334713601636,0.12581773955624,0.125262117022501,0.145980702670193
0.165604803984582,0.169180215301048,0.113206573633758,0.0791695879559819
0.172384736685293,0.166068984937166,0.105676313555298,0.110226756430428
0.131572413099454,0.129300949894686,0.106965793027162,0.185880618757363
0.0980932003571056,0.180149932348822,0.136256625367924,0.11996325687525
0.155173356271376,0.107666927903232,0.142935378626028,0.121328027431099
0.216250951571921,0.208457770586006,0.131061567314693,0.178732223235174
0.175452749416541,0.195452894406576,0.115761424089153,0.151444418475845
0.194088803445737,0.179615329072641,0.152380799303749,0.114440954179269
0.176641795376455,0.125082439628525,0.105236426483422,0.114382068971646
0.154548111704703,0.143037840446568,0.118813147512426,0.182129027645582
0.312197294981914,0.20388835265743,0.153238393538957,0.208258195461371
0.196713315370416,0.164429786877676,0.186741403839506,0.145445237813578
0.212802179213929,0.183254636495552,0.117524682690887,0.113304896715501
0.239258239097821,0.179370847949512,0.11390435481458,0.236480592975423
0.210496417288771,0.190366295411152,0.256896429445872,0.173421954810789
0.21512847112557,0.117222543869284,0.153099089777553,0.122275244196202
0.147909847664798,0.167643609073698,0.131678230316311,0.230630690001568
0.15707561867549,0.136218603278186,0.124129656394307,0.122255492908764
0.225201982489477,0.161286039283117,0.127706155038783,0.170051338505733
0.201547841967612,0.182828104347315,0.152221564373446,0.2068863869765
0.199228736671632,0.171886019123275,0.148891890790919,0.152366876722615
0.186035168917012,0.120177414990463,0.101833336172223,0.162214570317368
0.105032607997083,0.2038203681316,0.118699086347182,0.119635979958034
0.221595910985421,0.16758535628553,0.130148722220725,0.12269441087082
0.224540122953709,0.209248213845777,0.108123142751027,0.143433189906846
0.240304777247784,0.114284986061366,0.119368218631972,0.202946432703587
0.191241342455646,0.174822802238061,0.100737424553489,0.201382767264244
0.124536746249789,0.11051819608246,0.12487070734279,0.131606472611494
0.114025905919329,0.223419811759668,0.188902615989333,0.161321851604659
0.177651828254162,0.194110129998481,0.16657560630041,0.238688305891976
0.138081615918383,0.148565311964751,0.231561315327519,0.175878574904325
0.15239540003921,0.0967697730232508,0.123383685310663,0.146372575297432
0.269306543726334,0.203771827544063,0.327461616853324,0.307152309263042
0.0819469374595208,0.138536258093401,0.0945154192645928,0.106314689616752
0.113005028532544,0.0887997752264951,0.124719111263087,0.113798925648193
0.151894666455441,0.173888498839522,0.129808441204964,0.126539177039705
0.223223746274625,0.174155366582082,0.187344509544795,0.09366656929721
0.107950697072688,0.135977547031791,0.100484860473053,0.119820713614492
0.181177672941872,0.111577823067803,0.120039147407577,0.126764138688717
0.181905048508013,0.151225372491611,0.149609808682014,0.0899196798257395
0.241663861141288,0.248263662075849,0.220119896800003,0.16637593375392
0.230569284266272,0.204777494974497,0.202749879290207,0.175064029436476
0.176711550050015,0.133550627693161,0.116955002145763,0.144102369475308
0.193118206994363,0.146021003191279,0.121919222961809,0.161001635421913
0.118615498936299,0.189767054780796,0.0895991644229884,0.135381428140301
0.148075614126903,0.0337959176585333,0.131221363278302,0.121979006868466
0.266974688778638,0.171891052157444,0.106255119034954,0.141874855756819
0.119320547888974,0.120784836153489,0.141789391136186,0.158822426627589
0.204081502037871,0.128435683838091,0.159450184362093,0.177520213066187
0.127484723231805,0.148055066081661,0.140754140485831,0.12820235805682
0.199599236951138,0.145126380616913,0.166831792389186,0.190511906381387
0.14116696074779,0.0714103298894568,0.0989729809563488,0.0958507246986867
0.17480133444094,0.0784238365560494,0.111589717623597,0.132098527550999
0.113399297025999,0.114967231080247,0.092284306565482,0.189312002586655
0.185564929791658,0.197786645480317,0.148625755226184,0.157921456503248
0.0839926260105087,0.177478217931315,0.110341983280693,0.112962972257553
0.125638800755605,0.138556825296614,0.117423973785517,0.0969483153497728
0.219837717933178,0.137880464761921,0.156150932848515,0.203628930024648
0.243207247305438,0.198386565199076,0.210670511907051,0.287809216113422
0.137609433974383,0.13056767165515,0.120893227922969,0.121273307509329
0.136839708794706,0.0898716886310406,0.126986389328939,0.124999519011848
0.220913144051561,0.126055315888434,0.19672006062016,0.152620672762122
0.229603689994631,0.185215514518636,0.131210075339358,0.120934226518011
0.276605747848613,0.249898575906122,0.323583853104741,0.272059669247087
0.213090508057653,0.211281054229805,0.145473405738215,0.225785890747994
0.289349217409961,0.196092052353663,0.190624175068072,0.264999443035647
0.193292474936893,0.120544702088762,0.180851113552038,0.136983325252979
0.187339778146232,0.108229422021989,0.121431955087574,0.157943489596211
0.293371044598119,0.184867031667465,0.143919622441251,0.227482380450974
0.178901507924081,0.166893890726897,0.135890231768816,0.182446055755879
0.173342331822718,0.216667113966051,0.0960784732599569,0.133396128381045
0.192864135118334,0.154022785984748,0.180741887982421,0.214922915941264
0.260557618616026,0.22026155319681,0.153605581187625,0.127384216581071
0.146294849428272,0.0870434348433629,0.108484797069911,0.0793954918240837
0.203788568255416,0.226155245409466,0.187171087040176,0.170998507153347
0.172660842853858,0.213015119212134,0.151187125073581,0.214291838784943
0.153622745123736,0.159824781313848,0.117914489395436,0.12127137748646
0.154385484185289,0.115842028929772,0.135750283865428,0.159645142721878
0.232951115035525,0.158636962712702,0.116904097141407,0.125672141131874
0.223025237268929,0.19377034963365,0.134775650209594,0.161391541222748
0.189198528051779,0.154385901686171,0.123598574291328,0.117612349984804
0.175795320589201,0.125697697937998,0.179484194537815,0.136233331112438
0.208201446143261,0.199590879005804,0.240114085492635,0.169220103591617
0.251128989429156,0.199118593117432,0.108568152678175,0.145449055397919
0.170138335364736,0.100302395906174,0.1351914734006,0.124251114800419
0.20038532857027,0.177309459104456,0.154165775217019,0.15056063302413
0.0912706211430792,0.216677054360837,0.119112343752325,0.0677292807408018
0.186498499301411,0.155320795584455,0.116852925614335,0.150686766851408
0.177470299706543,0.137773213916567,0.12050463616302,0.132453731120911
0.148095988938476,0.124745904598657,0.128741386028755,0.118436806322918
0.197138147387471,0.201477269545663,0.151977696437423,0.177868366891899
0.20071677839904,0.160999207683984,0.161124395407099,0.151972680241897
0.14515579779124,0.193443235816048,0.148206246265037,0.122248111243614
0.199857233942356,0.208797302614406,0.138509969767419,0.110725875718685
0.284385948432849,0.279315089351464,0.186546203724732,0.253374312626487
0.22693341995435,0.195855273475709,0.121060068474124,0.15552338982377
0.235583759917778,0.173502597862502,0.176058196997618,0.154959577568702
0.155883154287623,0.132232883407915,0.16211406400577,0.0781812374364456
0.242357282864193,0.180818006175329,0.137323881859438,0.157730066972421
0.149158716607644,0.15737423722519,0.172146531309143,0.132617983836997
0.164419509197504,0.107878714675772,0.0632475314636909,0.228396938483452
0.123818008925828,0.12856613816423,0.115108272950807,0.123097563586194
0.156169831980707,0.0798735855264616,0.166436857397002,0.0939951169938678
0.207827257560538,0.177534934531301,0.111817052081015,0.11743069131264
0.180731629949913,0.133543715607456,0.136067591552972,0.0810149535754528
0.189784542123134,0.201904735742796,0.238518036881687,0.17293080268667
0.219104529083441,0.133701886459164,0.191928391069537,0.138134130209073
0.159978498558052,0.217737257357737,0.170391183132735,0.153572056611608
0.138762069332508,0.152169855413817,0.146971187376012,0.158873623311676
0.172968738623459,0.164853989924367,0.116289739751217,0.119455119945097
0.156755399893104,0.155333409936191,0.113809418679181,0.131749838144589
0.152332834978313,0.12083820016924,0.106692427846575,0.149970718706998
0.192913389133554,0.207791836340482,0.187535051929998,0.223779918180481
0.107785258659889,0.150373843561452,0.118630450551053,0.0561134268267317
0.20587907809175,0.149716182256081,0.121606428399419,0.110935778634775
0.176953268381936,0.21795993922125,0.18506024280019,0.188543467089134
0.226530653125724,0.245098964343013,0.142836073421443,0.29073382682368
0.134378444770901,0.163224098299908,0.111761711349304,0.0962271006158907
0.265378290797046,0.323111425373166,0.167493087665475,0.217952802599629
0.148754075606466,0.0905790794263543,0.112281846840612,0.142342232640261
0.180089799943962,0.108018159636698,0.0647665708422478,0.175595821690125
0.15528946916342,0.118836768200166,0.149769037801459,0.127626630097899
0.192631476674396,0.187747632026001,0.144371434135854,0.152970670021337
0.157105913798521,0.163246111825802,0.0713306750087896,0.126195641970216
0.161726760774815,0.097990618261301,0.168232543486893,0.207643240847702
0.214290310182956,0.0669861163058123,0.0838175094016436,0.133972270428347
0.150948426675609,0.164953136771815,0.179959515466645,0.18613798790781
0.166663419337577,0.175739615023153,0.128569141604821,0.14976490561826
0.195563304060617,0.125763696407777,0.140311148605109,0.131908532991149
0.25064843524666,0.254825574238622,0.200393622835068,0.191004913784028
0.151234399122402,0.220791343941029,0.124463477264367,0.167572660262742
0.178599204093254,0.171799157432346,0.141131437404775,0.169439902305123
0.196858066501232,0.217031656009081,0.121006371374297,0.125910399762108
0.167448083533351,0.154748987945345,0.174947825125715,0.136484279481932
0.21328942197761,0.126242741166706,0.132308276828589,0.196496756889821
0.222495313934513,0.140825263310228,0.111840870223989,0.131180508327562
0.122611834515834,0.100051613186063,0.128837772705609,0.152756583746531
0.11903840099331,0.089901927431002,0.115003834625271,0.102194883828503
0.221703242385586,0.193397838017313,0.132448743438632,0.171457587085463
0.201157981188904,0.32374402962433,0.113713801300472,0.165464630541874
0.180016994170011,0.170125855512901,0.119981041191504,0.131360718013127
0.226201553010564,0.168216681281984,0.155117805941752,0.164898689302437
0.184293441879462,0.083819715061393,0.127416604171006,0.144633705398489
0.137901001804788,0.100166468021321,0.0987873981337868,0.105110425714484
0.253841235564982,0.127216791297575,0.175671932027253,0.109362229012269
0.229192727262804,0.133024182559927,0.128927234210253,0.115187695681793
0.217874034249886,0.270930130328534,0.166976789941691,0.154602959953639
0.243435269919569,0.14724868088336,0.187790177407495,0.146443893225461
0.206498667063521,0.186331606619368,0.201892698362037,0.119241432693724
0.249923319135397,0.197049139986491,0.0699694588779785,0.174961892961136
0.153491453517618,0.120989188280864,0.112693177998632,0.0927384511174964
0.17693976380027,0.163199195275984,0.19980075861281,0.140052574076789
0.13696979342706,0.121140652581088,0.131662896658642,0.144186278546545
0.232855021587039,0.181178408554969,0.10732586017488,0.177508869383413
0.210043528645819,0.105470744245578,0.126115525289003,0.137018311740204
0.0826158207245375,0.10148599840911,0.118996749019228,0.0629532342244727
0.170062841958854,0.172455797327426,0.135327245359167,0.174234470410315
0.292875158536054,0.192361781933001,0.126104920108134,0.235490831783336
0.135786167921484,0.102119923252792,0.110175182741792,0.126064578499521
0.153140266753148,0.200348291631732,0.184112125082148,0.11962804341678
0.227474022146358,0.196100544787959,0.236646270454579,0.0833249067081942
0.154752348306756,0.136916246245685,0.147624522738884,0.135869712070714
0.217246981184225,0.17074385504361,0.119716619501973,0.187883476684644
0.143211741863247,0.196763751913017,0.147602766330655,0.19201146937684
0.160995222756737,0.176967013875117,0.106766604999021,0.154966638558248
0.119869506954622,0.149767491611143,0.137122833504716,0.148009632430923
0.203934950049066,0.179397901769809,0.132683945542598,0.13771499073585
0.24735237375296,0.130120446712104,0.112246292919742,0.192827818484629
0.228464094905144,0.189888467399641,0.116057968662455,0.129801798136401
0.165995158917063,0.148618348272937,0.0923135325803171,0.135438602674217
0.190817973173176,0.170740822451179,0.0786363298170504,0.150330230156894
0.195048786831494,0.137536066443928,0.178808519445289,0.126885758521814
0.199670903422242,0.197655120163022,0.248301505253705,0.194336037334135
0.200353582246552,0.136202990558992,0.196371385654904,0.115708973892961
0.16320518441847,0.1337266354156,0.12098214248235,0.119887820772023
0.0981131543452484,0.10236957090832,0.0798968829199466,0.242698333896913
0.252620206081974,0.296721012830325,0.162016697137646,0.199743384552294
0.210212446590096,0.200008622897327,0.171168844721698,0.0961946336189604
0.224547154843959,0.22672566351597,0.134106663247802,0.1858348733213
0.210212583512579,0.136327641728313,0.0917343239020166,0.129332367279797
0.197900580369433,0.13038813342126,0.143593312486003,0.203313533088337
0.107138088306551,0.145173418593549,0.132210528114095,0.135060898113895
0.172532491442482,0.147204077153013,0.14817965121184,0.119704391854264
0.0929709196918889,0.0890187228086386,0.109699096457943,0.116040833000461
0.184068684070369,0.135267927995901,0.127739341848541,0.110218735915114
0.115234581696888,0.131996835318629,0.0495606143819878,0.0804100442705486
0.222819154109293,0.111266992705237,0.17595218230214,0.0855473744361648
0.180877855123814,0.136238643869154,0.126334929150412,0.181876778848009
0.160950752504125,0.184191757611461,0.108441685117718,0.112969714092796
0.239809750487994,0.179165384585151,0.199437429731586,0.143491262738316
0.238224251573503,0.208520716081275,0.227882857807264,0.17707114742912
0.211618964407192,0.138397316178615,0.136857535648002,0.142489820254967
0.167506966047331,0.16271802662268,0.185363041962516,0.0879448392105919
0.195960346691366,0.128134665412256,0.120062563618586,0.168817775700945
0.120820521624903,0.119917154430302,0.170125920082082,0.151737765312577
0.239536540303111,0.153030713587241,0.270232434011576,0.17445584365285
0.200237085052549,0.178450428054511,0.190362890396476,0.217131485428173
0.167628692669382,0.161182632635594,0.146897162715315,0.0878101414944824
0.124429631356511,0.13235611728196,0.0958036688476269,0.141231073482183
0.143456985495306,0.112074548119992,0.141843192239301,0.106589605141152
0.221831697830936,0.182927555309037,0.175793983133502,0.214375611662505
0.163052985937975,0.160323667131828,0.100881679480355,0.1247446847751
0.186550676007542,0.166332766077862,0.0603076350722949,0.176447301303733
0.227061895156557,0.204106392456055,0.156170867768674,0.213256860226882
0.189151991925705,0.211607367466291,0.089989088964654,0.0745106542854158
0.254942135835987,0.14129603290573,0.15080435808401,0.181334048371676
0.161647766047965,0.168768963202449,0.180602584861933,0.111338366233644
0.246712590379316,0.158397080238018,0.198492896943926,0.153613947375159
0.16107768096641,0.150138025911971,0.130281384537549,0.109680689042236
0.185145754920993,0.161106686083068,0.141384437948688,0.174988198311934
0.121540529442567,0.145532691460639,0.169759850067714,0.0897508061455645
0.189410602122317,0.125352902847022,0.116040148951548,0.124170369396177
